query_id,sql
1,"SELECT COUNT(*)
FROM employees e
JOIN departments d ON e.dept_id = d.dept_id
WHERE d.city = 'Seattle' AND e.salary BETWEEN 100321 AND 116318;"
2,"SELECT COUNT(*)
FROM employees e
JOIN departments d ON e.dept_id = d.dept_id
WHERE d.city = 'Austin' AND e.salary BETWEEN 192506 AND 199983;"
3,SELECT COUNT(*) FROM projects WHERE budget_tier = 1;
4,"SELECT COUNT(*)
FROM employees e
JOIN departments d ON e.dept_id = d.dept_id
WHERE d.city = 'Seattle' AND e.salary BETWEEN 157087 AND 173084;"
5,"SELECT COUNT(*)
FROM employees e
JOIN departments d ON e.dept_id = d.dept_id
WHERE d.city = 'Seattle' AND e.salary BETWEEN 136581 AND 152579;"
6,SELECT COUNT(*) FROM employees WHERE dept_id = 1;
7,"SELECT COUNT(*)
FROM employees e
JOIN departments d ON e.dept_id = d.dept_id
WHERE d.city = 'Bangalore' AND e.salary BETWEEN 65330 AND 81328;"
8,SELECT COUNT(*) FROM projects WHERE budget_tier = 1;
9,"SELECT COUNT(*)
FROM employees e
JOIN departments d ON e.dept_id = d.dept_id
WHERE d.city = 'Seattle' AND e.salary BETWEEN 65329 AND 81326;"
10,"SELECT COUNT(*)
FROM employees e
JOIN departments d ON e.dept_id = d.dept_id
WHERE d.city = 'Austin' AND e.salary BETWEEN 49530 AND 65528;"
11,"SELECT COUNT(*)
FROM employees e
JOIN departments d ON e.dept_id = d.dept_id
WHERE d.city = 'Berlin' AND e.salary BETWEEN 179043 AND 195041;"
12,SELECT COUNT(*) FROM employees WHERE salary BETWEEN 137022 AND 153020;
13,SELECT COUNT(*) FROM departments WHERE city = 'Seattle';
14,SELECT COUNT(*) FROM departments WHERE city = 'Berlin';
15,"SELECT COUNT(*)
FROM employees e
JOIN departments d ON e.dept_id = d.dept_id
WHERE d.city = 'Bangalore' AND e.salary BETWEEN 153605 AND 169602;"
16,"SELECT COUNT(*)
FROM employees e
JOIN departments d ON e.dept_id = d.dept_id
WHERE d.city = 'Bangalore' AND e.salary BETWEEN 43465 AND 59463;"
17,SELECT COUNT(*) FROM departments WHERE city = 'Berlin';
18,"SELECT COUNT(*)
FROM employees e
JOIN departments d ON e.dept_id = d.dept_id
WHERE d.city = 'Seattle' AND e.salary BETWEEN 195278 AND 199983;"
19,SELECT COUNT(*) FROM employees WHERE salary BETWEEN 173556 AND 189553;
20,"SELECT COUNT(*)
FROM employees e
JOIN departments d ON e.dept_id = d.dept_id
JOIN projects p ON p.emp_id = e.emp_id
WHERE d.city = 'Austin' AND p.budget_tier = 1 AND e.salary BETWEEN 74651 AND 90649;"
21,SELECT COUNT(*) FROM departments WHERE city = 'Berlin';
22,SELECT COUNT(*) FROM departments WHERE city = 'Austin';
23,"SELECT COUNT(*)
FROM employees e
JOIN departments d ON e.dept_id = d.dept_id
WHERE d.city = 'Seattle' AND e.salary BETWEEN 69709 AND 85707;"
24,"SELECT COUNT(*)
FROM employees e
JOIN departments d ON e.dept_id = d.dept_id
WHERE d.city = 'Austin' AND e.salary BETWEEN 69917 AND 85915;"
25,"SELECT COUNT(*)
FROM employees e
JOIN departments d ON e.dept_id = d.dept_id
WHERE d.city = 'Austin' AND e.salary BETWEEN 88992 AND 104990;"
26,SELECT COUNT(*) FROM departments WHERE city = 'Berlin';
27,"SELECT COUNT(*)
FROM employees e
JOIN departments d ON e.dept_id = d.dept_id
JOIN projects p ON p.emp_id = e.emp_id
WHERE d.city = 'Austin' AND p.budget_tier = 2 AND e.salary BETWEEN 124911 AND 140908;"
28,"SELECT COUNT(*)
FROM employees e
JOIN departments d ON e.dept_id = d.dept_id
WHERE d.city = 'Seattle' AND e.salary BETWEEN 109856 AND 125853;"
29,SELECT COUNT(*) FROM employees WHERE salary BETWEEN 87200 AND 103197;
30,SELECT COUNT(*) FROM employees WHERE dept_id = 3;
31,SELECT COUNT(*) FROM departments WHERE city = 'Bangalore';
32,"SELECT COUNT(*)
FROM employees e
JOIN departments d ON e.dept_id = d.dept_id
JOIN projects p ON p.emp_id = e.emp_id
WHERE d.city = 'Bangalore' AND p.budget_tier = 1 AND e.salary BETWEEN 138665 AND 154662;"
33,SELECT COUNT(*) FROM employees WHERE age BETWEEN 51 AND 56;
34,"SELECT COUNT(*)
FROM employees e
JOIN departments d ON e.dept_id = d.dept_id
WHERE d.city = 'Berlin' AND e.salary BETWEEN 48006 AND 64004;"
35,"SELECT COUNT(*)
FROM employees e
JOIN departments d ON e.dept_id = d.dept_id
WHERE d.city = 'Bangalore' AND e.salary BETWEEN 195904 AND 199983;"
36,"SELECT COUNT(*)
FROM employees e
JOIN departments d ON e.dept_id = d.dept_id
JOIN projects p ON p.emp_id = e.emp_id
WHERE d.city = 'Bangalore' AND p.budget_tier = 2 AND e.salary BETWEEN 77646 AND 93644;"
37,SELECT COUNT(*) FROM employees WHERE age BETWEEN 57 AND 62;
38,SELECT COUNT(*) FROM employees WHERE dept_id = 2;
39,"SELECT COUNT(*)
FROM employees e
JOIN departments d ON e.dept_id = d.dept_id
WHERE d.city = 'Bangalore' AND e.salary BETWEEN 139606 AND 155604;"
40,"SELECT COUNT(*)
FROM employees e
JOIN departments d ON e.dept_id = d.dept_id
WHERE d.city = 'Bangalore' AND e.salary BETWEEN 101646 AND 117643;"
41,SELECT COUNT(*) FROM departments WHERE city = 'Berlin';
42,"SELECT COUNT(*)
FROM employees e
JOIN departments d ON e.dept_id = d.dept_id
JOIN projects p ON p.emp_id = e.emp_id
WHERE d.city = 'Seattle' AND p.budget_tier = 2 AND e.salary BETWEEN 197342 AND 199983;"
43,"SELECT COUNT(*)
FROM employees e
JOIN departments d ON e.dept_id = d.dept_id
WHERE d.city = 'Berlin' AND e.salary BETWEEN 115552 AND 131550;"
44,"SELECT COUNT(*)
FROM employees e
JOIN departments d ON e.dept_id = d.dept_id
WHERE d.city = 'Berlin' AND e.salary BETWEEN 178181 AND 194179;"
45,SELECT COUNT(*) FROM departments WHERE city = 'Austin';
46,SELECT COUNT(*) FROM projects WHERE budget_tier = 2;
47,"SELECT COUNT(*)
FROM employees e
JOIN departments d ON e.dept_id = d.dept_id
JOIN projects p ON p.emp_id = e.emp_id
WHERE d.city = 'Austin' AND p.budget_tier = 2 AND e.salary BETWEEN 149378 AND 165376;"
48,"SELECT COUNT(*)
FROM employees e
JOIN departments d ON e.dept_id = d.dept_id
JOIN projects p ON p.emp_id = e.emp_id
WHERE d.city = 'Berlin' AND p.budget_tier = 2 AND e.salary BETWEEN 112454 AND 128451;"
49,"SELECT COUNT(*)
FROM employees e
JOIN departments d ON e.dept_id = d.dept_id
WHERE d.city = 'Austin' AND e.salary BETWEEN 42339 AND 58337;"
50,SELECT COUNT(*) FROM employees WHERE age BETWEEN 31 AND 36;
51,"SELECT COUNT(*)
FROM employees e
JOIN departments d ON e.dept_id = d.dept_id
JOIN projects p ON p.emp_id = e.emp_id
WHERE d.city = 'Seattle' AND p.budget_tier = 2 AND e.salary BETWEEN 194581 AND 199983;"
52,SELECT COUNT(*) FROM employees WHERE dept_id = 3;
53,"SELECT COUNT(*)
FROM employees e
JOIN departments d ON e.dept_id = d.dept_id
JOIN projects p ON p.emp_id = e.emp_id
WHERE d.city = 'Berlin' AND p.budget_tier = 2 AND e.salary BETWEEN 169630 AND 185628;"
54,SELECT COUNT(*) FROM projects WHERE budget_tier = 2;
55,SELECT COUNT(*) FROM departments WHERE city = 'Seattle';
56,"SELECT COUNT(*)
FROM employees e
JOIN departments d ON e.dept_id = d.dept_id
JOIN projects p ON p.emp_id = e.emp_id
WHERE d.city = 'Austin' AND p.budget_tier = 2 AND e.salary BETWEEN 89064 AND 105062;"
57,"SELECT COUNT(*)
FROM employees e
JOIN departments d ON e.dept_id = d.dept_id
WHERE d.city = 'Austin' AND e.salary BETWEEN 55835 AND 71833;"
58,SELECT COUNT(*) FROM projects WHERE budget_tier = 2;
59,"SELECT COUNT(*)
FROM employees e
JOIN departments d ON e.dept_id = d.dept_id
JOIN projects p ON p.emp_id = e.emp_id
WHERE d.city = 'Austin' AND p.budget_tier = 2 AND e.salary BETWEEN 149975 AND 165973;"
60,SELECT COUNT(*) FROM projects WHERE budget_tier = 2;
61,SELECT COUNT(*) FROM projects WHERE budget_tier = 1;
62,SELECT COUNT(*) FROM employees WHERE dept_id = 3;
63,SELECT COUNT(*) FROM projects WHERE budget_tier = 3;
64,"SELECT COUNT(*)
FROM employees e
JOIN departments d ON e.dept_id = d.dept_id
WHERE d.city = 'Seattle' AND e.salary BETWEEN 110945 AND 126942;"
65,SELECT COUNT(*) FROM projects WHERE budget_tier = 3;
66,SELECT COUNT(*) FROM employees WHERE salary BETWEEN 59477 AND 75475;
67,SELECT COUNT(*) FROM employees WHERE salary BETWEEN 120312 AND 136309;
68,"SELECT COUNT(*)
FROM employees e
JOIN departments d ON e.dept_id = d.dept_id
WHERE d.city = 'Austin' AND e.salary BETWEEN 45792 AND 61790;"
69,"SELECT COUNT(*)
FROM employees e
JOIN departments d ON e.dept_id = d.dept_id
WHERE d.city = 'Bangalore' AND e.salary BETWEEN 186081 AND 199983;"
70,SELECT COUNT(*) FROM departments WHERE city = 'Bangalore';
71,SELECT COUNT(*) FROM employees WHERE age BETWEEN 22 AND 27;
72,SELECT COUNT(*) FROM departments WHERE city = 'Bangalore';
73,SELECT COUNT(*) FROM projects WHERE budget_tier = 3;
74,"SELECT COUNT(*)
FROM employees e
JOIN departments d ON e.dept_id = d.dept_id
WHERE d.city = 'Seattle' AND e.salary BETWEEN 146603 AND 162600;"
75,SELECT COUNT(*) FROM projects WHERE budget_tier = 1;
76,"SELECT COUNT(*)
FROM employees e
JOIN departments d ON e.dept_id = d.dept_id
WHERE d.city = 'Seattle' AND e.salary BETWEEN 90332 AND 106330;"
77,SELECT COUNT(*) FROM employees WHERE age BETWEEN 40 AND 45;
78,SELECT COUNT(*) FROM departments WHERE city = 'Austin';
79,SELECT COUNT(*) FROM employees WHERE dept_id = 4;
80,"SELECT COUNT(*)
FROM employees e
JOIN departments d ON e.dept_id = d.dept_id
WHERE d.city = 'Seattle' AND e.salary BETWEEN 70231 AND 86229;"
81,SELECT COUNT(*) FROM projects WHERE budget_tier = 1;
82,"SELECT COUNT(*)
FROM employees e
JOIN departments d ON e.dept_id = d.dept_id
JOIN projects p ON p.emp_id = e.emp_id
WHERE d.city = 'Austin' AND p.budget_tier = 2 AND e.salary BETWEEN 195250 AND 199983;"
83,SELECT COUNT(*) FROM departments WHERE city = 'Austin';
84,"SELECT COUNT(*)
FROM employees e
JOIN departments d ON e.dept_id = d.dept_id
JOIN projects p ON p.emp_id = e.emp_id
WHERE d.city = 'Seattle' AND p.budget_tier = 1 AND e.salary BETWEEN 164503 AND 180501;"
85,SELECT COUNT(*) FROM departments WHERE city = 'Berlin';
86,"SELECT COUNT(*)
FROM employees e
JOIN departments d ON e.dept_id = d.dept_id
JOIN projects p ON p.emp_id = e.emp_id
WHERE d.city = 'Bangalore' AND p.budget_tier = 2 AND e.salary BETWEEN 190550 AND 199983;"
87,SELECT COUNT(*) FROM projects WHERE budget_tier = 2;
88,"SELECT COUNT(*)
FROM employees e
JOIN departments d ON e.dept_id = d.dept_id
WHERE d.city = 'Bangalore' AND e.salary BETWEEN 183745 AND 199743;"
89,SELECT COUNT(*) FROM departments WHERE city = 'Austin';
90,"SELECT COUNT(*)
FROM employees e
JOIN departments d ON e.dept_id = d.dept_id
JOIN projects p ON p.emp_id = e.emp_id
WHERE d.city = 'Seattle' AND p.budget_tier = 1 AND e.salary BETWEEN 136487 AND 152484;"
91,SELECT COUNT(*) FROM projects WHERE budget_tier = 2;
92,"SELECT COUNT(*)
FROM employees e
JOIN departments d ON e.dept_id = d.dept_id
WHERE d.city = 'Austin' AND e.salary BETWEEN 188076 AND 199983;"
93,SELECT COUNT(*) FROM projects WHERE budget_tier = 1;
94,"SELECT COUNT(*)
FROM employees e
JOIN departments d ON e.dept_id = d.dept_id
JOIN projects p ON p.emp_id = e.emp_id
WHERE d.city = 'Seattle' AND p.budget_tier = 1 AND e.salary BETWEEN 54359 AND 70357;"
95,SELECT COUNT(*) FROM employees WHERE salary BETWEEN 71939 AND 87937;
96,SELECT COUNT(*) FROM projects WHERE budget_tier = 2;
97,"SELECT COUNT(*)
FROM employees e
JOIN departments d ON e.dept_id = d.dept_id
WHERE d.city = 'Seattle' AND e.salary BETWEEN 47869 AND 63866;"
98,"SELECT COUNT(*)
FROM employees e
JOIN departments d ON e.dept_id = d.dept_id
WHERE d.city = 'Bangalore' AND e.salary BETWEEN 92451 AND 108449;"
99,"SELECT COUNT(*)
FROM employees e
JOIN departments d ON e.dept_id = d.dept_id
WHERE d.city = 'Berlin' AND e.salary BETWEEN 102889 AND 118887;"
100,"SELECT COUNT(*)
FROM employees e
JOIN departments d ON e.dept_id = d.dept_id
JOIN projects p ON p.emp_id = e.emp_id
WHERE d.city = 'Austin' AND p.budget_tier = 2 AND e.salary BETWEEN 84059 AND 100057;"
101,SELECT COUNT(*) FROM departments WHERE city = 'Austin';
102,"SELECT COUNT(*)
FROM employees e
JOIN departments d ON e.dept_id = d.dept_id
WHERE d.city = 'Berlin' AND e.salary BETWEEN 172986 AND 188984;"
103,SELECT COUNT(*) FROM employees WHERE dept_id = 4;
104,"SELECT COUNT(*)
FROM employees e
JOIN departments d ON e.dept_id = d.dept_id
WHERE d.city = 'Seattle' AND e.salary BETWEEN 97429 AND 113426;"
105,SELECT COUNT(*) FROM employees WHERE age BETWEEN 54 AND 59;
106,SELECT COUNT(*) FROM departments WHERE city = 'Seattle';
107,"SELECT COUNT(*)
FROM employees e
JOIN departments d ON e.dept_id = d.dept_id
JOIN projects p ON p.emp_id = e.emp_id
WHERE d.city = 'Berlin' AND p.budget_tier = 2 AND e.salary BETWEEN 137949 AND 153947;"
108,SELECT COUNT(*) FROM projects WHERE budget_tier = 2;
109,"SELECT COUNT(*)
FROM employees e
JOIN departments d ON e.dept_id = d.dept_id
WHERE d.city = 'Seattle' AND e.salary BETWEEN 84699 AND 100697;"
110,"SELECT COUNT(*)
FROM employees e
JOIN departments d ON e.dept_id = d.dept_id
WHERE d.city = 'Berlin' AND e.salary BETWEEN 87894 AND 103891;"
111,"SELECT COUNT(*)
FROM employees e
JOIN departments d ON e.dept_id = d.dept_id
JOIN projects p ON p.emp_id = e.emp_id
WHERE d.city = 'Seattle' AND p.budget_tier = 1 AND e.salary BETWEEN 66844 AND 82842;"
112,SELECT COUNT(*) FROM employees WHERE age BETWEEN 40 AND 45;
113,"SELECT COUNT(*)
FROM employees e
JOIN departments d ON e.dept_id = d.dept_id
WHERE d.city = 'Berlin' AND e.salary BETWEEN 108508 AND 124506;"
114,SELECT COUNT(*) FROM employees WHERE age BETWEEN 42 AND 47;
115,SELECT COUNT(*) FROM projects WHERE budget_tier = 2;
116,"SELECT COUNT(*)
FROM employees e
JOIN departments d ON e.dept_id = d.dept_id
WHERE d.city = 'Berlin' AND e.salary BETWEEN 87561 AND 103559;"
117,"SELECT COUNT(*)
FROM employees e
JOIN departments d ON e.dept_id = d.dept_id
JOIN projects p ON p.emp_id = e.emp_id
WHERE d.city = 'Seattle' AND p.budget_tier = 3 AND e.salary BETWEEN 42487 AND 58485;"
118,"SELECT COUNT(*)
FROM employees e
JOIN departments d ON e.dept_id = d.dept_id
WHERE d.city = 'Berlin' AND e.salary BETWEEN 72428 AND 88426;"
119,SELECT COUNT(*) FROM departments WHERE city = 'Austin';
120,"SELECT COUNT(*)
FROM employees e
JOIN departments d ON e.dept_id = d.dept_id
WHERE d.city = 'Berlin' AND e.salary BETWEEN 153959 AND 169957;"
121,SELECT COUNT(*) FROM departments WHERE city = 'Bangalore';
122,"SELECT COUNT(*)
FROM employees e
JOIN departments d ON e.dept_id = d.dept_id
WHERE d.city = 'Seattle' AND e.salary BETWEEN 166859 AND 182857;"
123,SELECT COUNT(*) FROM projects WHERE budget_tier = 1;
124,"SELECT COUNT(*)
FROM employees e
JOIN departments d ON e.dept_id = d.dept_id
WHERE d.city = 'Berlin' AND e.salary BETWEEN 137857 AND 153855;"
125,"SELECT COUNT(*)
FROM employees e
JOIN departments d ON e.dept_id = d.dept_id
WHERE d.city = 'Austin' AND e.salary BETWEEN 188708 AND 199983;"
126,SELECT COUNT(*) FROM employees WHERE salary BETWEEN 144594 AND 160591;
127,SELECT COUNT(*) FROM employees WHERE salary BETWEEN 187009 AND 199983;
128,SELECT COUNT(*) FROM employees WHERE age BETWEEN 46 AND 51;
129,SELECT COUNT(*) FROM projects WHERE budget_tier = 2;
130,"SELECT COUNT(*)
FROM employees e
JOIN departments d ON e.dept_id = d.dept_id
JOIN projects p ON p.emp_id = e.emp_id
WHERE d.city = 'Austin' AND p.budget_tier = 3 AND e.salary BETWEEN 140456 AND 156454;"
131,"SELECT COUNT(*)
FROM employees e
JOIN departments d ON e.dept_id = d.dept_id
JOIN projects p ON p.emp_id = e.emp_id
WHERE d.city = 'Austin' AND p.budget_tier = 2 AND e.salary BETWEEN 93370 AND 109368;"
132,SELECT COUNT(*) FROM projects WHERE budget_tier = 1;
133,"SELECT COUNT(*)
FROM employees e
JOIN departments d ON e.dept_id = d.dept_id
WHERE d.city = 'Bangalore' AND e.salary BETWEEN 50390 AND 66388;"
134,"SELECT COUNT(*)
FROM employees e
JOIN departments d ON e.dept_id = d.dept_id
WHERE d.city = 'Austin' AND e.salary BETWEEN 90103 AND 106100;"
135,SELECT COUNT(*) FROM projects WHERE budget_tier = 2;
136,SELECT COUNT(*) FROM employees WHERE salary BETWEEN 92445 AND 108443;
137,SELECT COUNT(*) FROM departments WHERE city = 'Berlin';
138,SELECT COUNT(*) FROM employees WHERE dept_id = 1;
139,"SELECT COUNT(*)
FROM employees e
JOIN departments d ON e.dept_id = d.dept_id
WHERE d.city = 'Bangalore' AND e.salary BETWEEN 156687 AND 172685;"
140,SELECT COUNT(*) FROM employees WHERE salary BETWEEN 142457 AND 158455;
141,SELECT COUNT(*) FROM projects WHERE budget_tier = 2;
142,"SELECT COUNT(*)
FROM employees e
JOIN departments d ON e.dept_id = d.dept_id
WHERE d.city = 'Berlin' AND e.salary BETWEEN 182503 AND 198500;"
143,"SELECT COUNT(*)
FROM employees e
JOIN departments d ON e.dept_id = d.dept_id
JOIN projects p ON p.emp_id = e.emp_id
WHERE d.city = 'Seattle' AND p.budget_tier = 2 AND e.salary BETWEEN 116438 AND 132436;"
144,SELECT COUNT(*) FROM departments WHERE city = 'Seattle';
145,SELECT COUNT(*) FROM departments WHERE city = 'Berlin';
146,"SELECT COUNT(*)
FROM employees e
JOIN departments d ON e.dept_id = d.dept_id
WHERE d.city = 'Berlin' AND e.salary BETWEEN 59051 AND 75049;"
147,SELECT COUNT(*) FROM projects WHERE budget_tier = 1;
148,SELECT COUNT(*) FROM projects WHERE budget_tier = 1;
149,SELECT COUNT(*) FROM projects WHERE budget_tier = 3;
150,SELECT COUNT(*) FROM projects WHERE budget_tier = 1;
151,SELECT COUNT(*) FROM employees WHERE age BETWEEN 57 AND 62;
152,"SELECT COUNT(*)
FROM employees e
JOIN departments d ON e.dept_id = d.dept_id
JOIN projects p ON p.emp_id = e.emp_id
WHERE d.city = 'Berlin' AND p.budget_tier = 2 AND e.salary BETWEEN 155567 AND 171565;"
153,"SELECT COUNT(*)
FROM employees e
JOIN departments d ON e.dept_id = d.dept_id
WHERE d.city = 'Berlin' AND e.salary BETWEEN 78235 AND 94233;"
154,"SELECT COUNT(*)
FROM employees e
JOIN departments d ON e.dept_id = d.dept_id
WHERE d.city = 'Bangalore' AND e.salary BETWEEN 81694 AND 97692;"
155,SELECT COUNT(*) FROM projects WHERE budget_tier = 2;
156,"SELECT COUNT(*)
FROM employees e
JOIN departments d ON e.dept_id = d.dept_id
WHERE d.city = 'Austin' AND e.salary BETWEEN 46873 AND 62870;"
157,SELECT COUNT(*) FROM departments WHERE city = 'Austin';
158,"SELECT COUNT(*)
FROM employees e
JOIN departments d ON e.dept_id = d.dept_id
WHERE d.city = 'Berlin' AND e.salary BETWEEN 153880 AND 169877;"
159,SELECT COUNT(*) FROM employees WHERE salary BETWEEN 57926 AND 73924;
160,SELECT COUNT(*) FROM departments WHERE city = 'Berlin';
161,SELECT COUNT(*) FROM departments WHERE city = 'Austin';
162,"SELECT COUNT(*)
FROM employees e
JOIN departments d ON e.dept_id = d.dept_id
WHERE d.city = 'Austin' AND e.salary BETWEEN 110869 AND 126867;"
163,"SELECT COUNT(*)
FROM employees e
JOIN departments d ON e.dept_id = d.dept_id
WHERE d.city = 'Berlin' AND e.salary BETWEEN 72846 AND 88844;"
164,"SELECT COUNT(*)
FROM employees e
JOIN departments d ON e.dept_id = d.dept_id
WHERE d.city = 'Berlin' AND e.salary BETWEEN 183878 AND 199876;"
165,SELECT COUNT(*) FROM employees WHERE age BETWEEN 32 AND 37;
166,SELECT COUNT(*) FROM employees WHERE dept_id = 1;
167,SELECT COUNT(*) FROM departments WHERE city = 'Seattle';
168,SELECT COUNT(*) FROM projects WHERE budget_tier = 1;
169,SELECT COUNT(*) FROM projects WHERE budget_tier = 3;
170,SELECT COUNT(*) FROM employees WHERE dept_id = 1;
171,"SELECT COUNT(*)
FROM employees e
JOIN departments d ON e.dept_id = d.dept_id
JOIN projects p ON p.emp_id = e.emp_id
WHERE d.city = 'Seattle' AND p.budget_tier = 1 AND e.salary BETWEEN 90658 AND 106656;"
172,SELECT COUNT(*) FROM projects WHERE budget_tier = 2;
173,SELECT COUNT(*) FROM projects WHERE budget_tier = 3;
174,"SELECT COUNT(*)
FROM employees e
JOIN departments d ON e.dept_id = d.dept_id
JOIN projects p ON p.emp_id = e.emp_id
WHERE d.city = 'Seattle' AND p.budget_tier = 3 AND e.salary BETWEEN 122568 AND 138566;"
175,SELECT COUNT(*) FROM departments WHERE city = 'Berlin';
176,"SELECT COUNT(*)
FROM employees e
JOIN departments d ON e.dept_id = d.dept_id
JOIN projects p ON p.emp_id = e.emp_id
WHERE d.city = 'Bangalore' AND p.budget_tier = 1 AND e.salary BETWEEN 185802 AND 199983;"
177,SELECT COUNT(*) FROM projects WHERE budget_tier = 1;
178,"SELECT COUNT(*)
FROM employees e
JOIN departments d ON e.dept_id = d.dept_id
JOIN projects p ON p.emp_id = e.emp_id
WHERE d.city = 'Bangalore' AND p.budget_tier = 2 AND e.salary BETWEEN 80647 AND 96644;"
179,SELECT COUNT(*) FROM employees WHERE age BETWEEN 55 AND 60;
180,SELECT COUNT(*) FROM projects WHERE budget_tier = 2;
181,"SELECT COUNT(*)
FROM employees e
JOIN departments d ON e.dept_id = d.dept_id
WHERE d.city = 'Berlin' AND e.salary BETWEEN 127300 AND 143298;"
182,SELECT COUNT(*) FROM projects WHERE budget_tier = 2;
183,SELECT COUNT(*) FROM departments WHERE city = 'Berlin';
184,"SELECT COUNT(*)
FROM employees e
JOIN departments d ON e.dept_id = d.dept_id
JOIN projects p ON p.emp_id = e.emp_id
WHERE d.city = 'Seattle' AND p.budget_tier = 3 AND e.salary BETWEEN 73017 AND 89015;"
185,SELECT COUNT(*) FROM departments WHERE city = 'Austin';
186,"SELECT COUNT(*)
FROM employees e
JOIN departments d ON e.dept_id = d.dept_id
WHERE d.city = 'Seattle' AND e.salary BETWEEN 191148 AND 199983;"
187,SELECT COUNT(*) FROM departments WHERE city = 'Bangalore';
188,SELECT COUNT(*) FROM employees WHERE salary BETWEEN 136590 AND 152588;
189,SELECT COUNT(*) FROM projects WHERE budget_tier = 3;
190,"SELECT COUNT(*)
FROM employees e
JOIN departments d ON e.dept_id = d.dept_id
JOIN projects p ON p.emp_id = e.emp_id
WHERE d.city = 'Bangalore' AND p.budget_tier = 2 AND e.salary BETWEEN 151615 AND 167613;"
191,SELECT COUNT(*) FROM departments WHERE city = 'Berlin';
192,"SELECT COUNT(*)
FROM employees e
JOIN departments d ON e.dept_id = d.dept_id
WHERE d.city = 'Bangalore' AND e.salary BETWEEN 181473 AND 197470;"
193,"SELECT COUNT(*)
FROM employees e
JOIN departments d ON e.dept_id = d.dept_id
WHERE d.city = 'Austin' AND e.salary BETWEEN 140565 AND 156563;"
194,SELECT COUNT(*) FROM departments WHERE city = 'Bangalore';
195,SELECT COUNT(*) FROM departments WHERE city = 'Berlin';
196,"SELECT COUNT(*)
FROM employees e
JOIN departments d ON e.dept_id = d.dept_id
WHERE d.city = 'Bangalore' AND e.salary BETWEEN 87805 AND 103803;"
197,"SELECT COUNT(*)
FROM employees e
JOIN departments d ON e.dept_id = d.dept_id
WHERE d.city = 'Bangalore' AND e.salary BETWEEN 57082 AND 73079;"
198,"SELECT COUNT(*)
FROM employees e
JOIN departments d ON e.dept_id = d.dept_id
JOIN projects p ON p.emp_id = e.emp_id
WHERE d.city = 'Seattle' AND p.budget_tier = 1 AND e.salary BETWEEN 113435 AND 129433;"
199,"SELECT COUNT(*)
FROM employees e
JOIN departments d ON e.dept_id = d.dept_id
WHERE d.city = 'Seattle' AND e.salary BETWEEN 75438 AND 91435;"
200,SELECT COUNT(*) FROM departments WHERE city = 'Austin';
201,"SELECT COUNT(*)
FROM employees e
JOIN departments d ON e.dept_id = d.dept_id
JOIN projects p ON p.emp_id = e.emp_id
WHERE d.city = 'Austin' AND p.budget_tier = 3 AND e.salary BETWEEN 107365 AND 123363;"
202,SELECT COUNT(*) FROM departments WHERE city = 'Austin';
203,SELECT COUNT(*) FROM departments WHERE city = 'Bangalore';
204,SELECT COUNT(*) FROM departments WHERE city = 'Berlin';
205,"SELECT COUNT(*)
FROM employees e
JOIN departments d ON e.dept_id = d.dept_id
WHERE d.city = 'Bangalore' AND e.salary BETWEEN 181979 AND 197977;"
206,SELECT COUNT(*) FROM projects WHERE budget_tier = 2;
207,"SELECT COUNT(*)
FROM employees e
JOIN departments d ON e.dept_id = d.dept_id
JOIN projects p ON p.emp_id = e.emp_id
WHERE d.city = 'Berlin' AND p.budget_tier = 2 AND e.salary BETWEEN 92356 AND 108353;"
208,"SELECT COUNT(*)
FROM employees e
JOIN departments d ON e.dept_id = d.dept_id
WHERE d.city = 'Seattle' AND e.salary BETWEEN 59479 AND 75476;"
209,"SELECT COUNT(*)
FROM employees e
JOIN departments d ON e.dept_id = d.dept_id
WHERE d.city = 'Austin' AND e.salary BETWEEN 97341 AND 113339;"
210,SELECT COUNT(*) FROM employees WHERE age BETWEEN 54 AND 59;
211,SELECT COUNT(*) FROM employees WHERE salary BETWEEN 84194 AND 100191;
212,"SELECT COUNT(*)
FROM employees e
JOIN departments d ON e.dept_id = d.dept_id
WHERE d.city = 'Austin' AND e.salary BETWEEN 144022 AND 160019;"
213,SELECT COUNT(*) FROM departments WHERE city = 'Berlin';
214,SELECT COUNT(*) FROM projects WHERE budget_tier = 2;
215,"SELECT COUNT(*)
FROM employees e
JOIN departments d ON e.dept_id = d.dept_id
WHERE d.city = 'Austin' AND e.salary BETWEEN 40140 AND 56138;"
216,"SELECT COUNT(*)
FROM employees e
JOIN departments d ON e.dept_id = d.dept_id
JOIN projects p ON p.emp_id = e.emp_id
WHERE d.city = 'Seattle' AND p.budget_tier = 1 AND e.salary BETWEEN 96604 AND 112601;"
217,SELECT COUNT(*) FROM departments WHERE city = 'Bangalore';
218,SELECT COUNT(*) FROM projects WHERE budget_tier = 1;
219,SELECT COUNT(*) FROM projects WHERE budget_tier = 3;
220,SELECT COUNT(*) FROM departments WHERE city = 'Seattle';
221,"SELECT COUNT(*)
FROM employees e
JOIN departments d ON e.dept_id = d.dept_id
WHERE d.city = 'Seattle' AND e.salary BETWEEN 89121 AND 105119;"
222,SELECT COUNT(*) FROM departments WHERE city = 'Berlin';
223,SELECT COUNT(*) FROM projects WHERE budget_tier = 2;
224,SELECT COUNT(*) FROM departments WHERE city = 'Bangalore';
225,SELECT COUNT(*) FROM departments WHERE city = 'Bangalore';
226,"SELECT COUNT(*)
FROM employees e
JOIN departments d ON e.dept_id = d.dept_id
WHERE d.city = 'Bangalore' AND e.salary BETWEEN 66785 AND 82783;"
227,SELECT COUNT(*) FROM projects WHERE budget_tier = 2;
228,"SELECT COUNT(*)
FROM employees e
JOIN departments d ON e.dept_id = d.dept_id
WHERE d.city = 'Bangalore' AND e.salary BETWEEN 126430 AND 142428;"
229,SELECT COUNT(*) FROM projects WHERE budget_tier = 2;
230,SELECT COUNT(*) FROM employees WHERE dept_id = 3;
231,"SELECT COUNT(*)
FROM employees e
JOIN departments d ON e.dept_id = d.dept_id
JOIN projects p ON p.emp_id = e.emp_id
WHERE d.city = 'Austin' AND p.budget_tier = 2 AND e.salary BETWEEN 118608 AND 134606;"
232,"SELECT COUNT(*)
FROM employees e
JOIN departments d ON e.dept_id = d.dept_id
WHERE d.city = 'Bangalore' AND e.salary BETWEEN 151253 AND 167250;"
233,SELECT COUNT(*) FROM departments WHERE city = 'Berlin';
234,SELECT COUNT(*) FROM employees WHERE salary BETWEEN 83841 AND 99839;
235,"SELECT COUNT(*)
FROM employees e
JOIN departments d ON e.dept_id = d.dept_id
WHERE d.city = 'Berlin' AND e.salary BETWEEN 79653 AND 95651;"
236,SELECT COUNT(*) FROM projects WHERE budget_tier = 2;
237,"SELECT COUNT(*)
FROM employees e
JOIN departments d ON e.dept_id = d.dept_id
WHERE d.city = 'Austin' AND e.salary BETWEEN 67494 AND 83492;"
238,SELECT COUNT(*) FROM projects WHERE budget_tier = 2;
239,SELECT COUNT(*) FROM employees WHERE age BETWEEN 57 AND 62;
240,SELECT COUNT(*) FROM projects WHERE budget_tier = 1;
241,SELECT COUNT(*) FROM employees WHERE dept_id = 3;
242,SELECT COUNT(*) FROM projects WHERE budget_tier = 2;
243,SELECT COUNT(*) FROM projects WHERE budget_tier = 1;
244,SELECT COUNT(*) FROM projects WHERE budget_tier = 3;
245,SELECT COUNT(*) FROM projects WHERE budget_tier = 2;
246,SELECT COUNT(*) FROM projects WHERE budget_tier = 1;
247,SELECT COUNT(*) FROM departments WHERE city = 'Austin';
248,SELECT COUNT(*) FROM employees WHERE salary BETWEEN 152881 AND 168878;
249,SELECT COUNT(*) FROM projects WHERE budget_tier = 1;
250,SELECT COUNT(*) FROM projects WHERE budget_tier = 1;
251,SELECT COUNT(*) FROM projects WHERE budget_tier = 1;
252,"SELECT COUNT(*)
FROM employees e
JOIN departments d ON e.dept_id = d.dept_id
WHERE d.city = 'Seattle' AND e.salary BETWEEN 98415 AND 114413;"
253,"SELECT COUNT(*)
FROM employees e
JOIN departments d ON e.dept_id = d.dept_id
WHERE d.city = 'Berlin' AND e.salary BETWEEN 195544 AND 199983;"
254,SELECT COUNT(*) FROM employees WHERE salary BETWEEN 194120 AND 199983;
255,SELECT COUNT(*) FROM projects WHERE budget_tier = 1;
256,SELECT COUNT(*) FROM employees WHERE age BETWEEN 49 AND 54;
257,SELECT COUNT(*) FROM employees WHERE age BETWEEN 39 AND 44;
258,"SELECT COUNT(*)
FROM employees e
JOIN departments d ON e.dept_id = d.dept_id
JOIN projects p ON p.emp_id = e.emp_id
WHERE d.city = 'Bangalore' AND p.budget_tier = 2 AND e.salary BETWEEN 88434 AND 104432;"
259,"SELECT COUNT(*)
FROM employees e
JOIN departments d ON e.dept_id = d.dept_id
JOIN projects p ON p.emp_id = e.emp_id
WHERE d.city = 'Berlin' AND p.budget_tier = 2 AND e.salary BETWEEN 86184 AND 102181;"
260,SELECT COUNT(*) FROM departments WHERE city = 'Austin';
261,"SELECT COUNT(*)
FROM employees e
JOIN departments d ON e.dept_id = d.dept_id
JOIN projects p ON p.emp_id = e.emp_id
WHERE d.city = 'Berlin' AND p.budget_tier = 1 AND e.salary BETWEEN 46368 AND 62366;"
262,SELECT COUNT(*) FROM employees WHERE salary BETWEEN 138319 AND 154316;
263,SELECT COUNT(*) FROM projects WHERE budget_tier = 2;
264,SELECT COUNT(*) FROM projects WHERE budget_tier = 1;
265,SELECT COUNT(*) FROM employees WHERE dept_id = 4;
266,"SELECT COUNT(*)
FROM employees e
JOIN departments d ON e.dept_id = d.dept_id
WHERE d.city = 'Austin' AND e.salary BETWEEN 121523 AND 137521;"
267,"SELECT COUNT(*)
FROM employees e
JOIN departments d ON e.dept_id = d.dept_id
WHERE d.city = 'Bangalore' AND e.salary BETWEEN 48569 AND 64567;"
268,SELECT COUNT(*) FROM departments WHERE city = 'Berlin';
269,"SELECT COUNT(*)
FROM employees e
JOIN departments d ON e.dept_id = d.dept_id
JOIN projects p ON p.emp_id = e.emp_id
WHERE d.city = 'Bangalore' AND p.budget_tier = 2 AND e.salary BETWEEN 85226 AND 101223;"
270,"SELECT COUNT(*)
FROM employees e
JOIN departments d ON e.dept_id = d.dept_id
WHERE d.city = 'Seattle' AND e.salary BETWEEN 185881 AND 199983;"
271,"SELECT COUNT(*)
FROM employees e
JOIN departments d ON e.dept_id = d.dept_id
WHERE d.city = 'Seattle' AND e.salary BETWEEN 78833 AND 94830;"
272,"SELECT COUNT(*)
FROM employees e
JOIN departments d ON e.dept_id = d.dept_id
JOIN projects p ON p.emp_id = e.emp_id
WHERE d.city = 'Austin' AND p.budget_tier = 2 AND e.salary BETWEEN 63328 AND 79326;"
273,SELECT COUNT(*) FROM employees WHERE dept_id = 2;
274,SELECT COUNT(*) FROM employees WHERE dept_id = 1;
275,SELECT COUNT(*) FROM projects WHERE budget_tier = 1;
276,SELECT COUNT(*) FROM employees WHERE dept_id = 3;
277,"SELECT COUNT(*)
FROM employees e
JOIN departments d ON e.dept_id = d.dept_id
WHERE d.city = 'Bangalore' AND e.salary BETWEEN 119362 AND 135359;"
278,SELECT COUNT(*) FROM employees WHERE salary BETWEEN 197757 AND 199983;
279,"SELECT COUNT(*)
FROM employees e
JOIN departments d ON e.dept_id = d.dept_id
WHERE d.city = 'Austin' AND e.salary BETWEEN 79341 AND 95338;"
280,SELECT COUNT(*) FROM projects WHERE budget_tier = 2;
281,"SELECT COUNT(*)
FROM employees e
JOIN departments d ON e.dept_id = d.dept_id
WHERE d.city = 'Berlin' AND e.salary BETWEEN 148138 AND 164135;"
282,"SELECT COUNT(*)
FROM employees e
JOIN departments d ON e.dept_id = d.dept_id
WHERE d.city = 'Seattle' AND e.salary BETWEEN 161892 AND 177889;"
283,SELECT COUNT(*) FROM departments WHERE city = 'Berlin';
284,SELECT COUNT(*) FROM departments WHERE city = 'Berlin';
285,"SELECT COUNT(*)
FROM employees e
JOIN departments d ON e.dept_id = d.dept_id
WHERE d.city = 'Berlin' AND e.salary BETWEEN 78373 AND 94371;"
286,"SELECT COUNT(*)
FROM employees e
JOIN departments d ON e.dept_id = d.dept_id
WHERE d.city = 'Bangalore' AND e.salary BETWEEN 156440 AND 172438;"
287,SELECT COUNT(*) FROM projects WHERE budget_tier = 3;
288,"SELECT COUNT(*)
FROM employees e
JOIN departments d ON e.dept_id = d.dept_id
JOIN projects p ON p.emp_id = e.emp_id
WHERE d.city = 'Berlin' AND p.budget_tier = 2 AND e.salary BETWEEN 99237 AND 115234;"
289,SELECT COUNT(*) FROM employees WHERE dept_id = 1;
290,"SELECT COUNT(*)
FROM employees e
JOIN departments d ON e.dept_id = d.dept_id
JOIN projects p ON p.emp_id = e.emp_id
WHERE d.city = 'Berlin' AND p.budget_tier = 1 AND e.salary BETWEEN 141647 AND 157644;"
291,SELECT COUNT(*) FROM employees WHERE salary BETWEEN 141856 AND 157854;
292,"SELECT COUNT(*)
FROM employees e
JOIN departments d ON e.dept_id = d.dept_id
WHERE d.city = 'Bangalore' AND e.salary BETWEEN 126632 AND 142629;"
293,"SELECT COUNT(*)
FROM employees e
JOIN departments d ON e.dept_id = d.dept_id
JOIN projects p ON p.emp_id = e.emp_id
WHERE d.city = 'Austin' AND p.budget_tier = 2 AND e.salary BETWEEN 54809 AND 70806;"
294,SELECT COUNT(*) FROM departments WHERE city = 'Seattle';
295,SELECT COUNT(*) FROM departments WHERE city = 'Berlin';
296,SELECT COUNT(*) FROM employees WHERE dept_id = 3;
297,SELECT COUNT(*) FROM departments WHERE city = 'Berlin';
298,"SELECT COUNT(*)
FROM employees e
JOIN departments d ON e.dept_id = d.dept_id
WHERE d.city = 'Bangalore' AND e.salary BETWEEN 174082 AND 190079;"
299,"SELECT COUNT(*)
FROM employees e
JOIN departments d ON e.dept_id = d.dept_id
WHERE d.city = 'Seattle' AND e.salary BETWEEN 91675 AND 107672;"
300,SELECT COUNT(*) FROM departments WHERE city = 'Berlin';
301,SELECT COUNT(*) FROM departments WHERE city = 'Seattle';
302,"SELECT COUNT(*)
FROM employees e
JOIN departments d ON e.dept_id = d.dept_id
WHERE d.city = 'Bangalore' AND e.salary BETWEEN 70559 AND 86557;"
303,SELECT COUNT(*) FROM employees WHERE age BETWEEN 47 AND 52;
304,SELECT COUNT(*) FROM departments WHERE city = 'Bangalore';
305,"SELECT COUNT(*)
FROM employees e
JOIN departments d ON e.dept_id = d.dept_id
WHERE d.city = 'Austin' AND e.salary BETWEEN 135344 AND 151341;"
306,SELECT COUNT(*) FROM employees WHERE salary BETWEEN 148987 AND 164985;
307,SELECT COUNT(*) FROM projects WHERE budget_tier = 2;
308,SELECT COUNT(*) FROM projects WHERE budget_tier = 2;
309,"SELECT COUNT(*)
FROM employees e
JOIN departments d ON e.dept_id = d.dept_id
WHERE d.city = 'Austin' AND e.salary BETWEEN 42815 AND 58813;"
310,SELECT COUNT(*) FROM employees WHERE age BETWEEN 24 AND 29;
311,SELECT COUNT(*) FROM employees WHERE dept_id = 4;
312,"SELECT COUNT(*)
FROM employees e
JOIN departments d ON e.dept_id = d.dept_id
JOIN projects p ON p.emp_id = e.emp_id
WHERE d.city = 'Austin' AND p.budget_tier = 2 AND e.salary BETWEEN 169776 AND 185773;"
313,"SELECT COUNT(*)
FROM employees e
JOIN departments d ON e.dept_id = d.dept_id
JOIN projects p ON p.emp_id = e.emp_id
WHERE d.city = 'Berlin' AND p.budget_tier = 2 AND e.salary BETWEEN 95841 AND 111838;"
314,"SELECT COUNT(*)
FROM employees e
JOIN departments d ON e.dept_id = d.dept_id
WHERE d.city = 'Bangalore' AND e.salary BETWEEN 55642 AND 71640;"
315,"SELECT COUNT(*)
FROM employees e
JOIN departments d ON e.dept_id = d.dept_id
WHERE d.city = 'Bangalore' AND e.salary BETWEEN 190783 AND 199983;"
316,SELECT COUNT(*) FROM projects WHERE budget_tier = 2;
317,SELECT COUNT(*) FROM projects WHERE budget_tier = 2;
318,"SELECT COUNT(*)
FROM employees e
JOIN departments d ON e.dept_id = d.dept_id
WHERE d.city = 'Austin' AND e.salary BETWEEN 104345 AND 120343;"
319,"SELECT COUNT(*)
FROM employees e
JOIN departments d ON e.dept_id = d.dept_id
JOIN projects p ON p.emp_id = e.emp_id
WHERE d.city = 'Berlin' AND p.budget_tier = 2 AND e.salary BETWEEN 123824 AND 139822;"
320,SELECT COUNT(*) FROM projects WHERE budget_tier = 2;
321,"SELECT COUNT(*)
FROM employees e
JOIN departments d ON e.dept_id = d.dept_id
WHERE d.city = 'Berlin' AND e.salary BETWEEN 174482 AND 190480;"
322,"SELECT COUNT(*)
FROM employees e
JOIN departments d ON e.dept_id = d.dept_id
WHERE d.city = 'Bangalore' AND e.salary BETWEEN 148736 AND 164734;"
323,"SELECT COUNT(*)
FROM employees e
JOIN departments d ON e.dept_id = d.dept_id
JOIN projects p ON p.emp_id = e.emp_id
WHERE d.city = 'Bangalore' AND p.budget_tier = 2 AND e.salary BETWEEN 157714 AND 173712;"
324,SELECT COUNT(*) FROM departments WHERE city = 'Bangalore';
325,SELECT COUNT(*) FROM departments WHERE city = 'Austin';
326,"SELECT COUNT(*)
FROM employees e
JOIN departments d ON e.dept_id = d.dept_id
JOIN projects p ON p.emp_id = e.emp_id
WHERE d.city = 'Austin' AND p.budget_tier = 1 AND e.salary BETWEEN 74150 AND 90147;"
327,SELECT COUNT(*) FROM departments WHERE city = 'Seattle';
328,SELECT COUNT(*) FROM departments WHERE city = 'Bangalore';
329,SELECT COUNT(*) FROM projects WHERE budget_tier = 3;
330,SELECT COUNT(*) FROM employees WHERE dept_id = 3;
331,"SELECT COUNT(*)
FROM employees e
JOIN departments d ON e.dept_id = d.dept_id
JOIN projects p ON p.emp_id = e.emp_id
WHERE d.city = 'Bangalore' AND p.budget_tier = 2 AND e.salary BETWEEN 127521 AND 143519;"
332,"SELECT COUNT(*)
FROM employees e
JOIN departments d ON e.dept_id = d.dept_id
WHERE d.city = 'Bangalore' AND e.salary BETWEEN 151828 AND 167825;"
333,SELECT COUNT(*) FROM employees WHERE salary BETWEEN 76920 AND 92917;
334,"SELECT COUNT(*)
FROM employees e
JOIN departments d ON e.dept_id = d.dept_id
JOIN projects p ON p.emp_id = e.emp_id
WHERE d.city = 'Austin' AND p.budget_tier = 2 AND e.salary BETWEEN 68671 AND 84669;"
335,SELECT COUNT(*) FROM departments WHERE city = 'Berlin';
336,"SELECT COUNT(*)
FROM employees e
JOIN departments d ON e.dept_id = d.dept_id
WHERE d.city = 'Bangalore' AND e.salary BETWEEN 197185 AND 199983;"
337,"SELECT COUNT(*)
FROM employees e
JOIN departments d ON e.dept_id = d.dept_id
WHERE d.city = 'Berlin' AND e.salary BETWEEN 123624 AND 139622;"
338,"SELECT COUNT(*)
FROM employees e
JOIN departments d ON e.dept_id = d.dept_id
JOIN projects p ON p.emp_id = e.emp_id
WHERE d.city = 'Bangalore' AND p.budget_tier = 1 AND e.salary BETWEEN 82429 AND 98426;"
339,"SELECT COUNT(*)
FROM employees e
JOIN departments d ON e.dept_id = d.dept_id
WHERE d.city = 'Bangalore' AND e.salary BETWEEN 199370 AND 199983;"
340,"SELECT COUNT(*)
FROM employees e
JOIN departments d ON e.dept_id = d.dept_id
JOIN projects p ON p.emp_id = e.emp_id
WHERE d.city = 'Seattle' AND p.budget_tier = 1 AND e.salary BETWEEN 194552 AND 199983;"
341,SELECT COUNT(*) FROM projects WHERE budget_tier = 3;
342,"SELECT COUNT(*)
FROM employees e
JOIN departments d ON e.dept_id = d.dept_id
JOIN projects p ON p.emp_id = e.emp_id
WHERE d.city = 'Seattle' AND p.budget_tier = 3 AND e.salary BETWEEN 130224 AND 146221;"
343,"SELECT COUNT(*)
FROM employees e
JOIN departments d ON e.dept_id = d.dept_id
JOIN projects p ON p.emp_id = e.emp_id
WHERE d.city = 'Seattle' AND p.budget_tier = 3 AND e.salary BETWEEN 181788 AND 197785;"
344,SELECT COUNT(*) FROM departments WHERE city = 'Seattle';
345,SELECT COUNT(*) FROM employees WHERE salary BETWEEN 70909 AND 86907;
346,SELECT COUNT(*) FROM departments WHERE city = 'Austin';
347,SELECT COUNT(*) FROM departments WHERE city = 'Austin';
348,SELECT COUNT(*) FROM employees WHERE age BETWEEN 31 AND 36;
349,"SELECT COUNT(*)
FROM employees e
JOIN departments d ON e.dept_id = d.dept_id
JOIN projects p ON p.emp_id = e.emp_id
WHERE d.city = 'Austin' AND p.budget_tier = 3 AND e.salary BETWEEN 95932 AND 111930;"
350,"SELECT COUNT(*)
FROM employees e
JOIN departments d ON e.dept_id = d.dept_id
JOIN projects p ON p.emp_id = e.emp_id
WHERE d.city = 'Austin' AND p.budget_tier = 1 AND e.salary BETWEEN 156060 AND 172058;"
351,SELECT COUNT(*) FROM departments WHERE city = 'Bangalore';
352,SELECT COUNT(*) FROM employees WHERE salary BETWEEN 184051 AND 199983;
353,"SELECT COUNT(*)
FROM employees e
JOIN departments d ON e.dept_id = d.dept_id
JOIN projects p ON p.emp_id = e.emp_id
WHERE d.city = 'Austin' AND p.budget_tier = 3 AND e.salary BETWEEN 182484 AND 198482;"
354,SELECT COUNT(*) FROM departments WHERE city = 'Berlin';
355,"SELECT COUNT(*)
FROM employees e
JOIN departments d ON e.dept_id = d.dept_id
WHERE d.city = 'Bangalore' AND e.salary BETWEEN 165369 AND 181367;"
356,"SELECT COUNT(*)
FROM employees e
JOIN departments d ON e.dept_id = d.dept_id
WHERE d.city = 'Bangalore' AND e.salary BETWEEN 143293 AND 159290;"
357,"SELECT COUNT(*)
FROM employees e
JOIN departments d ON e.dept_id = d.dept_id
WHERE d.city = 'Austin' AND e.salary BETWEEN 53701 AND 69699;"
358,"SELECT COUNT(*)
FROM employees e
JOIN departments d ON e.dept_id = d.dept_id
JOIN projects p ON p.emp_id = e.emp_id
WHERE d.city = 'Bangalore' AND p.budget_tier = 2 AND e.salary BETWEEN 66217 AND 82215;"
359,SELECT COUNT(*) FROM projects WHERE budget_tier = 1;
360,"SELECT COUNT(*)
FROM employees e
JOIN departments d ON e.dept_id = d.dept_id
WHERE d.city = 'Berlin' AND e.salary BETWEEN 184182 AND 199983;"
361,SELECT COUNT(*) FROM projects WHERE budget_tier = 2;
362,SELECT COUNT(*) FROM projects WHERE budget_tier = 2;
363,"SELECT COUNT(*)
FROM employees e
JOIN departments d ON e.dept_id = d.dept_id
JOIN projects p ON p.emp_id = e.emp_id
WHERE d.city = 'Bangalore' AND p.budget_tier = 2 AND e.salary BETWEEN 137898 AND 153896;"
364,"SELECT COUNT(*)
FROM employees e
JOIN departments d ON e.dept_id = d.dept_id
WHERE d.city = 'Austin' AND e.salary BETWEEN 41648 AND 57646;"
365,"SELECT COUNT(*)
FROM employees e
JOIN departments d ON e.dept_id = d.dept_id
WHERE d.city = 'Berlin' AND e.salary BETWEEN 56417 AND 72415;"
366,SELECT COUNT(*) FROM employees WHERE age BETWEEN 34 AND 39;
367,SELECT COUNT(*) FROM projects WHERE budget_tier = 1;
368,"SELECT COUNT(*)
FROM employees e
JOIN departments d ON e.dept_id = d.dept_id
WHERE d.city = 'Seattle' AND e.salary BETWEEN 195903 AND 199983;"
369,SELECT COUNT(*) FROM departments WHERE city = 'Seattle';
370,"SELECT COUNT(*)
FROM employees e
JOIN departments d ON e.dept_id = d.dept_id
WHERE d.city = 'Austin' AND e.salary BETWEEN 85978 AND 101976;"
371,SELECT COUNT(*) FROM departments WHERE city = 'Berlin';
372,"SELECT COUNT(*)
FROM employees e
JOIN departments d ON e.dept_id = d.dept_id
WHERE d.city = 'Austin' AND e.salary BETWEEN 89278 AND 105275;"
373,SELECT COUNT(*) FROM projects WHERE budget_tier = 3;
374,"SELECT COUNT(*)
FROM employees e
JOIN departments d ON e.dept_id = d.dept_id
WHERE d.city = 'Berlin' AND e.salary BETWEEN 118725 AND 134723;"
375,"SELECT COUNT(*)
FROM employees e
JOIN departments d ON e.dept_id = d.dept_id
WHERE d.city = 'Berlin' AND e.salary BETWEEN 112086 AND 128083;"
376,"SELECT COUNT(*)
FROM employees e
JOIN departments d ON e.dept_id = d.dept_id
JOIN projects p ON p.emp_id = e.emp_id
WHERE d.city = 'Bangalore' AND p.budget_tier = 1 AND e.salary BETWEEN 199101 AND 199983;"
377,"SELECT COUNT(*)
FROM employees e
JOIN departments d ON e.dept_id = d.dept_id
WHERE d.city = 'Berlin' AND e.salary BETWEEN 68885 AND 84882;"
378,"SELECT COUNT(*)
FROM employees e
JOIN departments d ON e.dept_id = d.dept_id
WHERE d.city = 'Bangalore' AND e.salary BETWEEN 43037 AND 59035;"
379,"SELECT COUNT(*)
FROM employees e
JOIN departments d ON e.dept_id = d.dept_id
JOIN projects p ON p.emp_id = e.emp_id
WHERE d.city = 'Austin' AND p.budget_tier = 3 AND e.salary BETWEEN 120148 AND 136145;"
380,"SELECT COUNT(*)
FROM employees e
JOIN departments d ON e.dept_id = d.dept_id
JOIN projects p ON p.emp_id = e.emp_id
WHERE d.city = 'Bangalore' AND p.budget_tier = 2 AND e.salary BETWEEN 69255 AND 85252;"
381,SELECT COUNT(*) FROM departments WHERE city = 'Seattle';
382,SELECT COUNT(*) FROM employees WHERE salary BETWEEN 99035 AND 115033;
383,SELECT COUNT(*) FROM projects WHERE budget_tier = 3;
384,"SELECT COUNT(*)
FROM employees e
JOIN departments d ON e.dept_id = d.dept_id
WHERE d.city = 'Berlin' AND e.salary BETWEEN 159036 AND 175033;"
385,SELECT COUNT(*) FROM employees WHERE salary BETWEEN 155444 AND 171441;
386,SELECT COUNT(*) FROM projects WHERE budget_tier = 1;
387,"SELECT COUNT(*)
FROM employees e
JOIN departments d ON e.dept_id = d.dept_id
JOIN projects p ON p.emp_id = e.emp_id
WHERE d.city = 'Austin' AND p.budget_tier = 1 AND e.salary BETWEEN 89705 AND 105702;"
388,"SELECT COUNT(*)
FROM employees e
JOIN departments d ON e.dept_id = d.dept_id
WHERE d.city = 'Bangalore' AND e.salary BETWEEN 127640 AND 143638;"
389,"SELECT COUNT(*)
FROM employees e
JOIN departments d ON e.dept_id = d.dept_id
JOIN projects p ON p.emp_id = e.emp_id
WHERE d.city = 'Berlin' AND p.budget_tier = 1 AND e.salary BETWEEN 122598 AND 138596;"
390,SELECT COUNT(*) FROM employees WHERE dept_id = 3;
391,"SELECT COUNT(*)
FROM employees e
JOIN departments d ON e.dept_id = d.dept_id
JOIN projects p ON p.emp_id = e.emp_id
WHERE d.city = 'Seattle' AND p.budget_tier = 1 AND e.salary BETWEEN 142276 AND 158274;"
392,SELECT COUNT(*) FROM projects WHERE budget_tier = 2;
393,SELECT COUNT(*) FROM departments WHERE city = 'Bangalore';
394,"SELECT COUNT(*)
FROM employees e
JOIN departments d ON e.dept_id = d.dept_id
WHERE d.city = 'Austin' AND e.salary BETWEEN 80779 AND 96777;"
395,"SELECT COUNT(*)
FROM employees e
JOIN departments d ON e.dept_id = d.dept_id
JOIN projects p ON p.emp_id = e.emp_id
WHERE d.city = 'Seattle' AND p.budget_tier = 3 AND e.salary BETWEEN 135166 AND 151164;"
396,"SELECT COUNT(*)
FROM employees e
JOIN departments d ON e.dept_id = d.dept_id
WHERE d.city = 'Berlin' AND e.salary BETWEEN 196593 AND 199983;"
397,SELECT COUNT(*) FROM departments WHERE city = 'Austin';
398,SELECT COUNT(*) FROM employees WHERE salary BETWEEN 118862 AND 134860;
399,SELECT COUNT(*) FROM projects WHERE budget_tier = 3;
400,"SELECT COUNT(*)
FROM employees e
JOIN departments d ON e.dept_id = d.dept_id
WHERE d.city = 'Berlin' AND e.salary BETWEEN 185523 AND 199983;"
401,SELECT COUNT(*) FROM departments WHERE city = 'Austin';
402,"SELECT COUNT(*)
FROM employees e
JOIN departments d ON e.dept_id = d.dept_id
JOIN projects p ON p.emp_id = e.emp_id
WHERE d.city = 'Bangalore' AND p.budget_tier = 1 AND e.salary BETWEEN 110177 AND 126175;"
403,"SELECT COUNT(*)
FROM employees e
JOIN departments d ON e.dept_id = d.dept_id
WHERE d.city = 'Seattle' AND e.salary BETWEEN 95999 AND 111997;"
404,SELECT COUNT(*) FROM departments WHERE city = 'Austin';
405,"SELECT COUNT(*)
FROM employees e
JOIN departments d ON e.dept_id = d.dept_id
JOIN projects p ON p.emp_id = e.emp_id
WHERE d.city = 'Austin' AND p.budget_tier = 3 AND e.salary BETWEEN 143693 AND 159691;"
406,"SELECT COUNT(*)
FROM employees e
JOIN departments d ON e.dept_id = d.dept_id
WHERE d.city = 'Austin' AND e.salary BETWEEN 147674 AND 163671;"
407,"SELECT COUNT(*)
FROM employees e
JOIN departments d ON e.dept_id = d.dept_id
WHERE d.city = 'Austin' AND e.salary BETWEEN 178732 AND 194729;"
408,SELECT COUNT(*) FROM employees WHERE age BETWEEN 56 AND 61;
409,SELECT COUNT(*) FROM employees WHERE dept_id = 3;
410,"SELECT COUNT(*)
FROM employees e
JOIN departments d ON e.dept_id = d.dept_id
WHERE d.city = 'Seattle' AND e.salary BETWEEN 121044 AND 137041;"
411,"SELECT COUNT(*)
FROM employees e
JOIN departments d ON e.dept_id = d.dept_id
WHERE d.city = 'Seattle' AND e.salary BETWEEN 132185 AND 148182;"
412,SELECT COUNT(*) FROM departments WHERE city = 'Austin';
413,"SELECT COUNT(*)
FROM employees e
JOIN departments d ON e.dept_id = d.dept_id
WHERE d.city = 'Seattle' AND e.salary BETWEEN 163237 AND 179235;"
414,SELECT COUNT(*) FROM employees WHERE dept_id = 4;
415,"SELECT COUNT(*)
FROM employees e
JOIN departments d ON e.dept_id = d.dept_id
WHERE d.city = 'Seattle' AND e.salary BETWEEN 47628 AND 63626;"
416,SELECT COUNT(*) FROM departments WHERE city = 'Seattle';
417,SELECT COUNT(*) FROM employees WHERE age BETWEEN 59 AND 64;
418,SELECT COUNT(*) FROM projects WHERE budget_tier = 1;
419,SELECT COUNT(*) FROM projects WHERE budget_tier = 2;
420,SELECT COUNT(*) FROM departments WHERE city = 'Bangalore';
421,SELECT COUNT(*) FROM employees WHERE salary BETWEEN 190770 AND 199983;
422,"SELECT COUNT(*)
FROM employees e
JOIN departments d ON e.dept_id = d.dept_id
WHERE d.city = 'Bangalore' AND e.salary BETWEEN 193022 AND 199983;"
423,SELECT COUNT(*) FROM employees WHERE salary BETWEEN 186994 AND 199983;
424,"SELECT COUNT(*)
FROM employees e
JOIN departments d ON e.dept_id = d.dept_id
WHERE d.city = 'Seattle' AND e.salary BETWEEN 99553 AND 115551;"
425,SELECT COUNT(*) FROM projects WHERE budget_tier = 2;
426,"SELECT COUNT(*)
FROM employees e
JOIN departments d ON e.dept_id = d.dept_id
WHERE d.city = 'Berlin' AND e.salary BETWEEN 42734 AND 58732;"
427,SELECT COUNT(*) FROM projects WHERE budget_tier = 3;
428,SELECT COUNT(*) FROM projects WHERE budget_tier = 2;
429,SELECT COUNT(*) FROM projects WHERE budget_tier = 1;
430,"SELECT COUNT(*)
FROM employees e
JOIN departments d ON e.dept_id = d.dept_id
JOIN projects p ON p.emp_id = e.emp_id
WHERE d.city = 'Austin' AND p.budget_tier = 3 AND e.salary BETWEEN 188895 AND 199983;"
431,SELECT COUNT(*) FROM employees WHERE salary BETWEEN 109279 AND 125277;
432,SELECT COUNT(*) FROM departments WHERE city = 'Bangalore';
433,SELECT COUNT(*) FROM employees WHERE salary BETWEEN 194804 AND 199983;
434,SELECT COUNT(*) FROM projects WHERE budget_tier = 3;
435,SELECT COUNT(*) FROM employees WHERE age BETWEEN 60 AND 65;
436,"SELECT COUNT(*)
FROM employees e
JOIN departments d ON e.dept_id = d.dept_id
JOIN projects p ON p.emp_id = e.emp_id
WHERE d.city = 'Seattle' AND p.budget_tier = 1 AND e.salary BETWEEN 196832 AND 199983;"
437,"SELECT COUNT(*)
FROM employees e
JOIN departments d ON e.dept_id = d.dept_id
WHERE d.city = 'Seattle' AND e.salary BETWEEN 52438 AND 68436;"
438,SELECT COUNT(*) FROM projects WHERE budget_tier = 1;
439,"SELECT COUNT(*)
FROM employees e
JOIN departments d ON e.dept_id = d.dept_id
WHERE d.city = 'Seattle' AND e.salary BETWEEN 89326 AND 105324;"
440,"SELECT COUNT(*)
FROM employees e
JOIN departments d ON e.dept_id = d.dept_id
WHERE d.city = 'Berlin' AND e.salary BETWEEN 71193 AND 87191;"
441,"SELECT COUNT(*)
FROM employees e
JOIN departments d ON e.dept_id = d.dept_id
WHERE d.city = 'Bangalore' AND e.salary BETWEEN 83731 AND 99729;"
442,SELECT COUNT(*) FROM projects WHERE budget_tier = 1;
443,"SELECT COUNT(*)
FROM employees e
JOIN departments d ON e.dept_id = d.dept_id
JOIN projects p ON p.emp_id = e.emp_id
WHERE d.city = 'Seattle' AND p.budget_tier = 3 AND e.salary BETWEEN 118659 AND 134657;"
444,"SELECT COUNT(*)
FROM employees e
JOIN departments d ON e.dept_id = d.dept_id
WHERE d.city = 'Berlin' AND e.salary BETWEEN 99982 AND 115980;"
445,SELECT COUNT(*) FROM projects WHERE budget_tier = 1;
446,SELECT COUNT(*) FROM departments WHERE city = 'Austin';
447,"SELECT COUNT(*)
FROM employees e
JOIN departments d ON e.dept_id = d.dept_id
WHERE d.city = 'Berlin' AND e.salary BETWEEN 103885 AND 119882;"
448,"SELECT COUNT(*)
FROM employees e
JOIN departments d ON e.dept_id = d.dept_id
WHERE d.city = 'Berlin' AND e.salary BETWEEN 175582 AND 191579;"
449,SELECT COUNT(*) FROM departments WHERE city = 'Austin';
450,"SELECT COUNT(*)
FROM employees e
JOIN departments d ON e.dept_id = d.dept_id
WHERE d.city = 'Seattle' AND e.salary BETWEEN 189138 AND 199983;"
451,"SELECT COUNT(*)
FROM employees e
JOIN departments d ON e.dept_id = d.dept_id
WHERE d.city = 'Berlin' AND e.salary BETWEEN 51577 AND 67575;"
452,SELECT COUNT(*) FROM departments WHERE city = 'Berlin';
453,"SELECT COUNT(*)
FROM employees e
JOIN departments d ON e.dept_id = d.dept_id
JOIN projects p ON p.emp_id = e.emp_id
WHERE d.city = 'Berlin' AND p.budget_tier = 1 AND e.salary BETWEEN 74127 AND 90125;"
454,SELECT COUNT(*) FROM employees WHERE age BETWEEN 22 AND 27;
455,"SELECT COUNT(*)
FROM employees e
JOIN departments d ON e.dept_id = d.dept_id
WHERE d.city = 'Seattle' AND e.salary BETWEEN 198406 AND 199983;"
456,SELECT COUNT(*) FROM projects WHERE budget_tier = 2;
457,SELECT COUNT(*) FROM projects WHERE budget_tier = 2;
458,SELECT COUNT(*) FROM departments WHERE city = 'Berlin';
459,SELECT COUNT(*) FROM departments WHERE city = 'Berlin';
460,"SELECT COUNT(*)
FROM employees e
JOIN departments d ON e.dept_id = d.dept_id
WHERE d.city = 'Seattle' AND e.salary BETWEEN 62508 AND 78505;"
461,"SELECT COUNT(*)
FROM employees e
JOIN departments d ON e.dept_id = d.dept_id
JOIN projects p ON p.emp_id = e.emp_id
WHERE d.city = 'Austin' AND p.budget_tier = 1 AND e.salary BETWEEN 123916 AND 139913;"
462,"SELECT COUNT(*)
FROM employees e
JOIN departments d ON e.dept_id = d.dept_id
WHERE d.city = 'Seattle' AND e.salary BETWEEN 180916 AND 196914;"
463,"SELECT COUNT(*)
FROM employees e
JOIN departments d ON e.dept_id = d.dept_id
WHERE d.city = 'Berlin' AND e.salary BETWEEN 158607 AND 174605;"
464,SELECT COUNT(*) FROM departments WHERE city = 'Bangalore';
465,"SELECT COUNT(*)
FROM employees e
JOIN departments d ON e.dept_id = d.dept_id
WHERE d.city = 'Bangalore' AND e.salary BETWEEN 152027 AND 168024;"
466,SELECT COUNT(*) FROM projects WHERE budget_tier = 3;
467,SELECT COUNT(*) FROM employees WHERE salary BETWEEN 152840 AND 168838;
468,"SELECT COUNT(*)
FROM employees e
JOIN departments d ON e.dept_id = d.dept_id
WHERE d.city = 'Bangalore' AND e.salary BETWEEN 97887 AND 113884;"
469,"SELECT COUNT(*)
FROM employees e
JOIN departments d ON e.dept_id = d.dept_id
WHERE d.city = 'Berlin' AND e.salary BETWEEN 87567 AND 103565;"
470,SELECT COUNT(*) FROM departments WHERE city = 'Seattle';
471,SELECT COUNT(*) FROM departments WHERE city = 'Austin';
472,"SELECT COUNT(*)
FROM employees e
JOIN departments d ON e.dept_id = d.dept_id
WHERE d.city = 'Berlin' AND e.salary BETWEEN 169741 AND 185738;"
473,SELECT COUNT(*) FROM employees WHERE dept_id = 4;
474,"SELECT COUNT(*)
FROM employees e
JOIN departments d ON e.dept_id = d.dept_id
WHERE d.city = 'Austin' AND e.salary BETWEEN 169917 AND 185915;"
475,SELECT COUNT(*) FROM projects WHERE budget_tier = 3;
476,"SELECT COUNT(*)
FROM employees e
JOIN departments d ON e.dept_id = d.dept_id
WHERE d.city = 'Berlin' AND e.salary BETWEEN 179118 AND 195116;"
477,SELECT COUNT(*) FROM projects WHERE budget_tier = 2;
478,SELECT COUNT(*) FROM departments WHERE city = 'Seattle';
479,"SELECT COUNT(*)
FROM employees e
JOIN departments d ON e.dept_id = d.dept_id
JOIN projects p ON p.emp_id = e.emp_id
WHERE d.city = 'Bangalore' AND p.budget_tier = 2 AND e.salary BETWEEN 186793 AND 199983;"
480,SELECT COUNT(*) FROM projects WHERE budget_tier = 3;
481,SELECT COUNT(*) FROM departments WHERE city = 'Seattle';
482,"SELECT COUNT(*)
FROM employees e
JOIN departments d ON e.dept_id = d.dept_id
JOIN projects p ON p.emp_id = e.emp_id
WHERE d.city = 'Austin' AND p.budget_tier = 1 AND e.salary BETWEEN 122943 AND 138941;"
483,"SELECT COUNT(*)
FROM employees e
JOIN departments d ON e.dept_id = d.dept_id
WHERE d.city = 'Berlin' AND e.salary BETWEEN 121385 AND 137383;"
484,SELECT COUNT(*) FROM employees WHERE dept_id = 4;
485,"SELECT COUNT(*)
FROM employees e
JOIN departments d ON e.dept_id = d.dept_id
WHERE d.city = 'Seattle' AND e.salary BETWEEN 168142 AND 184139;"
486,SELECT COUNT(*) FROM departments WHERE city = 'Berlin';
487,SELECT COUNT(*) FROM employees WHERE dept_id = 1;
488,"SELECT COUNT(*)
FROM employees e
JOIN departments d ON e.dept_id = d.dept_id
WHERE d.city = 'Austin' AND e.salary BETWEEN 144412 AND 160409;"
489,"SELECT COUNT(*)
FROM employees e
JOIN departments d ON e.dept_id = d.dept_id
JOIN projects p ON p.emp_id = e.emp_id
WHERE d.city = 'Berlin' AND p.budget_tier = 2 AND e.salary BETWEEN 152708 AND 168706;"
490,"SELECT COUNT(*)
FROM employees e
JOIN departments d ON e.dept_id = d.dept_id
WHERE d.city = 'Austin' AND e.salary BETWEEN 167788 AND 183786;"
491,SELECT COUNT(*) FROM employees WHERE salary BETWEEN 182869 AND 198867;
492,SELECT COUNT(*) FROM projects WHERE budget_tier = 2;
493,"SELECT COUNT(*)
FROM employees e
JOIN departments d ON e.dept_id = d.dept_id
WHERE d.city = 'Seattle' AND e.salary BETWEEN 94228 AND 110225;"
494,SELECT COUNT(*) FROM projects WHERE budget_tier = 1;
495,SELECT COUNT(*) FROM projects WHERE budget_tier = 2;
496,SELECT COUNT(*) FROM projects WHERE budget_tier = 2;
497,"SELECT COUNT(*)
FROM employees e
JOIN departments d ON e.dept_id = d.dept_id
JOIN projects p ON p.emp_id = e.emp_id
WHERE d.city = 'Berlin' AND p.budget_tier = 2 AND e.salary BETWEEN 100498 AND 116496;"
498,SELECT COUNT(*) FROM departments WHERE city = 'Bangalore';
499,"SELECT COUNT(*)
FROM employees e
JOIN departments d ON e.dept_id = d.dept_id
WHERE d.city = 'Berlin' AND e.salary BETWEEN 55392 AND 71390;"
500,"SELECT COUNT(*)
FROM employees e
JOIN departments d ON e.dept_id = d.dept_id
WHERE d.city = 'Berlin' AND e.salary BETWEEN 133250 AND 149247;"
501,"SELECT COUNT(*)
FROM employees e
JOIN departments d ON e.dept_id = d.dept_id
WHERE d.city = 'Berlin' AND e.salary BETWEEN 46070 AND 62068;"
502,SELECT COUNT(*) FROM employees WHERE dept_id = 3;
503,"SELECT COUNT(*)
FROM employees e
JOIN departments d ON e.dept_id = d.dept_id
WHERE d.city = 'Seattle' AND e.salary BETWEEN 115388 AND 131385;"
504,"SELECT COUNT(*)
FROM employees e
JOIN departments d ON e.dept_id = d.dept_id
WHERE d.city = 'Seattle' AND e.salary BETWEEN 127653 AND 143651;"
505,"SELECT COUNT(*)
FROM employees e
JOIN departments d ON e.dept_id = d.dept_id
WHERE d.city = 'Bangalore' AND e.salary BETWEEN 86410 AND 102408;"
506,SELECT COUNT(*) FROM projects WHERE budget_tier = 3;
507,SELECT COUNT(*) FROM projects WHERE budget_tier = 3;
508,SELECT COUNT(*) FROM departments WHERE city = 'Austin';
509,"SELECT COUNT(*)
FROM employees e
JOIN departments d ON e.dept_id = d.dept_id
JOIN projects p ON p.emp_id = e.emp_id
WHERE d.city = 'Bangalore' AND p.budget_tier = 2 AND e.salary BETWEEN 135340 AND 151338;"
510,"SELECT COUNT(*)
FROM employees e
JOIN departments d ON e.dept_id = d.dept_id
WHERE d.city = 'Berlin' AND e.salary BETWEEN 45138 AND 61135;"
511,"SELECT COUNT(*)
FROM employees e
JOIN departments d ON e.dept_id = d.dept_id
JOIN projects p ON p.emp_id = e.emp_id
WHERE d.city = 'Seattle' AND p.budget_tier = 3 AND e.salary BETWEEN 46398 AND 62396;"
512,"SELECT COUNT(*)
FROM employees e
JOIN departments d ON e.dept_id = d.dept_id
WHERE d.city = 'Seattle' AND e.salary BETWEEN 171880 AND 187877;"
513,SELECT COUNT(*) FROM departments WHERE city = 'Bangalore';
514,"SELECT COUNT(*)
FROM employees e
JOIN departments d ON e.dept_id = d.dept_id
WHERE d.city = 'Austin' AND e.salary BETWEEN 97954 AND 113952;"
515,SELECT COUNT(*) FROM departments WHERE city = 'Bangalore';
516,SELECT COUNT(*) FROM departments WHERE city = 'Seattle';
517,"SELECT COUNT(*)
FROM employees e
JOIN departments d ON e.dept_id = d.dept_id
WHERE d.city = 'Berlin' AND e.salary BETWEEN 60293 AND 76291;"
518,SELECT COUNT(*) FROM employees WHERE age BETWEEN 40 AND 45;
519,"SELECT COUNT(*)
FROM employees e
JOIN departments d ON e.dept_id = d.dept_id
WHERE d.city = 'Berlin' AND e.salary BETWEEN 84113 AND 100111;"
520,SELECT COUNT(*) FROM projects WHERE budget_tier = 2;
521,"SELECT COUNT(*)
FROM employees e
JOIN departments d ON e.dept_id = d.dept_id
JOIN projects p ON p.emp_id = e.emp_id
WHERE d.city = 'Berlin' AND p.budget_tier = 2 AND e.salary BETWEEN 194531 AND 199983;"
522,"SELECT COUNT(*)
FROM employees e
JOIN departments d ON e.dept_id = d.dept_id
WHERE d.city = 'Austin' AND e.salary BETWEEN 113526 AND 129524;"
523,"SELECT COUNT(*)
FROM employees e
JOIN departments d ON e.dept_id = d.dept_id
JOIN projects p ON p.emp_id = e.emp_id
WHERE d.city = 'Berlin' AND p.budget_tier = 3 AND e.salary BETWEEN 175291 AND 191289;"
524,SELECT COUNT(*) FROM projects WHERE budget_tier = 1;
525,SELECT COUNT(*) FROM departments WHERE city = 'Berlin';
526,"SELECT COUNT(*)
FROM employees e
JOIN departments d ON e.dept_id = d.dept_id
WHERE d.city = 'Seattle' AND e.salary BETWEEN 71600 AND 87598;"
527,"SELECT COUNT(*)
FROM employees e
JOIN departments d ON e.dept_id = d.dept_id
WHERE d.city = 'Bangalore' AND e.salary BETWEEN 106482 AND 122479;"
528,"SELECT COUNT(*)
FROM employees e
JOIN departments d ON e.dept_id = d.dept_id
WHERE d.city = 'Seattle' AND e.salary BETWEEN 152308 AND 168306;"
529,SELECT COUNT(*) FROM employees WHERE dept_id = 3;
530,"SELECT COUNT(*)
FROM employees e
JOIN departments d ON e.dept_id = d.dept_id
JOIN projects p ON p.emp_id = e.emp_id
WHERE d.city = 'Bangalore' AND p.budget_tier = 1 AND e.salary BETWEEN 62229 AND 78227;"
531,SELECT COUNT(*) FROM employees WHERE dept_id = 1;
532,SELECT COUNT(*) FROM employees WHERE age BETWEEN 24 AND 29;
533,"SELECT COUNT(*)
FROM employees e
JOIN departments d ON e.dept_id = d.dept_id
WHERE d.city = 'Seattle' AND e.salary BETWEEN 196143 AND 199983;"
534,"SELECT COUNT(*)
FROM employees e
JOIN departments d ON e.dept_id = d.dept_id
WHERE d.city = 'Austin' AND e.salary BETWEEN 123585 AND 139583;"
535,"SELECT COUNT(*)
FROM employees e
JOIN departments d ON e.dept_id = d.dept_id
WHERE d.city = 'Austin' AND e.salary BETWEEN 92140 AND 108138;"
536,SELECT COUNT(*) FROM projects WHERE budget_tier = 2;
537,"SELECT COUNT(*)
FROM employees e
JOIN departments d ON e.dept_id = d.dept_id
WHERE d.city = 'Seattle' AND e.salary BETWEEN 167732 AND 183730;"
538,SELECT COUNT(*) FROM projects WHERE budget_tier = 2;
539,"SELECT COUNT(*)
FROM employees e
JOIN departments d ON e.dept_id = d.dept_id
JOIN projects p ON p.emp_id = e.emp_id
WHERE d.city = 'Berlin' AND p.budget_tier = 2 AND e.salary BETWEEN 84018 AND 100015;"
540,SELECT COUNT(*) FROM employees WHERE salary BETWEEN 110851 AND 126848;
541,"SELECT COUNT(*)
FROM employees e
JOIN departments d ON e.dept_id = d.dept_id
JOIN projects p ON p.emp_id = e.emp_id
WHERE d.city = 'Bangalore' AND p.budget_tier = 2 AND e.salary BETWEEN 52831 AND 68829;"
542,SELECT COUNT(*) FROM projects WHERE budget_tier = 3;
543,SELECT COUNT(*) FROM departments WHERE city = 'Bangalore';
544,"SELECT COUNT(*)
FROM employees e
JOIN departments d ON e.dept_id = d.dept_id
WHERE d.city = 'Bangalore' AND e.salary BETWEEN 44384 AND 60381;"
545,"SELECT COUNT(*)
FROM employees e
JOIN departments d ON e.dept_id = d.dept_id
JOIN projects p ON p.emp_id = e.emp_id
WHERE d.city = 'Austin' AND p.budget_tier = 1 AND e.salary BETWEEN 194153 AND 199983;"
546,SELECT COUNT(*) FROM departments WHERE city = 'Seattle';
547,"SELECT COUNT(*)
FROM employees e
JOIN departments d ON e.dept_id = d.dept_id
WHERE d.city = 'Berlin' AND e.salary BETWEEN 174193 AND 190191;"
548,"SELECT COUNT(*)
FROM employees e
JOIN departments d ON e.dept_id = d.dept_id
WHERE d.city = 'Seattle' AND e.salary BETWEEN 151868 AND 167866;"
549,"SELECT COUNT(*)
FROM employees e
JOIN departments d ON e.dept_id = d.dept_id
WHERE d.city = 'Seattle' AND e.salary BETWEEN 106125 AND 122122;"
550,SELECT COUNT(*) FROM employees WHERE salary BETWEEN 68346 AND 84344;
551,SELECT COUNT(*) FROM projects WHERE budget_tier = 1;
552,"SELECT COUNT(*)
FROM employees e
JOIN departments d ON e.dept_id = d.dept_id
WHERE d.city = 'Seattle' AND e.salary BETWEEN 65378 AND 81375;"
553,"SELECT COUNT(*)
FROM employees e
JOIN departments d ON e.dept_id = d.dept_id
JOIN projects p ON p.emp_id = e.emp_id
WHERE d.city = 'Austin' AND p.budget_tier = 1 AND e.salary BETWEEN 80769 AND 96766;"
554,"SELECT COUNT(*)
FROM employees e
JOIN departments d ON e.dept_id = d.dept_id
JOIN projects p ON p.emp_id = e.emp_id
WHERE d.city = 'Seattle' AND p.budget_tier = 1 AND e.salary BETWEEN 128887 AND 144885;"
555,SELECT COUNT(*) FROM projects WHERE budget_tier = 1;
556,SELECT COUNT(*) FROM employees WHERE salary BETWEEN 154491 AND 170488;
557,SELECT COUNT(*) FROM departments WHERE city = 'Seattle';
558,"SELECT COUNT(*)
FROM employees e
JOIN departments d ON e.dept_id = d.dept_id
WHERE d.city = 'Berlin' AND e.salary BETWEEN 146137 AND 162134;"
559,"SELECT COUNT(*)
FROM employees e
JOIN departments d ON e.dept_id = d.dept_id
WHERE d.city = 'Austin' AND e.salary BETWEEN 85402 AND 101399;"
560,SELECT COUNT(*) FROM departments WHERE city = 'Austin';
561,"SELECT COUNT(*)
FROM employees e
JOIN departments d ON e.dept_id = d.dept_id
WHERE d.city = 'Bangalore' AND e.salary BETWEEN 193084 AND 199983;"
562,SELECT COUNT(*) FROM employees WHERE dept_id = 1;
563,SELECT COUNT(*) FROM employees WHERE age BETWEEN 51 AND 56;
564,"SELECT COUNT(*)
FROM employees e
JOIN departments d ON e.dept_id = d.dept_id
JOIN projects p ON p.emp_id = e.emp_id
WHERE d.city = 'Bangalore' AND p.budget_tier = 3 AND e.salary BETWEEN 145522 AND 161519;"
565,"SELECT COUNT(*)
FROM employees e
JOIN departments d ON e.dept_id = d.dept_id
WHERE d.city = 'Austin' AND e.salary BETWEEN 110474 AND 126471;"
566,SELECT COUNT(*) FROM employees WHERE dept_id = 4;
567,"SELECT COUNT(*)
FROM employees e
JOIN departments d ON e.dept_id = d.dept_id
WHERE d.city = 'Bangalore' AND e.salary BETWEEN 156736 AND 172733;"
568,SELECT COUNT(*) FROM departments WHERE city = 'Seattle';
569,"SELECT COUNT(*)
FROM employees e
JOIN departments d ON e.dept_id = d.dept_id
WHERE d.city = 'Austin' AND e.salary BETWEEN 48102 AND 64099;"
570,"SELECT COUNT(*)
FROM employees e
JOIN departments d ON e.dept_id = d.dept_id
WHERE d.city = 'Berlin' AND e.salary BETWEEN 131330 AND 147327;"
571,SELECT COUNT(*) FROM projects WHERE budget_tier = 1;
572,SELECT COUNT(*) FROM departments WHERE city = 'Austin';
573,"SELECT COUNT(*)
FROM employees e
JOIN departments d ON e.dept_id = d.dept_id
WHERE d.city = 'Seattle' AND e.salary BETWEEN 65707 AND 81704;"
574,"SELECT COUNT(*)
FROM employees e
JOIN departments d ON e.dept_id = d.dept_id
WHERE d.city = 'Berlin' AND e.salary BETWEEN 59132 AND 75130;"
575,SELECT COUNT(*) FROM projects WHERE budget_tier = 1;
576,"SELECT COUNT(*)
FROM employees e
JOIN departments d ON e.dept_id = d.dept_id
WHERE d.city = 'Seattle' AND e.salary BETWEEN 94781 AND 110779;"
577,SELECT COUNT(*) FROM departments WHERE city = 'Seattle';
578,"SELECT COUNT(*)
FROM employees e
JOIN departments d ON e.dept_id = d.dept_id
WHERE d.city = 'Berlin' AND e.salary BETWEEN 55116 AND 71114;"
579,SELECT COUNT(*) FROM employees WHERE salary BETWEEN 55435 AND 71432;
580,"SELECT COUNT(*)
FROM employees e
JOIN departments d ON e.dept_id = d.dept_id
WHERE d.city = 'Berlin' AND e.salary BETWEEN 90238 AND 106236;"
581,SELECT COUNT(*) FROM projects WHERE budget_tier = 2;
582,"SELECT COUNT(*)
FROM employees e
JOIN departments d ON e.dept_id = d.dept_id
WHERE d.city = 'Berlin' AND e.salary BETWEEN 196685 AND 199983;"
583,SELECT COUNT(*) FROM departments WHERE city = 'Berlin';
584,"SELECT COUNT(*)
FROM employees e
JOIN departments d ON e.dept_id = d.dept_id
WHERE d.city = 'Austin' AND e.salary BETWEEN 68730 AND 84728;"
585,"SELECT COUNT(*)
FROM employees e
JOIN departments d ON e.dept_id = d.dept_id
WHERE d.city = 'Bangalore' AND e.salary BETWEEN 42903 AND 58900;"
586,"SELECT COUNT(*)
FROM employees e
JOIN departments d ON e.dept_id = d.dept_id
JOIN projects p ON p.emp_id = e.emp_id
WHERE d.city = 'Bangalore' AND p.budget_tier = 3 AND e.salary BETWEEN 162272 AND 178270;"
587,"SELECT COUNT(*)
FROM employees e
JOIN departments d ON e.dept_id = d.dept_id
WHERE d.city = 'Seattle' AND e.salary BETWEEN 169352 AND 185350;"
588,"SELECT COUNT(*)
FROM employees e
JOIN departments d ON e.dept_id = d.dept_id
WHERE d.city = 'Bangalore' AND e.salary BETWEEN 95472 AND 111470;"
589,SELECT COUNT(*) FROM employees WHERE dept_id = 2;
590,"SELECT COUNT(*)
FROM employees e
JOIN departments d ON e.dept_id = d.dept_id
JOIN projects p ON p.emp_id = e.emp_id
WHERE d.city = 'Berlin' AND p.budget_tier = 2 AND e.salary BETWEEN 115288 AND 131286;"
591,"SELECT COUNT(*)
FROM employees e
JOIN departments d ON e.dept_id = d.dept_id
WHERE d.city = 'Bangalore' AND e.salary BETWEEN 144345 AND 160343;"
592,SELECT COUNT(*) FROM projects WHERE budget_tier = 2;
593,SELECT COUNT(*) FROM employees WHERE age BETWEEN 31 AND 36;
594,SELECT COUNT(*) FROM employees WHERE salary BETWEEN 139322 AND 155319;
595,SELECT COUNT(*) FROM departments WHERE city = 'Bangalore';
596,"SELECT COUNT(*)
FROM employees e
JOIN departments d ON e.dept_id = d.dept_id
JOIN projects p ON p.emp_id = e.emp_id
WHERE d.city = 'Bangalore' AND p.budget_tier = 2 AND e.salary BETWEEN 142081 AND 158079;"
597,"SELECT COUNT(*)
FROM employees e
JOIN departments d ON e.dept_id = d.dept_id
JOIN projects p ON p.emp_id = e.emp_id
WHERE d.city = 'Bangalore' AND p.budget_tier = 1 AND e.salary BETWEEN 47876 AND 63874;"
598,SELECT COUNT(*) FROM projects WHERE budget_tier = 3;
599,"SELECT COUNT(*)
FROM employees e
JOIN departments d ON e.dept_id = d.dept_id
WHERE d.city = 'Bangalore' AND e.salary BETWEEN 100348 AND 116346;"
600,SELECT COUNT(*) FROM projects WHERE budget_tier = 2;
601,"SELECT COUNT(*)
FROM employees e
JOIN departments d ON e.dept_id = d.dept_id
WHERE d.city = 'Berlin' AND e.salary BETWEEN 140772 AND 156769;"
602,SELECT COUNT(*) FROM departments WHERE city = 'Berlin';
603,SELECT COUNT(*) FROM projects WHERE budget_tier = 3;
604,SELECT COUNT(*) FROM departments WHERE city = 'Berlin';
605,SELECT COUNT(*) FROM projects WHERE budget_tier = 2;
606,"SELECT COUNT(*)
FROM employees e
JOIN departments d ON e.dept_id = d.dept_id
WHERE d.city = 'Bangalore' AND e.salary BETWEEN 121592 AND 137589;"
607,SELECT COUNT(*) FROM employees WHERE dept_id = 4;
608,SELECT COUNT(*) FROM projects WHERE budget_tier = 1;
609,"SELECT COUNT(*)
FROM employees e
JOIN departments d ON e.dept_id = d.dept_id
JOIN projects p ON p.emp_id = e.emp_id
WHERE d.city = 'Austin' AND p.budget_tier = 1 AND e.salary BETWEEN 177655 AND 193652;"
610,"SELECT COUNT(*)
FROM employees e
JOIN departments d ON e.dept_id = d.dept_id
WHERE d.city = 'Bangalore' AND e.salary BETWEEN 145753 AND 161751;"
611,SELECT COUNT(*) FROM employees WHERE dept_id = 3;
612,SELECT COUNT(*) FROM projects WHERE budget_tier = 1;
613,"SELECT COUNT(*)
FROM employees e
JOIN departments d ON e.dept_id = d.dept_id
WHERE d.city = 'Bangalore' AND e.salary BETWEEN 66448 AND 82445;"
614,"SELECT COUNT(*)
FROM employees e
JOIN departments d ON e.dept_id = d.dept_id
JOIN projects p ON p.emp_id = e.emp_id
WHERE d.city = 'Berlin' AND p.budget_tier = 2 AND e.salary BETWEEN 51624 AND 67621;"
615,"SELECT COUNT(*)
FROM employees e
JOIN departments d ON e.dept_id = d.dept_id
WHERE d.city = 'Austin' AND e.salary BETWEEN 143368 AND 159366;"
616,"SELECT COUNT(*)
FROM employees e
JOIN departments d ON e.dept_id = d.dept_id
WHERE d.city = 'Bangalore' AND e.salary BETWEEN 44516 AND 60513;"
617,SELECT COUNT(*) FROM departments WHERE city = 'Austin';
618,"SELECT COUNT(*)
FROM employees e
JOIN departments d ON e.dept_id = d.dept_id
JOIN projects p ON p.emp_id = e.emp_id
WHERE d.city = 'Seattle' AND p.budget_tier = 2 AND e.salary BETWEEN 134468 AND 150466;"
619,SELECT COUNT(*) FROM departments WHERE city = 'Seattle';
620,SELECT COUNT(*) FROM departments WHERE city = 'Bangalore';
621,SELECT COUNT(*) FROM projects WHERE budget_tier = 1;
622,"SELECT COUNT(*)
FROM employees e
JOIN departments d ON e.dept_id = d.dept_id
WHERE d.city = 'Bangalore' AND e.salary BETWEEN 190746 AND 199983;"
623,SELECT COUNT(*) FROM employees WHERE dept_id = 4;
624,SELECT COUNT(*) FROM projects WHERE budget_tier = 1;
625,"SELECT COUNT(*)
FROM employees e
JOIN departments d ON e.dept_id = d.dept_id
JOIN projects p ON p.emp_id = e.emp_id
WHERE d.city = 'Berlin' AND p.budget_tier = 2 AND e.salary BETWEEN 132802 AND 148800;"
626,"SELECT COUNT(*)
FROM employees e
JOIN departments d ON e.dept_id = d.dept_id
WHERE d.city = 'Berlin' AND e.salary BETWEEN 102786 AND 118783;"
627,"SELECT COUNT(*)
FROM employees e
JOIN departments d ON e.dept_id = d.dept_id
JOIN projects p ON p.emp_id = e.emp_id
WHERE d.city = 'Austin' AND p.budget_tier = 3 AND e.salary BETWEEN 143478 AND 159475;"
628,"SELECT COUNT(*)
FROM employees e
JOIN departments d ON e.dept_id = d.dept_id
WHERE d.city = 'Austin' AND e.salary BETWEEN 113699 AND 129696;"
629,SELECT COUNT(*) FROM employees WHERE dept_id = 2;
630,"SELECT COUNT(*)
FROM employees e
JOIN departments d ON e.dept_id = d.dept_id
WHERE d.city = 'Seattle' AND e.salary BETWEEN 128294 AND 144291;"
631,SELECT COUNT(*) FROM projects WHERE budget_tier = 1;
632,SELECT COUNT(*) FROM projects WHERE budget_tier = 1;
633,"SELECT COUNT(*)
FROM employees e
JOIN departments d ON e.dept_id = d.dept_id
WHERE d.city = 'Seattle' AND e.salary BETWEEN 190979 AND 199983;"
634,SELECT COUNT(*) FROM departments WHERE city = 'Bangalore';
635,"SELECT COUNT(*)
FROM employees e
JOIN departments d ON e.dept_id = d.dept_id
WHERE d.city = 'Bangalore' AND e.salary BETWEEN 102362 AND 118360;"
636,"SELECT COUNT(*)
FROM employees e
JOIN departments d ON e.dept_id = d.dept_id
WHERE d.city = 'Seattle' AND e.salary BETWEEN 193877 AND 199983;"
637,SELECT COUNT(*) FROM departments WHERE city = 'Seattle';
638,SELECT COUNT(*) FROM projects WHERE budget_tier = 3;
639,SELECT COUNT(*) FROM projects WHERE budget_tier = 2;
640,SELECT COUNT(*) FROM employees WHERE salary BETWEEN 185402 AND 199983;
641,"SELECT COUNT(*)
FROM employees e
JOIN departments d ON e.dept_id = d.dept_id
WHERE d.city = 'Seattle' AND e.salary BETWEEN 71899 AND 87897;"
642,"SELECT COUNT(*)
FROM employees e
JOIN departments d ON e.dept_id = d.dept_id
WHERE d.city = 'Austin' AND e.salary BETWEEN 51391 AND 67389;"
643,SELECT COUNT(*) FROM employees WHERE salary BETWEEN 56303 AND 72300;
644,"SELECT COUNT(*)
FROM employees e
JOIN departments d ON e.dept_id = d.dept_id
JOIN projects p ON p.emp_id = e.emp_id
WHERE d.city = 'Austin' AND p.budget_tier = 2 AND e.salary BETWEEN 43053 AND 59050;"
645,"SELECT COUNT(*)
FROM employees e
JOIN departments d ON e.dept_id = d.dept_id
JOIN projects p ON p.emp_id = e.emp_id
WHERE d.city = 'Berlin' AND p.budget_tier = 2 AND e.salary BETWEEN 55486 AND 71484;"
646,SELECT COUNT(*) FROM projects WHERE budget_tier = 2;
647,SELECT COUNT(*) FROM projects WHERE budget_tier = 2;
648,"SELECT COUNT(*)
FROM employees e
JOIN departments d ON e.dept_id = d.dept_id
WHERE d.city = 'Seattle' AND e.salary BETWEEN 149808 AND 165806;"
649,"SELECT COUNT(*)
FROM employees e
JOIN departments d ON e.dept_id = d.dept_id
WHERE d.city = 'Austin' AND e.salary BETWEEN 51754 AND 67751;"
650,"SELECT COUNT(*)
FROM employees e
JOIN departments d ON e.dept_id = d.dept_id
WHERE d.city = 'Austin' AND e.salary BETWEEN 91427 AND 107424;"
651,SELECT COUNT(*) FROM projects WHERE budget_tier = 1;
652,SELECT COUNT(*) FROM projects WHERE budget_tier = 1;
653,"SELECT COUNT(*)
FROM employees e
JOIN departments d ON e.dept_id = d.dept_id
WHERE d.city = 'Seattle' AND e.salary BETWEEN 175723 AND 191721;"
654,SELECT COUNT(*) FROM projects WHERE budget_tier = 3;
655,SELECT COUNT(*) FROM employees WHERE age BETWEEN 42 AND 47;
656,SELECT COUNT(*) FROM projects WHERE budget_tier = 1;
657,SELECT COUNT(*) FROM projects WHERE budget_tier = 3;
658,SELECT COUNT(*) FROM departments WHERE city = 'Bangalore';
659,SELECT COUNT(*) FROM projects WHERE budget_tier = 1;
660,SELECT COUNT(*) FROM employees WHERE age BETWEEN 60 AND 65;
661,SELECT COUNT(*) FROM departments WHERE city = 'Bangalore';
662,SELECT COUNT(*) FROM employees WHERE salary BETWEEN 82422 AND 98419;
663,"SELECT COUNT(*)
FROM employees e
JOIN departments d ON e.dept_id = d.dept_id
WHERE d.city = 'Berlin' AND e.salary BETWEEN 120457 AND 136454;"
664,"SELECT COUNT(*)
FROM employees e
JOIN departments d ON e.dept_id = d.dept_id
JOIN projects p ON p.emp_id = e.emp_id
WHERE d.city = 'Berlin' AND p.budget_tier = 1 AND e.salary BETWEEN 151334 AND 167332;"
665,"SELECT COUNT(*)
FROM employees e
JOIN departments d ON e.dept_id = d.dept_id
JOIN projects p ON p.emp_id = e.emp_id
WHERE d.city = 'Austin' AND p.budget_tier = 2 AND e.salary BETWEEN 95812 AND 111809;"
666,"SELECT COUNT(*)
FROM employees e
JOIN departments d ON e.dept_id = d.dept_id
WHERE d.city = 'Seattle' AND e.salary BETWEEN 190220 AND 199983;"
667,SELECT COUNT(*) FROM departments WHERE city = 'Seattle';
668,SELECT COUNT(*) FROM employees WHERE dept_id = 1;
669,SELECT COUNT(*) FROM departments WHERE city = 'Bangalore';
670,SELECT COUNT(*) FROM employees WHERE salary BETWEEN 46710 AND 62708;
671,"SELECT COUNT(*)
FROM employees e
JOIN departments d ON e.dept_id = d.dept_id
JOIN projects p ON p.emp_id = e.emp_id
WHERE d.city = 'Berlin' AND p.budget_tier = 3 AND e.salary BETWEEN 107695 AND 123692;"
672,"SELECT COUNT(*)
FROM employees e
JOIN departments d ON e.dept_id = d.dept_id
WHERE d.city = 'Bangalore' AND e.salary BETWEEN 194900 AND 199983;"
673,"SELECT COUNT(*)
FROM employees e
JOIN departments d ON e.dept_id = d.dept_id
JOIN projects p ON p.emp_id = e.emp_id
WHERE d.city = 'Bangalore' AND p.budget_tier = 3 AND e.salary BETWEEN 128712 AND 144709;"
674,"SELECT COUNT(*)
FROM employees e
JOIN departments d ON e.dept_id = d.dept_id
JOIN projects p ON p.emp_id = e.emp_id
WHERE d.city = 'Bangalore' AND p.budget_tier = 1 AND e.salary BETWEEN 108512 AND 124510;"
675,SELECT COUNT(*) FROM departments WHERE city = 'Bangalore';
676,"SELECT COUNT(*)
FROM employees e
JOIN departments d ON e.dept_id = d.dept_id
JOIN projects p ON p.emp_id = e.emp_id
WHERE d.city = 'Austin' AND p.budget_tier = 1 AND e.salary BETWEEN 131628 AND 147626;"
677,SELECT COUNT(*) FROM employees WHERE salary BETWEEN 132860 AND 148858;
678,SELECT COUNT(*) FROM projects WHERE budget_tier = 1;
679,SELECT COUNT(*) FROM employees WHERE dept_id = 4;
680,SELECT COUNT(*) FROM departments WHERE city = 'Berlin';
681,"SELECT COUNT(*)
FROM employees e
JOIN departments d ON e.dept_id = d.dept_id
WHERE d.city = 'Berlin' AND e.salary BETWEEN 157021 AND 173019;"
682,SELECT COUNT(*) FROM employees WHERE age BETWEEN 46 AND 51;
683,"SELECT COUNT(*)
FROM employees e
JOIN departments d ON e.dept_id = d.dept_id
WHERE d.city = 'Berlin' AND e.salary BETWEEN 99822 AND 115820;"
684,"SELECT COUNT(*)
FROM employees e
JOIN departments d ON e.dept_id = d.dept_id
WHERE d.city = 'Seattle' AND e.salary BETWEEN 164728 AND 180726;"
685,SELECT COUNT(*) FROM departments WHERE city = 'Berlin';
686,"SELECT COUNT(*)
FROM employees e
JOIN departments d ON e.dept_id = d.dept_id
WHERE d.city = 'Seattle' AND e.salary BETWEEN 94618 AND 110615;"
687,SELECT COUNT(*) FROM employees WHERE salary BETWEEN 189283 AND 199983;
688,SELECT COUNT(*) FROM departments WHERE city = 'Berlin';
689,"SELECT COUNT(*)
FROM employees e
JOIN departments d ON e.dept_id = d.dept_id
WHERE d.city = 'Austin' AND e.salary BETWEEN 177898 AND 193896;"
690,"SELECT COUNT(*)
FROM employees e
JOIN departments d ON e.dept_id = d.dept_id
WHERE d.city = 'Bangalore' AND e.salary BETWEEN 109373 AND 125371;"
691,"SELECT COUNT(*)
FROM employees e
JOIN departments d ON e.dept_id = d.dept_id
WHERE d.city = 'Seattle' AND e.salary BETWEEN 160214 AND 176212;"
692,SELECT COUNT(*) FROM projects WHERE budget_tier = 2;
693,"SELECT COUNT(*)
FROM employees e
JOIN departments d ON e.dept_id = d.dept_id
WHERE d.city = 'Bangalore' AND e.salary BETWEEN 160751 AND 176749;"
694,SELECT COUNT(*) FROM projects WHERE budget_tier = 1;
695,SELECT COUNT(*) FROM projects WHERE budget_tier = 2;
696,SELECT COUNT(*) FROM projects WHERE budget_tier = 3;
697,"SELECT COUNT(*)
FROM employees e
JOIN departments d ON e.dept_id = d.dept_id
WHERE d.city = 'Bangalore' AND e.salary BETWEEN 56655 AND 72652;"
698,"SELECT COUNT(*)
FROM employees e
JOIN departments d ON e.dept_id = d.dept_id
WHERE d.city = 'Berlin' AND e.salary BETWEEN 184886 AND 199983;"
699,SELECT COUNT(*) FROM employees WHERE salary BETWEEN 122012 AND 138009;
700,SELECT COUNT(*) FROM employees WHERE salary BETWEEN 172606 AND 188604;
701,"SELECT COUNT(*)
FROM employees e
JOIN departments d ON e.dept_id = d.dept_id
WHERE d.city = 'Seattle' AND e.salary BETWEEN 91568 AND 107566;"
702,"SELECT COUNT(*)
FROM employees e
JOIN departments d ON e.dept_id = d.dept_id
WHERE d.city = 'Berlin' AND e.salary BETWEEN 183818 AND 199816;"
703,"SELECT COUNT(*)
FROM employees e
JOIN departments d ON e.dept_id = d.dept_id
JOIN projects p ON p.emp_id = e.emp_id
WHERE d.city = 'Austin' AND p.budget_tier = 2 AND e.salary BETWEEN 102981 AND 118978;"
704,"SELECT COUNT(*)
FROM employees e
JOIN departments d ON e.dept_id = d.dept_id
WHERE d.city = 'Austin' AND e.salary BETWEEN 41953 AND 57950;"
705,"SELECT COUNT(*)
FROM employees e
JOIN departments d ON e.dept_id = d.dept_id
WHERE d.city = 'Bangalore' AND e.salary BETWEEN 185407 AND 199983;"
706,SELECT COUNT(*) FROM projects WHERE budget_tier = 3;
707,SELECT COUNT(*) FROM projects WHERE budget_tier = 2;
708,SELECT COUNT(*) FROM departments WHERE city = 'Berlin';
709,SELECT COUNT(*) FROM departments WHERE city = 'Austin';
710,SELECT COUNT(*) FROM projects WHERE budget_tier = 2;
711,"SELECT COUNT(*)
FROM employees e
JOIN departments d ON e.dept_id = d.dept_id
JOIN projects p ON p.emp_id = e.emp_id
WHERE d.city = 'Seattle' AND p.budget_tier = 2 AND e.salary BETWEEN 55056 AND 71054;"
712,"SELECT COUNT(*)
FROM employees e
JOIN departments d ON e.dept_id = d.dept_id
WHERE d.city = 'Berlin' AND e.salary BETWEEN 91446 AND 107444;"
713,"SELECT COUNT(*)
FROM employees e
JOIN departments d ON e.dept_id = d.dept_id
JOIN projects p ON p.emp_id = e.emp_id
WHERE d.city = 'Bangalore' AND p.budget_tier = 2 AND e.salary BETWEEN 192422 AND 199983;"
714,SELECT COUNT(*) FROM employees WHERE salary BETWEEN 192503 AND 199983;
715,"SELECT COUNT(*)
FROM employees e
JOIN departments d ON e.dept_id = d.dept_id
JOIN projects p ON p.emp_id = e.emp_id
WHERE d.city = 'Berlin' AND p.budget_tier = 2 AND e.salary BETWEEN 132420 AND 148418;"
716,SELECT COUNT(*) FROM projects WHERE budget_tier = 1;
717,"SELECT COUNT(*)
FROM employees e
JOIN departments d ON e.dept_id = d.dept_id
WHERE d.city = 'Austin' AND e.salary BETWEEN 141570 AND 157568;"
718,"SELECT COUNT(*)
FROM employees e
JOIN departments d ON e.dept_id = d.dept_id
JOIN projects p ON p.emp_id = e.emp_id
WHERE d.city = 'Berlin' AND p.budget_tier = 2 AND e.salary BETWEEN 112091 AND 128088;"
719,SELECT COUNT(*) FROM departments WHERE city = 'Berlin';
720,"SELECT COUNT(*)
FROM employees e
JOIN departments d ON e.dept_id = d.dept_id
WHERE d.city = 'Bangalore' AND e.salary BETWEEN 87530 AND 103527;"
721,SELECT COUNT(*) FROM departments WHERE city = 'Berlin';
722,SELECT COUNT(*) FROM projects WHERE budget_tier = 2;
723,SELECT COUNT(*) FROM departments WHERE city = 'Berlin';
724,"SELECT COUNT(*)
FROM employees e
JOIN departments d ON e.dept_id = d.dept_id
JOIN projects p ON p.emp_id = e.emp_id
WHERE d.city = 'Austin' AND p.budget_tier = 1 AND e.salary BETWEEN 93005 AND 109003;"
725,SELECT COUNT(*) FROM projects WHERE budget_tier = 3;
726,SELECT COUNT(*) FROM departments WHERE city = 'Berlin';
727,"SELECT COUNT(*)
FROM employees e
JOIN departments d ON e.dept_id = d.dept_id
WHERE d.city = 'Austin' AND e.salary BETWEEN 148184 AND 164182;"
728,SELECT COUNT(*) FROM projects WHERE budget_tier = 2;
729,"SELECT COUNT(*)
FROM employees e
JOIN departments d ON e.dept_id = d.dept_id
JOIN projects p ON p.emp_id = e.emp_id
WHERE d.city = 'Berlin' AND p.budget_tier = 2 AND e.salary BETWEEN 160446 AND 176444;"
730,SELECT COUNT(*) FROM projects WHERE budget_tier = 1;
731,SELECT COUNT(*) FROM employees WHERE age BETWEEN 44 AND 49;
732,"SELECT COUNT(*)
FROM employees e
JOIN departments d ON e.dept_id = d.dept_id
JOIN projects p ON p.emp_id = e.emp_id
WHERE d.city = 'Austin' AND p.budget_tier = 3 AND e.salary BETWEEN 166836 AND 182834;"
733,SELECT COUNT(*) FROM departments WHERE city = 'Berlin';
734,"SELECT COUNT(*)
FROM employees e
JOIN departments d ON e.dept_id = d.dept_id
WHERE d.city = 'Seattle' AND e.salary BETWEEN 55028 AND 71026;"
735,"SELECT COUNT(*)
FROM employees e
JOIN departments d ON e.dept_id = d.dept_id
WHERE d.city = 'Austin' AND e.salary BETWEEN 120234 AND 136231;"
736,SELECT COUNT(*) FROM projects WHERE budget_tier = 1;
737,SELECT COUNT(*) FROM departments WHERE city = 'Bangalore';
738,"SELECT COUNT(*)
FROM employees e
JOIN departments d ON e.dept_id = d.dept_id
WHERE d.city = 'Berlin' AND e.salary BETWEEN 49494 AND 65492;"
739,SELECT COUNT(*) FROM projects WHERE budget_tier = 3;
740,"SELECT COUNT(*)
FROM employees e
JOIN departments d ON e.dept_id = d.dept_id
JOIN projects p ON p.emp_id = e.emp_id
WHERE d.city = 'Seattle' AND p.budget_tier = 3 AND e.salary BETWEEN 128944 AND 144942;"
741,SELECT COUNT(*) FROM projects WHERE budget_tier = 1;
742,"SELECT COUNT(*)
FROM employees e
JOIN departments d ON e.dept_id = d.dept_id
JOIN projects p ON p.emp_id = e.emp_id
WHERE d.city = 'Austin' AND p.budget_tier = 2 AND e.salary BETWEEN 111155 AND 127153;"
743,"SELECT COUNT(*)
FROM employees e
JOIN departments d ON e.dept_id = d.dept_id
JOIN projects p ON p.emp_id = e.emp_id
WHERE d.city = 'Austin' AND p.budget_tier = 3 AND e.salary BETWEEN 182561 AND 198559;"
744,"SELECT COUNT(*)
FROM employees e
JOIN departments d ON e.dept_id = d.dept_id
JOIN projects p ON p.emp_id = e.emp_id
WHERE d.city = 'Bangalore' AND p.budget_tier = 3 AND e.salary BETWEEN 96160 AND 112157;"
745,SELECT COUNT(*) FROM projects WHERE budget_tier = 2;
746,"SELECT COUNT(*)
FROM employees e
JOIN departments d ON e.dept_id = d.dept_id
JOIN projects p ON p.emp_id = e.emp_id
WHERE d.city = 'Seattle' AND p.budget_tier = 2 AND e.salary BETWEEN 58786 AND 74783;"
747,"SELECT COUNT(*)
FROM employees e
JOIN departments d ON e.dept_id = d.dept_id
WHERE d.city = 'Seattle' AND e.salary BETWEEN 63067 AND 79064;"
748,"SELECT COUNT(*)
FROM employees e
JOIN departments d ON e.dept_id = d.dept_id
JOIN projects p ON p.emp_id = e.emp_id
WHERE d.city = 'Berlin' AND p.budget_tier = 1 AND e.salary BETWEEN 161878 AND 177875;"
749,SELECT COUNT(*) FROM projects WHERE budget_tier = 3;
750,"SELECT COUNT(*)
FROM employees e
JOIN departments d ON e.dept_id = d.dept_id
WHERE d.city = 'Austin' AND e.salary BETWEEN 139598 AND 155595;"
751,"SELECT COUNT(*)
FROM employees e
JOIN departments d ON e.dept_id = d.dept_id
JOIN projects p ON p.emp_id = e.emp_id
WHERE d.city = 'Bangalore' AND p.budget_tier = 2 AND e.salary BETWEEN 56344 AND 72342;"
752,SELECT COUNT(*) FROM employees WHERE salary BETWEEN 53699 AND 69697;
753,SELECT COUNT(*) FROM departments WHERE city = 'Berlin';
754,"SELECT COUNT(*)
FROM employees e
JOIN departments d ON e.dept_id = d.dept_id
WHERE d.city = 'Seattle' AND e.salary BETWEEN 152547 AND 168545;"
755,"SELECT COUNT(*)
FROM employees e
JOIN departments d ON e.dept_id = d.dept_id
WHERE d.city = 'Berlin' AND e.salary BETWEEN 52029 AND 68027;"
756,"SELECT COUNT(*)
FROM employees e
JOIN departments d ON e.dept_id = d.dept_id
WHERE d.city = 'Austin' AND e.salary BETWEEN 171793 AND 187791;"
757,SELECT COUNT(*) FROM projects WHERE budget_tier = 1;
758,"SELECT COUNT(*)
FROM employees e
JOIN departments d ON e.dept_id = d.dept_id
WHERE d.city = 'Berlin' AND e.salary BETWEEN 153372 AND 169369;"
759,SELECT COUNT(*) FROM projects WHERE budget_tier = 1;
760,SELECT COUNT(*) FROM employees WHERE salary BETWEEN 53277 AND 69275;
761,SELECT COUNT(*) FROM employees WHERE dept_id = 3;
762,SELECT COUNT(*) FROM departments WHERE city = 'Berlin';
763,"SELECT COUNT(*)
FROM employees e
JOIN departments d ON e.dept_id = d.dept_id
JOIN projects p ON p.emp_id = e.emp_id
WHERE d.city = 'Berlin' AND p.budget_tier = 2 AND e.salary BETWEEN 53784 AND 69781;"
764,"SELECT COUNT(*)
FROM employees e
JOIN departments d ON e.dept_id = d.dept_id
WHERE d.city = 'Seattle' AND e.salary BETWEEN 197866 AND 199983;"
765,SELECT COUNT(*) FROM departments WHERE city = 'Austin';
766,SELECT COUNT(*) FROM employees WHERE salary BETWEEN 100309 AND 116306;
767,SELECT COUNT(*) FROM departments WHERE city = 'Berlin';
768,"SELECT COUNT(*)
FROM employees e
JOIN departments d ON e.dept_id = d.dept_id
WHERE d.city = 'Berlin' AND e.salary BETWEEN 99645 AND 115642;"
769,SELECT COUNT(*) FROM employees WHERE dept_id = 2;
770,SELECT COUNT(*) FROM departments WHERE city = 'Berlin';
771,SELECT COUNT(*) FROM projects WHERE budget_tier = 2;
772,"SELECT COUNT(*)
FROM employees e
JOIN departments d ON e.dept_id = d.dept_id
WHERE d.city = 'Austin' AND e.salary BETWEEN 170306 AND 186304;"
773,"SELECT COUNT(*)
FROM employees e
JOIN departments d ON e.dept_id = d.dept_id
WHERE d.city = 'Seattle' AND e.salary BETWEEN 191946 AND 199983;"
774,"SELECT COUNT(*)
FROM employees e
JOIN departments d ON e.dept_id = d.dept_id
WHERE d.city = 'Berlin' AND e.salary BETWEEN 197802 AND 199983;"
775,SELECT COUNT(*) FROM projects WHERE budget_tier = 2;
776,SELECT COUNT(*) FROM projects WHERE budget_tier = 1;
777,SELECT COUNT(*) FROM projects WHERE budget_tier = 3;
778,SELECT COUNT(*) FROM projects WHERE budget_tier = 2;
779,SELECT COUNT(*) FROM employees WHERE age BETWEEN 44 AND 49;
780,"SELECT COUNT(*)
FROM employees e
JOIN departments d ON e.dept_id = d.dept_id
WHERE d.city = 'Seattle' AND e.salary BETWEEN 96016 AND 112014;"
781,"SELECT COUNT(*)
FROM employees e
JOIN departments d ON e.dept_id = d.dept_id
JOIN projects p ON p.emp_id = e.emp_id
WHERE d.city = 'Bangalore' AND p.budget_tier = 3 AND e.salary BETWEEN 153608 AND 169606;"
782,SELECT COUNT(*) FROM projects WHERE budget_tier = 2;
783,SELECT COUNT(*) FROM employees WHERE age BETWEEN 50 AND 55;
784,SELECT COUNT(*) FROM departments WHERE city = 'Seattle';
785,SELECT COUNT(*) FROM employees WHERE age BETWEEN 57 AND 62;
786,SELECT COUNT(*) FROM employees WHERE dept_id = 4;
787,SELECT COUNT(*) FROM employees WHERE age BETWEEN 26 AND 31;
788,"SELECT COUNT(*)
FROM employees e
JOIN departments d ON e.dept_id = d.dept_id
JOIN projects p ON p.emp_id = e.emp_id
WHERE d.city = 'Seattle' AND p.budget_tier = 1 AND e.salary BETWEEN 130254 AND 146252;"
789,SELECT COUNT(*) FROM departments WHERE city = 'Austin';
790,"SELECT COUNT(*)
FROM employees e
JOIN departments d ON e.dept_id = d.dept_id
WHERE d.city = 'Bangalore' AND e.salary BETWEEN 108673 AND 124671;"
791,SELECT COUNT(*) FROM departments WHERE city = 'Bangalore';
792,"SELECT COUNT(*)
FROM employees e
JOIN departments d ON e.dept_id = d.dept_id
JOIN projects p ON p.emp_id = e.emp_id
WHERE d.city = 'Bangalore' AND p.budget_tier = 2 AND e.salary BETWEEN 185586 AND 199983;"
793,SELECT COUNT(*) FROM projects WHERE budget_tier = 3;
794,SELECT COUNT(*) FROM departments WHERE city = 'Seattle';
795,SELECT COUNT(*) FROM projects WHERE budget_tier = 1;
796,"SELECT COUNT(*)
FROM employees e
JOIN departments d ON e.dept_id = d.dept_id
WHERE d.city = 'Austin' AND e.salary BETWEEN 57941 AND 73939;"
797,"SELECT COUNT(*)
FROM employees e
JOIN departments d ON e.dept_id = d.dept_id
WHERE d.city = 'Seattle' AND e.salary BETWEEN 119877 AND 135875;"
798,"SELECT COUNT(*)
FROM employees e
JOIN departments d ON e.dept_id = d.dept_id
JOIN projects p ON p.emp_id = e.emp_id
WHERE d.city = 'Bangalore' AND p.budget_tier = 3 AND e.salary BETWEEN 42008 AND 58005;"
799,SELECT COUNT(*) FROM departments WHERE city = 'Austin';
800,SELECT COUNT(*) FROM departments WHERE city = 'Austin';
801,SELECT COUNT(*) FROM projects WHERE budget_tier = 1;
802,SELECT COUNT(*) FROM projects WHERE budget_tier = 2;
803,"SELECT COUNT(*)
FROM employees e
JOIN departments d ON e.dept_id = d.dept_id
WHERE d.city = 'Seattle' AND e.salary BETWEEN 115918 AND 131916;"
804,SELECT COUNT(*) FROM employees WHERE dept_id = 1;
805,SELECT COUNT(*) FROM projects WHERE budget_tier = 3;
806,SELECT COUNT(*) FROM employees WHERE salary BETWEEN 49272 AND 65270;
807,SELECT COUNT(*) FROM projects WHERE budget_tier = 2;
808,"SELECT COUNT(*)
FROM employees e
JOIN departments d ON e.dept_id = d.dept_id
WHERE d.city = 'Seattle' AND e.salary BETWEEN 59005 AND 75002;"
809,SELECT COUNT(*) FROM departments WHERE city = 'Austin';
810,"SELECT COUNT(*)
FROM employees e
JOIN departments d ON e.dept_id = d.dept_id
WHERE d.city = 'Berlin' AND e.salary BETWEEN 58839 AND 74836;"
811,"SELECT COUNT(*)
FROM employees e
JOIN departments d ON e.dept_id = d.dept_id
WHERE d.city = 'Berlin' AND e.salary BETWEEN 144222 AND 160220;"
812,SELECT COUNT(*) FROM employees WHERE age BETWEEN 51 AND 56;
813,"SELECT COUNT(*)
FROM employees e
JOIN departments d ON e.dept_id = d.dept_id
WHERE d.city = 'Bangalore' AND e.salary BETWEEN 149527 AND 165524;"
814,SELECT COUNT(*) FROM employees WHERE age BETWEEN 23 AND 28;
815,"SELECT COUNT(*)
FROM employees e
JOIN departments d ON e.dept_id = d.dept_id
JOIN projects p ON p.emp_id = e.emp_id
WHERE d.city = 'Austin' AND p.budget_tier = 2 AND e.salary BETWEEN 100378 AND 116376;"
816,"SELECT COUNT(*)
FROM employees e
JOIN departments d ON e.dept_id = d.dept_id
WHERE d.city = 'Seattle' AND e.salary BETWEEN 86277 AND 102275;"
817,"SELECT COUNT(*)
FROM employees e
JOIN departments d ON e.dept_id = d.dept_id
JOIN projects p ON p.emp_id = e.emp_id
WHERE d.city = 'Bangalore' AND p.budget_tier = 2 AND e.salary BETWEEN 179422 AND 195420;"
818,SELECT COUNT(*) FROM departments WHERE city = 'Bangalore';
819,SELECT COUNT(*) FROM departments WHERE city = 'Austin';
820,"SELECT COUNT(*)
FROM employees e
JOIN departments d ON e.dept_id = d.dept_id
WHERE d.city = 'Bangalore' AND e.salary BETWEEN 76212 AND 92210;"
821,SELECT COUNT(*) FROM employees WHERE salary BETWEEN 194221 AND 199983;
822,"SELECT COUNT(*)
FROM employees e
JOIN departments d ON e.dept_id = d.dept_id
JOIN projects p ON p.emp_id = e.emp_id
WHERE d.city = 'Austin' AND p.budget_tier = 1 AND e.salary BETWEEN 42148 AND 58145;"
823,"SELECT COUNT(*)
FROM employees e
JOIN departments d ON e.dept_id = d.dept_id
JOIN projects p ON p.emp_id = e.emp_id
WHERE d.city = 'Bangalore' AND p.budget_tier = 3 AND e.salary BETWEEN 195277 AND 199983;"
824,"SELECT COUNT(*)
FROM employees e
JOIN departments d ON e.dept_id = d.dept_id
WHERE d.city = 'Austin' AND e.salary BETWEEN 47572 AND 63569;"
825,SELECT COUNT(*) FROM departments WHERE city = 'Austin';
826,SELECT COUNT(*) FROM employees WHERE salary BETWEEN 182990 AND 198987;
827,"SELECT COUNT(*)
FROM employees e
JOIN departments d ON e.dept_id = d.dept_id
WHERE d.city = 'Seattle' AND e.salary BETWEEN 125378 AND 141376;"
828,"SELECT COUNT(*)
FROM employees e
JOIN departments d ON e.dept_id = d.dept_id
WHERE d.city = 'Austin' AND e.salary BETWEEN 198765 AND 199983;"
829,SELECT COUNT(*) FROM departments WHERE city = 'Seattle';
830,"SELECT COUNT(*)
FROM employees e
JOIN departments d ON e.dept_id = d.dept_id
JOIN projects p ON p.emp_id = e.emp_id
WHERE d.city = 'Austin' AND p.budget_tier = 3 AND e.salary BETWEEN 52165 AND 68162;"
831,"SELECT COUNT(*)
FROM employees e
JOIN departments d ON e.dept_id = d.dept_id
WHERE d.city = 'Austin' AND e.salary BETWEEN 129647 AND 145645;"
832,SELECT COUNT(*) FROM departments WHERE city = 'Berlin';
833,"SELECT COUNT(*)
FROM employees e
JOIN departments d ON e.dept_id = d.dept_id
JOIN projects p ON p.emp_id = e.emp_id
WHERE d.city = 'Seattle' AND p.budget_tier = 1 AND e.salary BETWEEN 195198 AND 199983;"
834,"SELECT COUNT(*)
FROM employees e
JOIN departments d ON e.dept_id = d.dept_id
JOIN projects p ON p.emp_id = e.emp_id
WHERE d.city = 'Seattle' AND p.budget_tier = 2 AND e.salary BETWEEN 124579 AND 140577;"
835,"SELECT COUNT(*)
FROM employees e
JOIN departments d ON e.dept_id = d.dept_id
JOIN projects p ON p.emp_id = e.emp_id
WHERE d.city = 'Austin' AND p.budget_tier = 3 AND e.salary BETWEEN 141212 AND 157210;"
836,"SELECT COUNT(*)
FROM employees e
JOIN departments d ON e.dept_id = d.dept_id
JOIN projects p ON p.emp_id = e.emp_id
WHERE d.city = 'Berlin' AND p.budget_tier = 2 AND e.salary BETWEEN 151819 AND 167817;"
837,SELECT COUNT(*) FROM projects WHERE budget_tier = 2;
838,SELECT COUNT(*) FROM departments WHERE city = 'Bangalore';
839,SELECT COUNT(*) FROM projects WHERE budget_tier = 2;
840,"SELECT COUNT(*)
FROM employees e
JOIN departments d ON e.dept_id = d.dept_id
WHERE d.city = 'Berlin' AND e.salary BETWEEN 113104 AND 129102;"
841,"SELECT COUNT(*)
FROM employees e
JOIN departments d ON e.dept_id = d.dept_id
JOIN projects p ON p.emp_id = e.emp_id
WHERE d.city = 'Berlin' AND p.budget_tier = 2 AND e.salary BETWEEN 140972 AND 156970;"
842,SELECT COUNT(*) FROM projects WHERE budget_tier = 3;
843,"SELECT COUNT(*)
FROM employees e
JOIN departments d ON e.dept_id = d.dept_id
WHERE d.city = 'Seattle' AND e.salary BETWEEN 134291 AND 150288;"
844,SELECT COUNT(*) FROM projects WHERE budget_tier = 3;
845,"SELECT COUNT(*)
FROM employees e
JOIN departments d ON e.dept_id = d.dept_id
WHERE d.city = 'Berlin' AND e.salary BETWEEN 184636 AND 199983;"
846,SELECT COUNT(*) FROM departments WHERE city = 'Austin';
847,SELECT COUNT(*) FROM employees WHERE salary BETWEEN 47894 AND 63892;
848,"SELECT COUNT(*)
FROM employees e
JOIN departments d ON e.dept_id = d.dept_id
WHERE d.city = 'Berlin' AND e.salary BETWEEN 85534 AND 101532;"
849,SELECT COUNT(*) FROM departments WHERE city = 'Bangalore';
850,SELECT COUNT(*) FROM projects WHERE budget_tier = 2;
851,SELECT COUNT(*) FROM projects WHERE budget_tier = 2;
852,SELECT COUNT(*) FROM projects WHERE budget_tier = 3;
853,"SELECT COUNT(*)
FROM employees e
JOIN departments d ON e.dept_id = d.dept_id
WHERE d.city = 'Seattle' AND e.salary BETWEEN 192453 AND 199983;"
854,"SELECT COUNT(*)
FROM employees e
JOIN departments d ON e.dept_id = d.dept_id
JOIN projects p ON p.emp_id = e.emp_id
WHERE d.city = 'Seattle' AND p.budget_tier = 3 AND e.salary BETWEEN 182878 AND 198876;"
855,SELECT COUNT(*) FROM projects WHERE budget_tier = 2;
856,SELECT COUNT(*) FROM employees WHERE dept_id = 2;
857,"SELECT COUNT(*)
FROM employees e
JOIN departments d ON e.dept_id = d.dept_id
WHERE d.city = 'Berlin' AND e.salary BETWEEN 113258 AND 129256;"
858,SELECT COUNT(*) FROM projects WHERE budget_tier = 1;
859,"SELECT COUNT(*)
FROM employees e
JOIN departments d ON e.dept_id = d.dept_id
WHERE d.city = 'Seattle' AND e.salary BETWEEN 139916 AND 155913;"
860,SELECT COUNT(*) FROM projects WHERE budget_tier = 3;
861,SELECT COUNT(*) FROM projects WHERE budget_tier = 3;
862,"SELECT COUNT(*)
FROM employees e
JOIN departments d ON e.dept_id = d.dept_id
WHERE d.city = 'Berlin' AND e.salary BETWEEN 84970 AND 100968;"
863,SELECT COUNT(*) FROM projects WHERE budget_tier = 1;
864,"SELECT COUNT(*)
FROM employees e
JOIN departments d ON e.dept_id = d.dept_id
WHERE d.city = 'Austin' AND e.salary BETWEEN 70791 AND 86789;"
865,SELECT COUNT(*) FROM employees WHERE age BETWEEN 24 AND 29;
866,SELECT COUNT(*) FROM employees WHERE age BETWEEN 47 AND 52;
867,"SELECT COUNT(*)
FROM employees e
JOIN departments d ON e.dept_id = d.dept_id
WHERE d.city = 'Berlin' AND e.salary BETWEEN 77136 AND 93133;"
868,SELECT COUNT(*) FROM departments WHERE city = 'Seattle';
869,SELECT COUNT(*) FROM departments WHERE city = 'Bangalore';
870,"SELECT COUNT(*)
FROM employees e
JOIN departments d ON e.dept_id = d.dept_id
WHERE d.city = 'Austin' AND e.salary BETWEEN 83292 AND 99289;"
871,SELECT COUNT(*) FROM employees WHERE age BETWEEN 54 AND 59;
872,"SELECT COUNT(*)
FROM employees e
JOIN departments d ON e.dept_id = d.dept_id
JOIN projects p ON p.emp_id = e.emp_id
WHERE d.city = 'Seattle' AND p.budget_tier = 2 AND e.salary BETWEEN 195956 AND 199983;"
873,SELECT COUNT(*) FROM departments WHERE city = 'Bangalore';
874,SELECT COUNT(*) FROM employees WHERE age BETWEEN 29 AND 34;
875,SELECT COUNT(*) FROM departments WHERE city = 'Bangalore';
876,"SELECT COUNT(*)
FROM employees e
JOIN departments d ON e.dept_id = d.dept_id
WHERE d.city = 'Berlin' AND e.salary BETWEEN 112948 AND 128945;"
877,"SELECT COUNT(*)
FROM employees e
JOIN departments d ON e.dept_id = d.dept_id
WHERE d.city = 'Seattle' AND e.salary BETWEEN 45459 AND 61457;"
878,"SELECT COUNT(*)
FROM employees e
JOIN departments d ON e.dept_id = d.dept_id
JOIN projects p ON p.emp_id = e.emp_id
WHERE d.city = 'Seattle' AND p.budget_tier = 2 AND e.salary BETWEEN 85379 AND 101376;"
879,SELECT COUNT(*) FROM projects WHERE budget_tier = 1;
880,SELECT COUNT(*) FROM employees WHERE dept_id = 3;
881,"SELECT COUNT(*)
FROM employees e
JOIN departments d ON e.dept_id = d.dept_id
JOIN projects p ON p.emp_id = e.emp_id
WHERE d.city = 'Seattle' AND p.budget_tier = 1 AND e.salary BETWEEN 106462 AND 122459;"
882,"SELECT COUNT(*)
FROM employees e
JOIN departments d ON e.dept_id = d.dept_id
JOIN projects p ON p.emp_id = e.emp_id
WHERE d.city = 'Berlin' AND p.budget_tier = 1 AND e.salary BETWEEN 137286 AND 153284;"
883,"SELECT COUNT(*)
FROM employees e
JOIN departments d ON e.dept_id = d.dept_id
JOIN projects p ON p.emp_id = e.emp_id
WHERE d.city = 'Austin' AND p.budget_tier = 1 AND e.salary BETWEEN 84026 AND 100024;"
884,"SELECT COUNT(*)
FROM employees e
JOIN departments d ON e.dept_id = d.dept_id
JOIN projects p ON p.emp_id = e.emp_id
WHERE d.city = 'Berlin' AND p.budget_tier = 1 AND e.salary BETWEEN 61461 AND 77459;"
885,"SELECT COUNT(*)
FROM employees e
JOIN departments d ON e.dept_id = d.dept_id
WHERE d.city = 'Bangalore' AND e.salary BETWEEN 52522 AND 68519;"
886,"SELECT COUNT(*)
FROM employees e
JOIN departments d ON e.dept_id = d.dept_id
WHERE d.city = 'Berlin' AND e.salary BETWEEN 190786 AND 199983;"
887,SELECT COUNT(*) FROM projects WHERE budget_tier = 1;
888,"SELECT COUNT(*)
FROM employees e
JOIN departments d ON e.dept_id = d.dept_id
WHERE d.city = 'Seattle' AND e.salary BETWEEN 107379 AND 123377;"
889,"SELECT COUNT(*)
FROM employees e
JOIN departments d ON e.dept_id = d.dept_id
WHERE d.city = 'Berlin' AND e.salary BETWEEN 133664 AND 149662;"
890,SELECT COUNT(*) FROM departments WHERE city = 'Austin';
891,"SELECT COUNT(*)
FROM employees e
JOIN departments d ON e.dept_id = d.dept_id
WHERE d.city = 'Berlin' AND e.salary BETWEEN 187518 AND 199983;"
892,"SELECT COUNT(*)
FROM employees e
JOIN departments d ON e.dept_id = d.dept_id
WHERE d.city = 'Bangalore' AND e.salary BETWEEN 53469 AND 69467;"
893,"SELECT COUNT(*)
FROM employees e
JOIN departments d ON e.dept_id = d.dept_id
JOIN projects p ON p.emp_id = e.emp_id
WHERE d.city = 'Berlin' AND p.budget_tier = 2 AND e.salary BETWEEN 180832 AND 196830;"
894,"SELECT COUNT(*)
FROM employees e
JOIN departments d ON e.dept_id = d.dept_id
WHERE d.city = 'Bangalore' AND e.salary BETWEEN 129261 AND 145259;"
895,SELECT COUNT(*) FROM departments WHERE city = 'Bangalore';
896,SELECT COUNT(*) FROM projects WHERE budget_tier = 2;
897,"SELECT COUNT(*)
FROM employees e
JOIN departments d ON e.dept_id = d.dept_id
WHERE d.city = 'Seattle' AND e.salary BETWEEN 66824 AND 82822;"
898,"SELECT COUNT(*)
FROM employees e
JOIN departments d ON e.dept_id = d.dept_id
WHERE d.city = 'Berlin' AND e.salary BETWEEN 106468 AND 122466;"
899,"SELECT COUNT(*)
FROM employees e
JOIN departments d ON e.dept_id = d.dept_id
WHERE d.city = 'Seattle' AND e.salary BETWEEN 164953 AND 180951;"
900,SELECT COUNT(*) FROM employees WHERE salary BETWEEN 117858 AND 133856;
901,"SELECT COUNT(*)
FROM employees e
JOIN departments d ON e.dept_id = d.dept_id
WHERE d.city = 'Austin' AND e.salary BETWEEN 197661 AND 199983;"
902,"SELECT COUNT(*)
FROM employees e
JOIN departments d ON e.dept_id = d.dept_id
WHERE d.city = 'Berlin' AND e.salary BETWEEN 100636 AND 116633;"
903,SELECT COUNT(*) FROM employees WHERE dept_id = 3;
904,SELECT COUNT(*) FROM departments WHERE city = 'Seattle';
905,SELECT COUNT(*) FROM employees WHERE salary BETWEEN 160023 AND 176021;
906,SELECT COUNT(*) FROM projects WHERE budget_tier = 3;
907,SELECT COUNT(*) FROM employees WHERE dept_id = 3;
908,"SELECT COUNT(*)
FROM employees e
JOIN departments d ON e.dept_id = d.dept_id
WHERE d.city = 'Berlin' AND e.salary BETWEEN 103589 AND 119587;"
909,"SELECT COUNT(*)
FROM employees e
JOIN departments d ON e.dept_id = d.dept_id
JOIN projects p ON p.emp_id = e.emp_id
WHERE d.city = 'Seattle' AND p.budget_tier = 2 AND e.salary BETWEEN 173067 AND 189065;"
910,SELECT COUNT(*) FROM employees WHERE age BETWEEN 52 AND 57;
911,"SELECT COUNT(*)
FROM employees e
JOIN departments d ON e.dept_id = d.dept_id
JOIN projects p ON p.emp_id = e.emp_id
WHERE d.city = 'Austin' AND p.budget_tier = 1 AND e.salary BETWEEN 174595 AND 190593;"
912,"SELECT COUNT(*)
FROM employees e
JOIN departments d ON e.dept_id = d.dept_id
WHERE d.city = 'Bangalore' AND e.salary BETWEEN 115922 AND 131920;"
913,SELECT COUNT(*) FROM departments WHERE city = 'Berlin';
914,SELECT COUNT(*) FROM employees WHERE dept_id = 2;
915,SELECT COUNT(*) FROM departments WHERE city = 'Berlin';
916,SELECT COUNT(*) FROM employees WHERE salary BETWEEN 107155 AND 123153;
917,SELECT COUNT(*) FROM employees WHERE age BETWEEN 31 AND 36;
918,"SELECT COUNT(*)
FROM employees e
JOIN departments d ON e.dept_id = d.dept_id
WHERE d.city = 'Austin' AND e.salary BETWEEN 42412 AND 58409;"
919,SELECT COUNT(*) FROM employees WHERE salary BETWEEN 52439 AND 68437;
920,SELECT COUNT(*) FROM departments WHERE city = 'Berlin';
921,"SELECT COUNT(*)
FROM employees e
JOIN departments d ON e.dept_id = d.dept_id
WHERE d.city = 'Bangalore' AND e.salary BETWEEN 151171 AND 167169;"
922,"SELECT COUNT(*)
FROM employees e
JOIN departments d ON e.dept_id = d.dept_id
WHERE d.city = 'Berlin' AND e.salary BETWEEN 126451 AND 142448;"
923,SELECT COUNT(*) FROM departments WHERE city = 'Austin';
924,SELECT COUNT(*) FROM projects WHERE budget_tier = 2;
925,SELECT COUNT(*) FROM employees WHERE salary BETWEEN 160119 AND 176117;
926,"SELECT COUNT(*)
FROM employees e
JOIN departments d ON e.dept_id = d.dept_id
JOIN projects p ON p.emp_id = e.emp_id
WHERE d.city = 'Berlin' AND p.budget_tier = 2 AND e.salary BETWEEN 186791 AND 199983;"
927,"SELECT COUNT(*)
FROM employees e
JOIN departments d ON e.dept_id = d.dept_id
JOIN projects p ON p.emp_id = e.emp_id
WHERE d.city = 'Austin' AND p.budget_tier = 1 AND e.salary BETWEEN 134409 AND 150406;"
928,SELECT COUNT(*) FROM departments WHERE city = 'Berlin';
929,SELECT COUNT(*) FROM projects WHERE budget_tier = 3;
930,"SELECT COUNT(*)
FROM employees e
JOIN departments d ON e.dept_id = d.dept_id
WHERE d.city = 'Austin' AND e.salary BETWEEN 156078 AND 172075;"
931,"SELECT COUNT(*)
FROM employees e
JOIN departments d ON e.dept_id = d.dept_id
WHERE d.city = 'Seattle' AND e.salary BETWEEN 161153 AND 177151;"
932,"SELECT COUNT(*)
FROM employees e
JOIN departments d ON e.dept_id = d.dept_id
JOIN projects p ON p.emp_id = e.emp_id
WHERE d.city = 'Bangalore' AND p.budget_tier = 1 AND e.salary BETWEEN 100777 AND 116775;"
933,SELECT COUNT(*) FROM departments WHERE city = 'Seattle';
934,"SELECT COUNT(*)
FROM employees e
JOIN departments d ON e.dept_id = d.dept_id
WHERE d.city = 'Bangalore' AND e.salary BETWEEN 79195 AND 95193;"
935,"SELECT COUNT(*)
FROM employees e
JOIN departments d ON e.dept_id = d.dept_id
WHERE d.city = 'Austin' AND e.salary BETWEEN 73211 AND 89209;"
936,"SELECT COUNT(*)
FROM employees e
JOIN departments d ON e.dept_id = d.dept_id
WHERE d.city = 'Austin' AND e.salary BETWEEN 80942 AND 96940;"
937,SELECT COUNT(*) FROM employees WHERE age BETWEEN 38 AND 43;
938,SELECT COUNT(*) FROM departments WHERE city = 'Seattle';
939,SELECT COUNT(*) FROM projects WHERE budget_tier = 2;
940,"SELECT COUNT(*)
FROM employees e
JOIN departments d ON e.dept_id = d.dept_id
WHERE d.city = 'Bangalore' AND e.salary BETWEEN 137885 AND 153883;"
941,"SELECT COUNT(*)
FROM employees e
JOIN departments d ON e.dept_id = d.dept_id
WHERE d.city = 'Berlin' AND e.salary BETWEEN 76934 AND 92931;"
942,"SELECT COUNT(*)
FROM employees e
JOIN departments d ON e.dept_id = d.dept_id
WHERE d.city = 'Seattle' AND e.salary BETWEEN 148063 AND 164061;"
943,SELECT COUNT(*) FROM employees WHERE age BETWEEN 37 AND 42;
944,"SELECT COUNT(*)
FROM employees e
JOIN departments d ON e.dept_id = d.dept_id
WHERE d.city = 'Austin' AND e.salary BETWEEN 83751 AND 99748;"
945,"SELECT COUNT(*)
FROM employees e
JOIN departments d ON e.dept_id = d.dept_id
WHERE d.city = 'Seattle' AND e.salary BETWEEN 43718 AND 59716;"
946,"SELECT COUNT(*)
FROM employees e
JOIN departments d ON e.dept_id = d.dept_id
WHERE d.city = 'Bangalore' AND e.salary BETWEEN 120791 AND 136788;"
947,"SELECT COUNT(*)
FROM employees e
JOIN departments d ON e.dept_id = d.dept_id
JOIN projects p ON p.emp_id = e.emp_id
WHERE d.city = 'Berlin' AND p.budget_tier = 1 AND e.salary BETWEEN 117058 AND 133055;"
948,SELECT COUNT(*) FROM employees WHERE salary BETWEEN 173433 AND 189430;
949,SELECT COUNT(*) FROM projects WHERE budget_tier = 1;
950,"SELECT COUNT(*)
FROM employees e
JOIN departments d ON e.dept_id = d.dept_id
WHERE d.city = 'Austin' AND e.salary BETWEEN 89691 AND 105689;"
951,SELECT COUNT(*) FROM departments WHERE city = 'Bangalore';
952,"SELECT COUNT(*)
FROM employees e
JOIN departments d ON e.dept_id = d.dept_id
WHERE d.city = 'Austin' AND e.salary BETWEEN 170825 AND 186823;"
953,SELECT COUNT(*) FROM employees WHERE salary BETWEEN 194971 AND 199983;
954,SELECT COUNT(*) FROM departments WHERE city = 'Seattle';
955,SELECT COUNT(*) FROM projects WHERE budget_tier = 2;
956,SELECT COUNT(*) FROM departments WHERE city = 'Bangalore';
957,"SELECT COUNT(*)
FROM employees e
JOIN departments d ON e.dept_id = d.dept_id
WHERE d.city = 'Bangalore' AND e.salary BETWEEN 54348 AND 70346;"
958,SELECT COUNT(*) FROM employees WHERE salary BETWEEN 167160 AND 183158;
959,"SELECT COUNT(*)
FROM employees e
JOIN departments d ON e.dept_id = d.dept_id
WHERE d.city = 'Bangalore' AND e.salary BETWEEN 135171 AND 151169;"
960,SELECT COUNT(*) FROM departments WHERE city = 'Seattle';
961,"SELECT COUNT(*)
FROM employees e
JOIN departments d ON e.dept_id = d.dept_id
WHERE d.city = 'Seattle' AND e.salary BETWEEN 117814 AND 133811;"
962,SELECT COUNT(*) FROM departments WHERE city = 'Seattle';
963,"SELECT COUNT(*)
FROM employees e
JOIN departments d ON e.dept_id = d.dept_id
WHERE d.city = 'Austin' AND e.salary BETWEEN 108057 AND 124054;"
964,"SELECT COUNT(*)
FROM employees e
JOIN departments d ON e.dept_id = d.dept_id
JOIN projects p ON p.emp_id = e.emp_id
WHERE d.city = 'Austin' AND p.budget_tier = 2 AND e.salary BETWEEN 166156 AND 182154;"
965,SELECT COUNT(*) FROM employees WHERE salary BETWEEN 142718 AND 158716;
966,"SELECT COUNT(*)
FROM employees e
JOIN departments d ON e.dept_id = d.dept_id
WHERE d.city = 'Bangalore' AND e.salary BETWEEN 169087 AND 185085;"
967,SELECT COUNT(*) FROM departments WHERE city = 'Austin';
968,SELECT COUNT(*) FROM projects WHERE budget_tier = 1;
969,SELECT COUNT(*) FROM projects WHERE budget_tier = 1;
970,SELECT COUNT(*) FROM departments WHERE city = 'Bangalore';
971,SELECT COUNT(*) FROM employees WHERE dept_id = 3;
972,"SELECT COUNT(*)
FROM employees e
JOIN departments d ON e.dept_id = d.dept_id
WHERE d.city = 'Seattle' AND e.salary BETWEEN 185041 AND 199983;"
973,"SELECT COUNT(*)
FROM employees e
JOIN departments d ON e.dept_id = d.dept_id
WHERE d.city = 'Austin' AND e.salary BETWEEN 139472 AND 155470;"
974,SELECT COUNT(*) FROM employees WHERE salary BETWEEN 196847 AND 199983;
975,SELECT COUNT(*) FROM projects WHERE budget_tier = 1;
976,"SELECT COUNT(*)
FROM employees e
JOIN departments d ON e.dept_id = d.dept_id
WHERE d.city = 'Berlin' AND e.salary BETWEEN 138085 AND 154082;"
977,"SELECT COUNT(*)
FROM employees e
JOIN departments d ON e.dept_id = d.dept_id
WHERE d.city = 'Bangalore' AND e.salary BETWEEN 142286 AND 158284;"
978,"SELECT COUNT(*)
FROM employees e
JOIN departments d ON e.dept_id = d.dept_id
WHERE d.city = 'Berlin' AND e.salary BETWEEN 129770 AND 145768;"
979,SELECT COUNT(*) FROM departments WHERE city = 'Austin';
980,"SELECT COUNT(*)
FROM employees e
JOIN departments d ON e.dept_id = d.dept_id
WHERE d.city = 'Berlin' AND e.salary BETWEEN 54993 AND 70991;"
981,"SELECT COUNT(*)
FROM employees e
JOIN departments d ON e.dept_id = d.dept_id
JOIN projects p ON p.emp_id = e.emp_id
WHERE d.city = 'Seattle' AND p.budget_tier = 2 AND e.salary BETWEEN 156113 AND 172111;"
982,SELECT COUNT(*) FROM employees WHERE salary BETWEEN 128623 AND 144620;
983,SELECT COUNT(*) FROM departments WHERE city = 'Austin';
984,"SELECT COUNT(*)
FROM employees e
JOIN departments d ON e.dept_id = d.dept_id
WHERE d.city = 'Bangalore' AND e.salary BETWEEN 112536 AND 128533;"
985,"SELECT COUNT(*)
FROM employees e
JOIN departments d ON e.dept_id = d.dept_id
WHERE d.city = 'Bangalore' AND e.salary BETWEEN 186335 AND 199983;"
986,SELECT COUNT(*) FROM departments WHERE city = 'Austin';
987,"SELECT COUNT(*)
FROM employees e
JOIN departments d ON e.dept_id = d.dept_id
WHERE d.city = 'Bangalore' AND e.salary BETWEEN 88073 AND 104070;"
988,SELECT COUNT(*) FROM employees WHERE salary BETWEEN 124699 AND 140697;
989,"SELECT COUNT(*)
FROM employees e
JOIN departments d ON e.dept_id = d.dept_id
WHERE d.city = 'Seattle' AND e.salary BETWEEN 152113 AND 168110;"
990,"SELECT COUNT(*)
FROM employees e
JOIN departments d ON e.dept_id = d.dept_id
JOIN projects p ON p.emp_id = e.emp_id
WHERE d.city = 'Seattle' AND p.budget_tier = 2 AND e.salary BETWEEN 167907 AND 183905;"
991,SELECT COUNT(*) FROM departments WHERE city = 'Bangalore';
992,SELECT COUNT(*) FROM departments WHERE city = 'Bangalore';
993,"SELECT COUNT(*)
FROM employees e
JOIN departments d ON e.dept_id = d.dept_id
WHERE d.city = 'Bangalore' AND e.salary BETWEEN 113888 AND 129885;"
994,SELECT COUNT(*) FROM employees WHERE age BETWEEN 56 AND 61;
995,SELECT COUNT(*) FROM employees WHERE salary BETWEEN 119825 AND 135823;
996,SELECT COUNT(*) FROM employees WHERE age BETWEEN 59 AND 64;
997,SELECT COUNT(*) FROM departments WHERE city = 'Bangalore';
998,"SELECT COUNT(*)
FROM employees e
JOIN departments d ON e.dept_id = d.dept_id
WHERE d.city = 'Seattle' AND e.salary BETWEEN 50884 AND 66881;"
999,"SELECT COUNT(*)
FROM employees e
JOIN departments d ON e.dept_id = d.dept_id
WHERE d.city = 'Berlin' AND e.salary BETWEEN 47903 AND 63900;"
1000,"SELECT COUNT(*)
FROM employees e
JOIN departments d ON e.dept_id = d.dept_id
WHERE d.city = 'Berlin' AND e.salary BETWEEN 140043 AND 156041;"
1001,"SELECT COUNT(*)
FROM employees e
JOIN departments d ON e.dept_id = d.dept_id
WHERE d.city = 'Seattle' AND e.salary BETWEEN 95583 AND 111581;"
1002,"SELECT COUNT(*)
FROM employees e
JOIN departments d ON e.dept_id = d.dept_id
WHERE d.city = 'Bangalore' AND e.salary BETWEEN 74158 AND 90155;"
1003,"SELECT COUNT(*)
FROM employees e
JOIN departments d ON e.dept_id = d.dept_id
WHERE d.city = 'Bangalore' AND e.salary BETWEEN 133391 AND 149389;"
1004,SELECT COUNT(*) FROM projects WHERE budget_tier = 3;
1005,SELECT COUNT(*) FROM employees WHERE salary BETWEEN 94714 AND 110712;
1006,SELECT COUNT(*) FROM employees WHERE salary BETWEEN 126914 AND 142911;
1007,"SELECT COUNT(*)
FROM employees e
JOIN departments d ON e.dept_id = d.dept_id
JOIN projects p ON p.emp_id = e.emp_id
WHERE d.city = 'Seattle' AND p.budget_tier = 3 AND e.salary BETWEEN 114094 AND 130091;"
1008,SELECT COUNT(*) FROM projects WHERE budget_tier = 1;
1009,"SELECT COUNT(*)
FROM employees e
JOIN departments d ON e.dept_id = d.dept_id
WHERE d.city = 'Bangalore' AND e.salary BETWEEN 134367 AND 150364;"
1010,SELECT COUNT(*) FROM employees WHERE dept_id = 2;
1011,"SELECT COUNT(*)
FROM employees e
JOIN departments d ON e.dept_id = d.dept_id
WHERE d.city = 'Berlin' AND e.salary BETWEEN 104830 AND 120827;"
1012,"SELECT COUNT(*)
FROM employees e
JOIN departments d ON e.dept_id = d.dept_id
WHERE d.city = 'Austin' AND e.salary BETWEEN 152119 AND 168117;"
1013,SELECT COUNT(*) FROM projects WHERE budget_tier = 2;
1014,SELECT COUNT(*) FROM departments WHERE city = 'Seattle';
1015,SELECT COUNT(*) FROM departments WHERE city = 'Seattle';
1016,"SELECT COUNT(*)
FROM employees e
JOIN departments d ON e.dept_id = d.dept_id
JOIN projects p ON p.emp_id = e.emp_id
WHERE d.city = 'Austin' AND p.budget_tier = 1 AND e.salary BETWEEN 69495 AND 85493;"
1017,SELECT COUNT(*) FROM projects WHERE budget_tier = 3;
1018,"SELECT COUNT(*)
FROM employees e
JOIN departments d ON e.dept_id = d.dept_id
WHERE d.city = 'Bangalore' AND e.salary BETWEEN 151953 AND 167950;"
1019,SELECT COUNT(*) FROM projects WHERE budget_tier = 2;
1020,"SELECT COUNT(*)
FROM employees e
JOIN departments d ON e.dept_id = d.dept_id
WHERE d.city = 'Bangalore' AND e.salary BETWEEN 106548 AND 122545;"
1021,SELECT COUNT(*) FROM projects WHERE budget_tier = 1;
1022,SELECT COUNT(*) FROM projects WHERE budget_tier = 2;
1023,"SELECT COUNT(*)
FROM employees e
JOIN departments d ON e.dept_id = d.dept_id
WHERE d.city = 'Berlin' AND e.salary BETWEEN 180587 AND 196584;"
1024,SELECT COUNT(*) FROM departments WHERE city = 'Berlin';
1025,"SELECT COUNT(*)
FROM employees e
JOIN departments d ON e.dept_id = d.dept_id
WHERE d.city = 'Seattle' AND e.salary BETWEEN 123416 AND 139414;"
1026,"SELECT COUNT(*)
FROM employees e
JOIN departments d ON e.dept_id = d.dept_id
WHERE d.city = 'Bangalore' AND e.salary BETWEEN 195798 AND 199983;"
1027,"SELECT COUNT(*)
FROM employees e
JOIN departments d ON e.dept_id = d.dept_id
WHERE d.city = 'Berlin' AND e.salary BETWEEN 137136 AND 153134;"
1028,"SELECT COUNT(*)
FROM employees e
JOIN departments d ON e.dept_id = d.dept_id
JOIN projects p ON p.emp_id = e.emp_id
WHERE d.city = 'Bangalore' AND p.budget_tier = 3 AND e.salary BETWEEN 76271 AND 92268;"
1029,"SELECT COUNT(*)
FROM employees e
JOIN departments d ON e.dept_id = d.dept_id
JOIN projects p ON p.emp_id = e.emp_id
WHERE d.city = 'Austin' AND p.budget_tier = 2 AND e.salary BETWEEN 171786 AND 187784;"
1030,SELECT COUNT(*) FROM departments WHERE city = 'Berlin';
1031,"SELECT COUNT(*)
FROM employees e
JOIN departments d ON e.dept_id = d.dept_id
WHERE d.city = 'Austin' AND e.salary BETWEEN 95274 AND 111271;"
1032,"SELECT COUNT(*)
FROM employees e
JOIN departments d ON e.dept_id = d.dept_id
WHERE d.city = 'Bangalore' AND e.salary BETWEEN 95645 AND 111642;"
1033,"SELECT COUNT(*)
FROM employees e
JOIN departments d ON e.dept_id = d.dept_id
WHERE d.city = 'Seattle' AND e.salary BETWEEN 45397 AND 61394;"
1034,SELECT COUNT(*) FROM projects WHERE budget_tier = 2;
1035,SELECT COUNT(*) FROM employees WHERE salary BETWEEN 128801 AND 144799;
1036,SELECT COUNT(*) FROM departments WHERE city = 'Austin';
1037,"SELECT COUNT(*)
FROM employees e
JOIN departments d ON e.dept_id = d.dept_id
JOIN projects p ON p.emp_id = e.emp_id
WHERE d.city = 'Austin' AND p.budget_tier = 3 AND e.salary BETWEEN 126452 AND 142450;"
1038,SELECT COUNT(*) FROM departments WHERE city = 'Seattle';
1039,"SELECT COUNT(*)
FROM employees e
JOIN departments d ON e.dept_id = d.dept_id
WHERE d.city = 'Berlin' AND e.salary BETWEEN 97286 AND 113284;"
1040,SELECT COUNT(*) FROM projects WHERE budget_tier = 3;
1041,SELECT COUNT(*) FROM projects WHERE budget_tier = 2;
1042,"SELECT COUNT(*)
FROM employees e
JOIN departments d ON e.dept_id = d.dept_id
WHERE d.city = 'Austin' AND e.salary BETWEEN 183493 AND 199490;"
1043,SELECT COUNT(*) FROM employees WHERE age BETWEEN 31 AND 36;
1044,SELECT COUNT(*) FROM employees WHERE salary BETWEEN 151000 AND 166998;
1045,SELECT COUNT(*) FROM projects WHERE budget_tier = 2;
1046,"SELECT COUNT(*)
FROM employees e
JOIN departments d ON e.dept_id = d.dept_id
WHERE d.city = 'Bangalore' AND e.salary BETWEEN 46723 AND 62721;"
1047,SELECT COUNT(*) FROM projects WHERE budget_tier = 2;
1048,"SELECT COUNT(*)
FROM employees e
JOIN departments d ON e.dept_id = d.dept_id
WHERE d.city = 'Bangalore' AND e.salary BETWEEN 168298 AND 184296;"
1049,"SELECT COUNT(*)
FROM employees e
JOIN departments d ON e.dept_id = d.dept_id
WHERE d.city = 'Bangalore' AND e.salary BETWEEN 140980 AND 156977;"
1050,SELECT COUNT(*) FROM departments WHERE city = 'Seattle';
1051,"SELECT COUNT(*)
FROM employees e
JOIN departments d ON e.dept_id = d.dept_id
WHERE d.city = 'Seattle' AND e.salary BETWEEN 53295 AND 69292;"
1052,SELECT COUNT(*) FROM departments WHERE city = 'Berlin';
1053,SELECT COUNT(*) FROM employees WHERE age BETWEEN 34 AND 39;
1054,"SELECT COUNT(*)
FROM employees e
JOIN departments d ON e.dept_id = d.dept_id
JOIN projects p ON p.emp_id = e.emp_id
WHERE d.city = 'Austin' AND p.budget_tier = 3 AND e.salary BETWEEN 65411 AND 81408;"
1055,"SELECT COUNT(*)
FROM employees e
JOIN departments d ON e.dept_id = d.dept_id
WHERE d.city = 'Seattle' AND e.salary BETWEEN 100682 AND 116680;"
1056,"SELECT COUNT(*)
FROM employees e
JOIN departments d ON e.dept_id = d.dept_id
WHERE d.city = 'Austin' AND e.salary BETWEEN 40528 AND 56525;"
1057,SELECT COUNT(*) FROM projects WHERE budget_tier = 1;
1058,"SELECT COUNT(*)
FROM employees e
JOIN departments d ON e.dept_id = d.dept_id
WHERE d.city = 'Austin' AND e.salary BETWEEN 179353 AND 195351;"
1059,"SELECT COUNT(*)
FROM employees e
JOIN departments d ON e.dept_id = d.dept_id
JOIN projects p ON p.emp_id = e.emp_id
WHERE d.city = 'Bangalore' AND p.budget_tier = 2 AND e.salary BETWEEN 53763 AND 69760;"
1060,SELECT COUNT(*) FROM employees WHERE dept_id = 1;
1061,"SELECT COUNT(*)
FROM employees e
JOIN departments d ON e.dept_id = d.dept_id
WHERE d.city = 'Bangalore' AND e.salary BETWEEN 136390 AND 152387;"
1062,SELECT COUNT(*) FROM departments WHERE city = 'Berlin';
1063,"SELECT COUNT(*)
FROM employees e
JOIN departments d ON e.dept_id = d.dept_id
WHERE d.city = 'Austin' AND e.salary BETWEEN 197826 AND 199983;"
1064,SELECT COUNT(*) FROM employees WHERE dept_id = 3;
1065,"SELECT COUNT(*)
FROM employees e
JOIN departments d ON e.dept_id = d.dept_id
WHERE d.city = 'Seattle' AND e.salary BETWEEN 126730 AND 142728;"
1066,"SELECT COUNT(*)
FROM employees e
JOIN departments d ON e.dept_id = d.dept_id
WHERE d.city = 'Berlin' AND e.salary BETWEEN 188307 AND 199983;"
1067,SELECT COUNT(*) FROM projects WHERE budget_tier = 1;
1068,SELECT COUNT(*) FROM departments WHERE city = 'Berlin';
1069,"SELECT COUNT(*)
FROM employees e
JOIN departments d ON e.dept_id = d.dept_id
WHERE d.city = 'Austin' AND e.salary BETWEEN 78248 AND 94246;"
1070,SELECT COUNT(*) FROM employees WHERE dept_id = 4;
1071,"SELECT COUNT(*)
FROM employees e
JOIN departments d ON e.dept_id = d.dept_id
WHERE d.city = 'Seattle' AND e.salary BETWEEN 161670 AND 177668;"
1072,"SELECT COUNT(*)
FROM employees e
JOIN departments d ON e.dept_id = d.dept_id
WHERE d.city = 'Seattle' AND e.salary BETWEEN 126051 AND 142048;"
1073,"SELECT COUNT(*)
FROM employees e
JOIN departments d ON e.dept_id = d.dept_id
JOIN projects p ON p.emp_id = e.emp_id
WHERE d.city = 'Berlin' AND p.budget_tier = 1 AND e.salary BETWEEN 155379 AND 171377;"
1074,SELECT COUNT(*) FROM projects WHERE budget_tier = 1;
1075,SELECT COUNT(*) FROM projects WHERE budget_tier = 1;
1076,"SELECT COUNT(*)
FROM employees e
JOIN departments d ON e.dept_id = d.dept_id
WHERE d.city = 'Seattle' AND e.salary BETWEEN 50233 AND 66231;"
1077,SELECT COUNT(*) FROM employees WHERE dept_id = 3;
1078,SELECT COUNT(*) FROM employees WHERE salary BETWEEN 63868 AND 79866;
1079,"SELECT COUNT(*)
FROM employees e
JOIN departments d ON e.dept_id = d.dept_id
WHERE d.city = 'Bangalore' AND e.salary BETWEEN 61455 AND 77452;"
1080,SELECT COUNT(*) FROM departments WHERE city = 'Seattle';
1081,"SELECT COUNT(*)
FROM employees e
JOIN departments d ON e.dept_id = d.dept_id
WHERE d.city = 'Austin' AND e.salary BETWEEN 150442 AND 166440;"
1082,SELECT COUNT(*) FROM departments WHERE city = 'Seattle';
1083,"SELECT COUNT(*)
FROM employees e
JOIN departments d ON e.dept_id = d.dept_id
WHERE d.city = 'Austin' AND e.salary BETWEEN 175613 AND 191611;"
1084,"SELECT COUNT(*)
FROM employees e
JOIN departments d ON e.dept_id = d.dept_id
JOIN projects p ON p.emp_id = e.emp_id
WHERE d.city = 'Austin' AND p.budget_tier = 2 AND e.salary BETWEEN 160034 AND 176032;"
1085,SELECT COUNT(*) FROM projects WHERE budget_tier = 1;
1086,SELECT COUNT(*) FROM departments WHERE city = 'Austin';
1087,SELECT COUNT(*) FROM employees WHERE salary BETWEEN 45132 AND 61129;
1088,SELECT COUNT(*) FROM projects WHERE budget_tier = 2;
1089,SELECT COUNT(*) FROM projects WHERE budget_tier = 3;
1090,SELECT COUNT(*) FROM projects WHERE budget_tier = 1;
1091,"SELECT COUNT(*)
FROM employees e
JOIN departments d ON e.dept_id = d.dept_id
WHERE d.city = 'Austin' AND e.salary BETWEEN 179124 AND 195122;"
1092,SELECT COUNT(*) FROM departments WHERE city = 'Berlin';
1093,SELECT COUNT(*) FROM employees WHERE age BETWEEN 43 AND 48;
1094,"SELECT COUNT(*)
FROM employees e
JOIN departments d ON e.dept_id = d.dept_id
WHERE d.city = 'Berlin' AND e.salary BETWEEN 126123 AND 142121;"
1095,"SELECT COUNT(*)
FROM employees e
JOIN departments d ON e.dept_id = d.dept_id
WHERE d.city = 'Seattle' AND e.salary BETWEEN 79361 AND 95358;"
1096,"SELECT COUNT(*)
FROM employees e
JOIN departments d ON e.dept_id = d.dept_id
WHERE d.city = 'Seattle' AND e.salary BETWEEN 83818 AND 99815;"
1097,SELECT COUNT(*) FROM departments WHERE city = 'Berlin';
1098,"SELECT COUNT(*)
FROM employees e
JOIN departments d ON e.dept_id = d.dept_id
WHERE d.city = 'Berlin' AND e.salary BETWEEN 100682 AND 116680;"
1099,"SELECT COUNT(*)
FROM employees e
JOIN departments d ON e.dept_id = d.dept_id
WHERE d.city = 'Seattle' AND e.salary BETWEEN 43416 AND 59414;"
1100,SELECT COUNT(*) FROM projects WHERE budget_tier = 1;
1101,SELECT COUNT(*) FROM projects WHERE budget_tier = 3;
1102,SELECT COUNT(*) FROM departments WHERE city = 'Seattle';
1103,"SELECT COUNT(*)
FROM employees e
JOIN departments d ON e.dept_id = d.dept_id
JOIN projects p ON p.emp_id = e.emp_id
WHERE d.city = 'Seattle' AND p.budget_tier = 2 AND e.salary BETWEEN 91897 AND 107894;"
1104,"SELECT COUNT(*)
FROM employees e
JOIN departments d ON e.dept_id = d.dept_id
WHERE d.city = 'Seattle' AND e.salary BETWEEN 74507 AND 90504;"
1105,SELECT COUNT(*) FROM employees WHERE dept_id = 1;
1106,SELECT COUNT(*) FROM departments WHERE city = 'Austin';
1107,SELECT COUNT(*) FROM employees WHERE age BETWEEN 38 AND 43;
1108,"SELECT COUNT(*)
FROM employees e
JOIN departments d ON e.dept_id = d.dept_id
WHERE d.city = 'Bangalore' AND e.salary BETWEEN 126592 AND 142590;"
1109,SELECT COUNT(*) FROM employees WHERE salary BETWEEN 77698 AND 93695;
1110,"SELECT COUNT(*)
FROM employees e
JOIN departments d ON e.dept_id = d.dept_id
JOIN projects p ON p.emp_id = e.emp_id
WHERE d.city = 'Berlin' AND p.budget_tier = 1 AND e.salary BETWEEN 94922 AND 110919;"
1111,"SELECT COUNT(*)
FROM employees e
JOIN departments d ON e.dept_id = d.dept_id
WHERE d.city = 'Berlin' AND e.salary BETWEEN 116779 AND 132776;"
1112,SELECT COUNT(*) FROM projects WHERE budget_tier = 3;
1113,SELECT COUNT(*) FROM projects WHERE budget_tier = 2;
1114,"SELECT COUNT(*)
FROM employees e
JOIN departments d ON e.dept_id = d.dept_id
JOIN projects p ON p.emp_id = e.emp_id
WHERE d.city = 'Seattle' AND p.budget_tier = 1 AND e.salary BETWEEN 97080 AND 113078;"
1115,"SELECT COUNT(*)
FROM employees e
JOIN departments d ON e.dept_id = d.dept_id
JOIN projects p ON p.emp_id = e.emp_id
WHERE d.city = 'Berlin' AND p.budget_tier = 1 AND e.salary BETWEEN 144182 AND 160180;"
1116,SELECT COUNT(*) FROM departments WHERE city = 'Seattle';
1117,SELECT COUNT(*) FROM departments WHERE city = 'Berlin';
1118,"SELECT COUNT(*)
FROM employees e
JOIN departments d ON e.dept_id = d.dept_id
WHERE d.city = 'Austin' AND e.salary BETWEEN 117719 AND 133717;"
1119,SELECT COUNT(*) FROM projects WHERE budget_tier = 2;
1120,"SELECT COUNT(*)
FROM employees e
JOIN departments d ON e.dept_id = d.dept_id
JOIN projects p ON p.emp_id = e.emp_id
WHERE d.city = 'Austin' AND p.budget_tier = 2 AND e.salary BETWEEN 134260 AND 150258;"
1121,"SELECT COUNT(*)
FROM employees e
JOIN departments d ON e.dept_id = d.dept_id
WHERE d.city = 'Austin' AND e.salary BETWEEN 157961 AND 173958;"
1122,SELECT COUNT(*) FROM departments WHERE city = 'Seattle';
1123,SELECT COUNT(*) FROM departments WHERE city = 'Seattle';
1124,"SELECT COUNT(*)
FROM employees e
JOIN departments d ON e.dept_id = d.dept_id
JOIN projects p ON p.emp_id = e.emp_id
WHERE d.city = 'Seattle' AND p.budget_tier = 3 AND e.salary BETWEEN 130151 AND 146149;"
1125,"SELECT COUNT(*)
FROM employees e
JOIN departments d ON e.dept_id = d.dept_id
WHERE d.city = 'Berlin' AND e.salary BETWEEN 134566 AND 150563;"
1126,SELECT COUNT(*) FROM projects WHERE budget_tier = 2;
1127,SELECT COUNT(*) FROM employees WHERE dept_id = 3;
1128,SELECT COUNT(*) FROM employees WHERE age BETWEEN 24 AND 29;
1129,SELECT COUNT(*) FROM departments WHERE city = 'Bangalore';
1130,"SELECT COUNT(*)
FROM employees e
JOIN departments d ON e.dept_id = d.dept_id
JOIN projects p ON p.emp_id = e.emp_id
WHERE d.city = 'Seattle' AND p.budget_tier = 3 AND e.salary BETWEEN 60347 AND 76344;"
1131,SELECT COUNT(*) FROM employees WHERE age BETWEEN 58 AND 63;
1132,"SELECT COUNT(*)
FROM employees e
JOIN departments d ON e.dept_id = d.dept_id
WHERE d.city = 'Seattle' AND e.salary BETWEEN 94166 AND 110164;"
1133,"SELECT COUNT(*)
FROM employees e
JOIN departments d ON e.dept_id = d.dept_id
WHERE d.city = 'Seattle' AND e.salary BETWEEN 184407 AND 199983;"
1134,SELECT COUNT(*) FROM employees WHERE dept_id = 3;
1135,SELECT COUNT(*) FROM departments WHERE city = 'Bangalore';
1136,"SELECT COUNT(*)
FROM employees e
JOIN departments d ON e.dept_id = d.dept_id
WHERE d.city = 'Berlin' AND e.salary BETWEEN 138031 AND 154029;"
1137,SELECT COUNT(*) FROM departments WHERE city = 'Austin';
1138,SELECT COUNT(*) FROM employees WHERE dept_id = 1;
1139,SELECT COUNT(*) FROM employees WHERE salary BETWEEN 79714 AND 95712;
1140,SELECT COUNT(*) FROM departments WHERE city = 'Seattle';
1141,"SELECT COUNT(*)
FROM employees e
JOIN departments d ON e.dept_id = d.dept_id
WHERE d.city = 'Austin' AND e.salary BETWEEN 120798 AND 136796;"
1142,SELECT COUNT(*) FROM departments WHERE city = 'Berlin';
1143,"SELECT COUNT(*)
FROM employees e
JOIN departments d ON e.dept_id = d.dept_id
JOIN projects p ON p.emp_id = e.emp_id
WHERE d.city = 'Seattle' AND p.budget_tier = 1 AND e.salary BETWEEN 93286 AND 109284;"
1144,"SELECT COUNT(*)
FROM employees e
JOIN departments d ON e.dept_id = d.dept_id
WHERE d.city = 'Berlin' AND e.salary BETWEEN 189731 AND 199983;"
1145,"SELECT COUNT(*)
FROM employees e
JOIN departments d ON e.dept_id = d.dept_id
WHERE d.city = 'Seattle' AND e.salary BETWEEN 41409 AND 57406;"
1146,SELECT COUNT(*) FROM departments WHERE city = 'Austin';
1147,SELECT COUNT(*) FROM employees WHERE salary BETWEEN 76408 AND 92406;
1148,SELECT COUNT(*) FROM employees WHERE age BETWEEN 48 AND 53;
1149,SELECT COUNT(*) FROM employees WHERE dept_id = 4;
1150,"SELECT COUNT(*)
FROM employees e
JOIN departments d ON e.dept_id = d.dept_id
JOIN projects p ON p.emp_id = e.emp_id
WHERE d.city = 'Austin' AND p.budget_tier = 2 AND e.salary BETWEEN 80114 AND 96111;"
1151,SELECT COUNT(*) FROM employees WHERE dept_id = 1;
1152,SELECT COUNT(*) FROM employees WHERE dept_id = 2;
1153,"SELECT COUNT(*)
FROM employees e
JOIN departments d ON e.dept_id = d.dept_id
WHERE d.city = 'Berlin' AND e.salary BETWEEN 65960 AND 81958;"
1154,"SELECT COUNT(*)
FROM employees e
JOIN departments d ON e.dept_id = d.dept_id
WHERE d.city = 'Seattle' AND e.salary BETWEEN 70564 AND 86561;"
1155,"SELECT COUNT(*)
FROM employees e
JOIN departments d ON e.dept_id = d.dept_id
WHERE d.city = 'Berlin' AND e.salary BETWEEN 86212 AND 102209;"
1156,"SELECT COUNT(*)
FROM employees e
JOIN departments d ON e.dept_id = d.dept_id
JOIN projects p ON p.emp_id = e.emp_id
WHERE d.city = 'Seattle' AND p.budget_tier = 1 AND e.salary BETWEEN 68371 AND 84369;"
1157,"SELECT COUNT(*)
FROM employees e
JOIN departments d ON e.dept_id = d.dept_id
JOIN projects p ON p.emp_id = e.emp_id
WHERE d.city = 'Austin' AND p.budget_tier = 2 AND e.salary BETWEEN 183971 AND 199968;"
1158,"SELECT COUNT(*)
FROM employees e
JOIN departments d ON e.dept_id = d.dept_id
WHERE d.city = 'Seattle' AND e.salary BETWEEN 53121 AND 69118;"
1159,"SELECT COUNT(*)
FROM employees e
JOIN departments d ON e.dept_id = d.dept_id
JOIN projects p ON p.emp_id = e.emp_id
WHERE d.city = 'Berlin' AND p.budget_tier = 1 AND e.salary BETWEEN 124835 AND 140833;"
1160,SELECT COUNT(*) FROM departments WHERE city = 'Seattle';
1161,SELECT COUNT(*) FROM projects WHERE budget_tier = 1;
1162,"SELECT COUNT(*)
FROM employees e
JOIN departments d ON e.dept_id = d.dept_id
WHERE d.city = 'Bangalore' AND e.salary BETWEEN 106372 AND 122369;"
1163,SELECT COUNT(*) FROM departments WHERE city = 'Bangalore';
1164,SELECT COUNT(*) FROM employees WHERE dept_id = 3;
1165,SELECT COUNT(*) FROM employees WHERE dept_id = 2;
1166,"SELECT COUNT(*)
FROM employees e
JOIN departments d ON e.dept_id = d.dept_id
WHERE d.city = 'Bangalore' AND e.salary BETWEEN 197193 AND 199983;"
1167,SELECT COUNT(*) FROM projects WHERE budget_tier = 2;
1168,SELECT COUNT(*) FROM departments WHERE city = 'Bangalore';
1169,SELECT COUNT(*) FROM employees WHERE age BETWEEN 25 AND 30;
1170,"SELECT COUNT(*)
FROM employees e
JOIN departments d ON e.dept_id = d.dept_id
JOIN projects p ON p.emp_id = e.emp_id
WHERE d.city = 'Austin' AND p.budget_tier = 3 AND e.salary BETWEEN 183959 AND 199956;"
1171,"SELECT COUNT(*)
FROM employees e
JOIN departments d ON e.dept_id = d.dept_id
WHERE d.city = 'Bangalore' AND e.salary BETWEEN 132876 AND 148874;"
1172,"SELECT COUNT(*)
FROM employees e
JOIN departments d ON e.dept_id = d.dept_id
WHERE d.city = 'Berlin' AND e.salary BETWEEN 187340 AND 199983;"
1173,SELECT COUNT(*) FROM departments WHERE city = 'Berlin';
1174,"SELECT COUNT(*)
FROM employees e
JOIN departments d ON e.dept_id = d.dept_id
JOIN projects p ON p.emp_id = e.emp_id
WHERE d.city = 'Berlin' AND p.budget_tier = 1 AND e.salary BETWEEN 41046 AND 57044;"
1175,SELECT COUNT(*) FROM employees WHERE salary BETWEEN 196024 AND 199983;
1176,"SELECT COUNT(*)
FROM employees e
JOIN departments d ON e.dept_id = d.dept_id
WHERE d.city = 'Seattle' AND e.salary BETWEEN 119538 AND 135536;"
1177,"SELECT COUNT(*)
FROM employees e
JOIN departments d ON e.dept_id = d.dept_id
JOIN projects p ON p.emp_id = e.emp_id
WHERE d.city = 'Berlin' AND p.budget_tier = 1 AND e.salary BETWEEN 155752 AND 171749;"
1178,"SELECT COUNT(*)
FROM employees e
JOIN departments d ON e.dept_id = d.dept_id
WHERE d.city = 'Bangalore' AND e.salary BETWEEN 171610 AND 187607;"
1179,"SELECT COUNT(*)
FROM employees e
JOIN departments d ON e.dept_id = d.dept_id
WHERE d.city = 'Austin' AND e.salary BETWEEN 155138 AND 171135;"
1180,"SELECT COUNT(*)
FROM employees e
JOIN departments d ON e.dept_id = d.dept_id
JOIN projects p ON p.emp_id = e.emp_id
WHERE d.city = 'Seattle' AND p.budget_tier = 2 AND e.salary BETWEEN 126567 AND 142564;"
1181,"SELECT COUNT(*)
FROM employees e
JOIN departments d ON e.dept_id = d.dept_id
WHERE d.city = 'Berlin' AND e.salary BETWEEN 117181 AND 133179;"
1182,"SELECT COUNT(*)
FROM employees e
JOIN departments d ON e.dept_id = d.dept_id
WHERE d.city = 'Seattle' AND e.salary BETWEEN 174665 AND 190663;"
1183,"SELECT COUNT(*)
FROM employees e
JOIN departments d ON e.dept_id = d.dept_id
WHERE d.city = 'Austin' AND e.salary BETWEEN 73213 AND 89210;"
1184,"SELECT COUNT(*)
FROM employees e
JOIN departments d ON e.dept_id = d.dept_id
WHERE d.city = 'Bangalore' AND e.salary BETWEEN 194979 AND 199983;"
1185,SELECT COUNT(*) FROM employees WHERE dept_id = 2;
1186,"SELECT COUNT(*)
FROM employees e
JOIN departments d ON e.dept_id = d.dept_id
WHERE d.city = 'Berlin' AND e.salary BETWEEN 153899 AND 169896;"
1187,"SELECT COUNT(*)
FROM employees e
JOIN departments d ON e.dept_id = d.dept_id
JOIN projects p ON p.emp_id = e.emp_id
WHERE d.city = 'Seattle' AND p.budget_tier = 2 AND e.salary BETWEEN 72547 AND 88545;"
1188,"SELECT COUNT(*)
FROM employees e
JOIN departments d ON e.dept_id = d.dept_id
JOIN projects p ON p.emp_id = e.emp_id
WHERE d.city = 'Austin' AND p.budget_tier = 1 AND e.salary BETWEEN 157883 AND 173880;"
1189,"SELECT COUNT(*)
FROM employees e
JOIN departments d ON e.dept_id = d.dept_id
JOIN projects p ON p.emp_id = e.emp_id
WHERE d.city = 'Bangalore' AND p.budget_tier = 2 AND e.salary BETWEEN 125800 AND 141798;"
1190,SELECT COUNT(*) FROM departments WHERE city = 'Seattle';
1191,SELECT COUNT(*) FROM employees WHERE age BETWEEN 23 AND 28;
1192,SELECT COUNT(*) FROM projects WHERE budget_tier = 1;
1193,SELECT COUNT(*) FROM projects WHERE budget_tier = 3;
1194,"SELECT COUNT(*)
FROM employees e
JOIN departments d ON e.dept_id = d.dept_id
WHERE d.city = 'Berlin' AND e.salary BETWEEN 138534 AND 154531;"
1195,"SELECT COUNT(*)
FROM employees e
JOIN departments d ON e.dept_id = d.dept_id
WHERE d.city = 'Berlin' AND e.salary BETWEEN 86730 AND 102727;"
1196,SELECT COUNT(*) FROM employees WHERE age BETWEEN 60 AND 65;
1197,"SELECT COUNT(*)
FROM employees e
JOIN departments d ON e.dept_id = d.dept_id
WHERE d.city = 'Austin' AND e.salary BETWEEN 122116 AND 138114;"
1198,"SELECT COUNT(*)
FROM employees e
JOIN departments d ON e.dept_id = d.dept_id
WHERE d.city = 'Berlin' AND e.salary BETWEEN 189500 AND 199983;"
1199,"SELECT COUNT(*)
FROM employees e
JOIN departments d ON e.dept_id = d.dept_id
JOIN projects p ON p.emp_id = e.emp_id
WHERE d.city = 'Berlin' AND p.budget_tier = 2 AND e.salary BETWEEN 91653 AND 107650;"
1200,"SELECT COUNT(*)
FROM employees e
JOIN departments d ON e.dept_id = d.dept_id
WHERE d.city = 'Berlin' AND e.salary BETWEEN 135776 AND 151774;"
1201,SELECT COUNT(*) FROM employees WHERE dept_id = 4;
1202,"SELECT COUNT(*)
FROM employees e
JOIN departments d ON e.dept_id = d.dept_id
WHERE d.city = 'Bangalore' AND e.salary BETWEEN 99420 AND 115418;"
1203,"SELECT COUNT(*)
FROM employees e
JOIN departments d ON e.dept_id = d.dept_id
WHERE d.city = 'Austin' AND e.salary BETWEEN 113070 AND 129067;"
1204,"SELECT COUNT(*)
FROM employees e
JOIN departments d ON e.dept_id = d.dept_id
WHERE d.city = 'Berlin' AND e.salary BETWEEN 128788 AND 144785;"
1205,SELECT COUNT(*) FROM projects WHERE budget_tier = 1;
1206,SELECT COUNT(*) FROM projects WHERE budget_tier = 3;
1207,SELECT COUNT(*) FROM projects WHERE budget_tier = 2;
1208,"SELECT COUNT(*)
FROM employees e
JOIN departments d ON e.dept_id = d.dept_id
JOIN projects p ON p.emp_id = e.emp_id
WHERE d.city = 'Bangalore' AND p.budget_tier = 2 AND e.salary BETWEEN 128828 AND 144826;"
1209,SELECT COUNT(*) FROM projects WHERE budget_tier = 1;
1210,"SELECT COUNT(*)
FROM employees e
JOIN departments d ON e.dept_id = d.dept_id
JOIN projects p ON p.emp_id = e.emp_id
WHERE d.city = 'Austin' AND p.budget_tier = 3 AND e.salary BETWEEN 72847 AND 88845;"
1211,SELECT COUNT(*) FROM departments WHERE city = 'Austin';
1212,SELECT COUNT(*) FROM employees WHERE dept_id = 3;
1213,"SELECT COUNT(*)
FROM employees e
JOIN departments d ON e.dept_id = d.dept_id
JOIN projects p ON p.emp_id = e.emp_id
WHERE d.city = 'Austin' AND p.budget_tier = 2 AND e.salary BETWEEN 150002 AND 166000;"
1214,"SELECT COUNT(*)
FROM employees e
JOIN departments d ON e.dept_id = d.dept_id
WHERE d.city = 'Berlin' AND e.salary BETWEEN 54255 AND 70253;"
1215,SELECT COUNT(*) FROM departments WHERE city = 'Austin';
1216,SELECT COUNT(*) FROM employees WHERE salary BETWEEN 62287 AND 78284;
1217,SELECT COUNT(*) FROM employees WHERE age BETWEEN 50 AND 55;
1218,SELECT COUNT(*) FROM departments WHERE city = 'Bangalore';
1219,"SELECT COUNT(*)
FROM employees e
JOIN departments d ON e.dept_id = d.dept_id
WHERE d.city = 'Austin' AND e.salary BETWEEN 58762 AND 74760;"
1220,"SELECT COUNT(*)
FROM employees e
JOIN departments d ON e.dept_id = d.dept_id
JOIN projects p ON p.emp_id = e.emp_id
WHERE d.city = 'Bangalore' AND p.budget_tier = 1 AND e.salary BETWEEN 116617 AND 132615;"
1221,SELECT COUNT(*) FROM departments WHERE city = 'Seattle';
1222,"SELECT COUNT(*)
FROM employees e
JOIN departments d ON e.dept_id = d.dept_id
WHERE d.city = 'Austin' AND e.salary BETWEEN 137880 AND 153878;"
1223,SELECT COUNT(*) FROM employees WHERE dept_id = 3;
1224,SELECT COUNT(*) FROM departments WHERE city = 'Seattle';
1225,SELECT COUNT(*) FROM employees WHERE salary BETWEEN 167529 AND 183527;
1226,SELECT COUNT(*) FROM employees WHERE age BETWEEN 56 AND 61;
1227,"SELECT COUNT(*)
FROM employees e
JOIN departments d ON e.dept_id = d.dept_id
JOIN projects p ON p.emp_id = e.emp_id
WHERE d.city = 'Seattle' AND p.budget_tier = 1 AND e.salary BETWEEN 189058 AND 199983;"
1228,"SELECT COUNT(*)
FROM employees e
JOIN departments d ON e.dept_id = d.dept_id
WHERE d.city = 'Bangalore' AND e.salary BETWEEN 173300 AND 189297;"
1229,"SELECT COUNT(*)
FROM employees e
JOIN departments d ON e.dept_id = d.dept_id
WHERE d.city = 'Bangalore' AND e.salary BETWEEN 194520 AND 199983;"
1230,"SELECT COUNT(*)
FROM employees e
JOIN departments d ON e.dept_id = d.dept_id
JOIN projects p ON p.emp_id = e.emp_id
WHERE d.city = 'Austin' AND p.budget_tier = 1 AND e.salary BETWEEN 59741 AND 75739;"
1231,"SELECT COUNT(*)
FROM employees e
JOIN departments d ON e.dept_id = d.dept_id
JOIN projects p ON p.emp_id = e.emp_id
WHERE d.city = 'Austin' AND p.budget_tier = 1 AND e.salary BETWEEN 156927 AND 172925;"
1232,SELECT COUNT(*) FROM employees WHERE dept_id = 4;
1233,"SELECT COUNT(*)
FROM employees e
JOIN departments d ON e.dept_id = d.dept_id
WHERE d.city = 'Berlin' AND e.salary BETWEEN 190413 AND 199983;"
1234,"SELECT COUNT(*)
FROM employees e
JOIN departments d ON e.dept_id = d.dept_id
WHERE d.city = 'Berlin' AND e.salary BETWEEN 69652 AND 85649;"
1235,SELECT COUNT(*) FROM employees WHERE salary BETWEEN 50927 AND 66925;
1236,"SELECT COUNT(*)
FROM employees e
JOIN departments d ON e.dept_id = d.dept_id
WHERE d.city = 'Bangalore' AND e.salary BETWEEN 158622 AND 174619;"
1237,SELECT COUNT(*) FROM departments WHERE city = 'Seattle';
1238,SELECT COUNT(*) FROM departments WHERE city = 'Bangalore';
1239,SELECT COUNT(*) FROM employees WHERE dept_id = 2;
1240,"SELECT COUNT(*)
FROM employees e
JOIN departments d ON e.dept_id = d.dept_id
WHERE d.city = 'Seattle' AND e.salary BETWEEN 132665 AND 148662;"
1241,SELECT COUNT(*) FROM employees WHERE salary BETWEEN 175258 AND 191255;
1242,"SELECT COUNT(*)
FROM employees e
JOIN departments d ON e.dept_id = d.dept_id
WHERE d.city = 'Bangalore' AND e.salary BETWEEN 62479 AND 78476;"
1243,SELECT COUNT(*) FROM projects WHERE budget_tier = 1;
1244,SELECT COUNT(*) FROM projects WHERE budget_tier = 3;
1245,SELECT COUNT(*) FROM departments WHERE city = 'Berlin';
1246,SELECT COUNT(*) FROM employees WHERE salary BETWEEN 167737 AND 183734;
1247,SELECT COUNT(*) FROM departments WHERE city = 'Austin';
1248,"SELECT COUNT(*)
FROM employees e
JOIN departments d ON e.dept_id = d.dept_id
WHERE d.city = 'Seattle' AND e.salary BETWEEN 72819 AND 88816;"
1249,SELECT COUNT(*) FROM projects WHERE budget_tier = 1;
1250,SELECT COUNT(*) FROM departments WHERE city = 'Bangalore';
1251,"SELECT COUNT(*)
FROM employees e
JOIN departments d ON e.dept_id = d.dept_id
JOIN projects p ON p.emp_id = e.emp_id
WHERE d.city = 'Austin' AND p.budget_tier = 3 AND e.salary BETWEEN 66624 AND 82621;"
1252,SELECT COUNT(*) FROM departments WHERE city = 'Bangalore';
1253,"SELECT COUNT(*)
FROM employees e
JOIN departments d ON e.dept_id = d.dept_id
JOIN projects p ON p.emp_id = e.emp_id
WHERE d.city = 'Bangalore' AND p.budget_tier = 2 AND e.salary BETWEEN 66702 AND 82700;"
1254,"SELECT COUNT(*)
FROM employees e
JOIN departments d ON e.dept_id = d.dept_id
JOIN projects p ON p.emp_id = e.emp_id
WHERE d.city = 'Bangalore' AND p.budget_tier = 2 AND e.salary BETWEEN 170543 AND 186541;"
1255,SELECT COUNT(*) FROM projects WHERE budget_tier = 2;
1256,"SELECT COUNT(*)
FROM employees e
JOIN departments d ON e.dept_id = d.dept_id
WHERE d.city = 'Austin' AND e.salary BETWEEN 146981 AND 162979;"
1257,SELECT COUNT(*) FROM departments WHERE city = 'Austin';
1258,"SELECT COUNT(*)
FROM employees e
JOIN departments d ON e.dept_id = d.dept_id
JOIN projects p ON p.emp_id = e.emp_id
WHERE d.city = 'Austin' AND p.budget_tier = 1 AND e.salary BETWEEN 124570 AND 140568;"
1259,"SELECT COUNT(*)
FROM employees e
JOIN departments d ON e.dept_id = d.dept_id
WHERE d.city = 'Austin' AND e.salary BETWEEN 97722 AND 113719;"
1260,SELECT COUNT(*) FROM employees WHERE age BETWEEN 34 AND 39;
1261,SELECT COUNT(*) FROM projects WHERE budget_tier = 3;
1262,"SELECT COUNT(*)
FROM employees e
JOIN departments d ON e.dept_id = d.dept_id
WHERE d.city = 'Berlin' AND e.salary BETWEEN 103448 AND 119446;"
1263,SELECT COUNT(*) FROM projects WHERE budget_tier = 1;
1264,SELECT COUNT(*) FROM projects WHERE budget_tier = 1;
1265,"SELECT COUNT(*)
FROM employees e
JOIN departments d ON e.dept_id = d.dept_id
WHERE d.city = 'Berlin' AND e.salary BETWEEN 170917 AND 186914;"
1266,"SELECT COUNT(*)
FROM employees e
JOIN departments d ON e.dept_id = d.dept_id
WHERE d.city = 'Seattle' AND e.salary BETWEEN 110860 AND 126858;"
1267,"SELECT COUNT(*)
FROM employees e
JOIN departments d ON e.dept_id = d.dept_id
WHERE d.city = 'Bangalore' AND e.salary BETWEEN 100646 AND 116643;"
1268,SELECT COUNT(*) FROM employees WHERE dept_id = 1;
1269,"SELECT COUNT(*)
FROM employees e
JOIN departments d ON e.dept_id = d.dept_id
JOIN projects p ON p.emp_id = e.emp_id
WHERE d.city = 'Seattle' AND p.budget_tier = 1 AND e.salary BETWEEN 114866 AND 130863;"
1270,"SELECT COUNT(*)
FROM employees e
JOIN departments d ON e.dept_id = d.dept_id
JOIN projects p ON p.emp_id = e.emp_id
WHERE d.city = 'Berlin' AND p.budget_tier = 2 AND e.salary BETWEEN 88526 AND 104524;"
1271,SELECT COUNT(*) FROM projects WHERE budget_tier = 2;
1272,"SELECT COUNT(*)
FROM employees e
JOIN departments d ON e.dept_id = d.dept_id
WHERE d.city = 'Bangalore' AND e.salary BETWEEN 159684 AND 175682;"
1273,SELECT COUNT(*) FROM departments WHERE city = 'Bangalore';
1274,SELECT COUNT(*) FROM projects WHERE budget_tier = 1;
1275,SELECT COUNT(*) FROM departments WHERE city = 'Austin';
1276,SELECT COUNT(*) FROM departments WHERE city = 'Berlin';
1277,"SELECT COUNT(*)
FROM employees e
JOIN departments d ON e.dept_id = d.dept_id
JOIN projects p ON p.emp_id = e.emp_id
WHERE d.city = 'Seattle' AND p.budget_tier = 1 AND e.salary BETWEEN 121532 AND 137529;"
1278,"SELECT COUNT(*)
FROM employees e
JOIN departments d ON e.dept_id = d.dept_id
WHERE d.city = 'Berlin' AND e.salary BETWEEN 77573 AND 93571;"
1279,SELECT COUNT(*) FROM departments WHERE city = 'Seattle';
1280,"SELECT COUNT(*)
FROM employees e
JOIN departments d ON e.dept_id = d.dept_id
JOIN projects p ON p.emp_id = e.emp_id
WHERE d.city = 'Austin' AND p.budget_tier = 2 AND e.salary BETWEEN 184402 AND 199983;"
1281,SELECT COUNT(*) FROM projects WHERE budget_tier = 2;
1282,"SELECT COUNT(*)
FROM employees e
JOIN departments d ON e.dept_id = d.dept_id
WHERE d.city = 'Berlin' AND e.salary BETWEEN 101886 AND 117883;"
1283,SELECT COUNT(*) FROM departments WHERE city = 'Seattle';
1284,SELECT COUNT(*) FROM employees WHERE salary BETWEEN 127930 AND 143928;
1285,"SELECT COUNT(*)
FROM employees e
JOIN departments d ON e.dept_id = d.dept_id
WHERE d.city = 'Berlin' AND e.salary BETWEEN 185602 AND 199983;"
1286,"SELECT COUNT(*)
FROM employees e
JOIN departments d ON e.dept_id = d.dept_id
WHERE d.city = 'Austin' AND e.salary BETWEEN 140564 AND 156562;"
1287,SELECT COUNT(*) FROM projects WHERE budget_tier = 3;
1288,SELECT COUNT(*) FROM projects WHERE budget_tier = 1;
1289,SELECT COUNT(*) FROM employees WHERE dept_id = 1;
1290,SELECT COUNT(*) FROM departments WHERE city = 'Seattle';
1291,"SELECT COUNT(*)
FROM employees e
JOIN departments d ON e.dept_id = d.dept_id
JOIN projects p ON p.emp_id = e.emp_id
WHERE d.city = 'Austin' AND p.budget_tier = 1 AND e.salary BETWEEN 58766 AND 74764;"
1292,SELECT COUNT(*) FROM departments WHERE city = 'Bangalore';
1293,"SELECT COUNT(*)
FROM employees e
JOIN departments d ON e.dept_id = d.dept_id
WHERE d.city = 'Seattle' AND e.salary BETWEEN 190601 AND 199983;"
1294,"SELECT COUNT(*)
FROM employees e
JOIN departments d ON e.dept_id = d.dept_id
WHERE d.city = 'Austin' AND e.salary BETWEEN 140976 AND 156973;"
1295,SELECT COUNT(*) FROM projects WHERE budget_tier = 1;
1296,SELECT COUNT(*) FROM departments WHERE city = 'Berlin';
1297,SELECT COUNT(*) FROM departments WHERE city = 'Seattle';
1298,SELECT COUNT(*) FROM departments WHERE city = 'Seattle';
1299,SELECT COUNT(*) FROM projects WHERE budget_tier = 1;
1300,"SELECT COUNT(*)
FROM employees e
JOIN departments d ON e.dept_id = d.dept_id
JOIN projects p ON p.emp_id = e.emp_id
WHERE d.city = 'Austin' AND p.budget_tier = 2 AND e.salary BETWEEN 93855 AND 109853;"
1301,SELECT COUNT(*) FROM departments WHERE city = 'Seattle';
1302,"SELECT COUNT(*)
FROM employees e
JOIN departments d ON e.dept_id = d.dept_id
JOIN projects p ON p.emp_id = e.emp_id
WHERE d.city = 'Seattle' AND p.budget_tier = 2 AND e.salary BETWEEN 62403 AND 78400;"
1303,"SELECT COUNT(*)
FROM employees e
JOIN departments d ON e.dept_id = d.dept_id
JOIN projects p ON p.emp_id = e.emp_id
WHERE d.city = 'Austin' AND p.budget_tier = 3 AND e.salary BETWEEN 167502 AND 183500;"
1304,"SELECT COUNT(*)
FROM employees e
JOIN departments d ON e.dept_id = d.dept_id
WHERE d.city = 'Austin' AND e.salary BETWEEN 139910 AND 155908;"
1305,SELECT COUNT(*) FROM departments WHERE city = 'Berlin';
1306,SELECT COUNT(*) FROM departments WHERE city = 'Berlin';
1307,SELECT COUNT(*) FROM employees WHERE salary BETWEEN 126260 AND 142258;
1308,SELECT COUNT(*) FROM projects WHERE budget_tier = 2;
1309,"SELECT COUNT(*)
FROM employees e
JOIN departments d ON e.dept_id = d.dept_id
WHERE d.city = 'Seattle' AND e.salary BETWEEN 183469 AND 199467;"
1310,"SELECT COUNT(*)
FROM employees e
JOIN departments d ON e.dept_id = d.dept_id
WHERE d.city = 'Berlin' AND e.salary BETWEEN 166747 AND 182744;"
1311,"SELECT COUNT(*)
FROM employees e
JOIN departments d ON e.dept_id = d.dept_id
WHERE d.city = 'Berlin' AND e.salary BETWEEN 64527 AND 80525;"
1312,SELECT COUNT(*) FROM employees WHERE salary BETWEEN 90337 AND 106334;
1313,SELECT COUNT(*) FROM departments WHERE city = 'Berlin';
1314,"SELECT COUNT(*)
FROM employees e
JOIN departments d ON e.dept_id = d.dept_id
JOIN projects p ON p.emp_id = e.emp_id
WHERE d.city = 'Berlin' AND p.budget_tier = 1 AND e.salary BETWEEN 80507 AND 96504;"
1315,SELECT COUNT(*) FROM projects WHERE budget_tier = 2;
1316,"SELECT COUNT(*)
FROM employees e
JOIN departments d ON e.dept_id = d.dept_id
JOIN projects p ON p.emp_id = e.emp_id
WHERE d.city = 'Bangalore' AND p.budget_tier = 2 AND e.salary BETWEEN 159002 AND 175000;"
1317,"SELECT COUNT(*)
FROM employees e
JOIN departments d ON e.dept_id = d.dept_id
WHERE d.city = 'Seattle' AND e.salary BETWEEN 45712 AND 61710;"
1318,"SELECT COUNT(*)
FROM employees e
JOIN departments d ON e.dept_id = d.dept_id
WHERE d.city = 'Berlin' AND e.salary BETWEEN 131839 AND 147836;"
1319,SELECT COUNT(*) FROM departments WHERE city = 'Bangalore';
1320,SELECT COUNT(*) FROM employees WHERE age BETWEEN 34 AND 39;
1321,"SELECT COUNT(*)
FROM employees e
JOIN departments d ON e.dept_id = d.dept_id
WHERE d.city = 'Austin' AND e.salary BETWEEN 180852 AND 196850;"
1322,SELECT COUNT(*) FROM projects WHERE budget_tier = 3;
1323,"SELECT COUNT(*)
FROM employees e
JOIN departments d ON e.dept_id = d.dept_id
WHERE d.city = 'Bangalore' AND e.salary BETWEEN 94828 AND 110825;"
1324,"SELECT COUNT(*)
FROM employees e
JOIN departments d ON e.dept_id = d.dept_id
JOIN projects p ON p.emp_id = e.emp_id
WHERE d.city = 'Berlin' AND p.budget_tier = 1 AND e.salary BETWEEN 171637 AND 187635;"
1325,SELECT COUNT(*) FROM employees WHERE age BETWEEN 22 AND 27;
1326,"SELECT COUNT(*)
FROM employees e
JOIN departments d ON e.dept_id = d.dept_id
JOIN projects p ON p.emp_id = e.emp_id
WHERE d.city = 'Austin' AND p.budget_tier = 2 AND e.salary BETWEEN 100947 AND 116945;"
1327,SELECT COUNT(*) FROM employees WHERE age BETWEEN 46 AND 51;
1328,SELECT COUNT(*) FROM projects WHERE budget_tier = 3;
1329,"SELECT COUNT(*)
FROM employees e
JOIN departments d ON e.dept_id = d.dept_id
JOIN projects p ON p.emp_id = e.emp_id
WHERE d.city = 'Berlin' AND p.budget_tier = 1 AND e.salary BETWEEN 137480 AND 153478;"
1330,SELECT COUNT(*) FROM employees WHERE age BETWEEN 50 AND 55;
1331,"SELECT COUNT(*)
FROM employees e
JOIN departments d ON e.dept_id = d.dept_id
JOIN projects p ON p.emp_id = e.emp_id
WHERE d.city = 'Bangalore' AND p.budget_tier = 2 AND e.salary BETWEEN 127302 AND 143299;"
1332,SELECT COUNT(*) FROM projects WHERE budget_tier = 1;
1333,SELECT COUNT(*) FROM employees WHERE salary BETWEEN 118807 AND 134804;
1334,SELECT COUNT(*) FROM projects WHERE budget_tier = 1;
1335,"SELECT COUNT(*)
FROM employees e
JOIN departments d ON e.dept_id = d.dept_id
WHERE d.city = 'Seattle' AND e.salary BETWEEN 106125 AND 122122;"
1336,SELECT COUNT(*) FROM employees WHERE age BETWEEN 51 AND 56;
1337,SELECT COUNT(*) FROM projects WHERE budget_tier = 3;
1338,"SELECT COUNT(*)
FROM employees e
JOIN departments d ON e.dept_id = d.dept_id
WHERE d.city = 'Bangalore' AND e.salary BETWEEN 155341 AND 171339;"
1339,SELECT COUNT(*) FROM employees WHERE dept_id = 2;
1340,SELECT COUNT(*) FROM projects WHERE budget_tier = 2;
1341,SELECT COUNT(*) FROM projects WHERE budget_tier = 1;
1342,"SELECT COUNT(*)
FROM employees e
JOIN departments d ON e.dept_id = d.dept_id
WHERE d.city = 'Bangalore' AND e.salary BETWEEN 143016 AND 159014;"
1343,SELECT COUNT(*) FROM employees WHERE salary BETWEEN 151457 AND 167455;
1344,"SELECT COUNT(*)
FROM employees e
JOIN departments d ON e.dept_id = d.dept_id
WHERE d.city = 'Seattle' AND e.salary BETWEEN 127669 AND 143667;"
1345,SELECT COUNT(*) FROM employees WHERE dept_id = 2;
1346,SELECT COUNT(*) FROM employees WHERE dept_id = 4;
1347,"SELECT COUNT(*)
FROM employees e
JOIN departments d ON e.dept_id = d.dept_id
WHERE d.city = 'Bangalore' AND e.salary BETWEEN 81023 AND 97021;"
1348,SELECT COUNT(*) FROM departments WHERE city = 'Bangalore';
1349,SELECT COUNT(*) FROM projects WHERE budget_tier = 3;
1350,"SELECT COUNT(*)
FROM employees e
JOIN departments d ON e.dept_id = d.dept_id
WHERE d.city = 'Seattle' AND e.salary BETWEEN 95383 AND 111381;"
1351,"SELECT COUNT(*)
FROM employees e
JOIN departments d ON e.dept_id = d.dept_id
JOIN projects p ON p.emp_id = e.emp_id
WHERE d.city = 'Austin' AND p.budget_tier = 1 AND e.salary BETWEEN 69694 AND 85692;"
1352,"SELECT COUNT(*)
FROM employees e
JOIN departments d ON e.dept_id = d.dept_id
WHERE d.city = 'Austin' AND e.salary BETWEEN 185918 AND 199983;"
1353,SELECT COUNT(*) FROM departments WHERE city = 'Berlin';
1354,SELECT COUNT(*) FROM departments WHERE city = 'Berlin';
1355,SELECT COUNT(*) FROM employees WHERE salary BETWEEN 134046 AND 150043;
1356,"SELECT COUNT(*)
FROM employees e
JOIN departments d ON e.dept_id = d.dept_id
JOIN projects p ON p.emp_id = e.emp_id
WHERE d.city = 'Bangalore' AND p.budget_tier = 3 AND e.salary BETWEEN 104887 AND 120884;"
1357,"SELECT COUNT(*)
FROM employees e
JOIN departments d ON e.dept_id = d.dept_id
WHERE d.city = 'Berlin' AND e.salary BETWEEN 114650 AND 130647;"
1358,SELECT COUNT(*) FROM projects WHERE budget_tier = 1;
1359,SELECT COUNT(*) FROM departments WHERE city = 'Berlin';
1360,"SELECT COUNT(*)
FROM employees e
JOIN departments d ON e.dept_id = d.dept_id
WHERE d.city = 'Austin' AND e.salary BETWEEN 191952 AND 199983;"
1361,"SELECT COUNT(*)
FROM employees e
JOIN departments d ON e.dept_id = d.dept_id
JOIN projects p ON p.emp_id = e.emp_id
WHERE d.city = 'Bangalore' AND p.budget_tier = 1 AND e.salary BETWEEN 64858 AND 80856;"
1362,SELECT COUNT(*) FROM projects WHERE budget_tier = 1;
1363,SELECT COUNT(*) FROM employees WHERE age BETWEEN 36 AND 41;
1364,"SELECT COUNT(*)
FROM employees e
JOIN departments d ON e.dept_id = d.dept_id
WHERE d.city = 'Seattle' AND e.salary BETWEEN 122084 AND 138082;"
1365,SELECT COUNT(*) FROM projects WHERE budget_tier = 3;
1366,SELECT COUNT(*) FROM projects WHERE budget_tier = 1;
1367,"SELECT COUNT(*)
FROM employees e
JOIN departments d ON e.dept_id = d.dept_id
WHERE d.city = 'Seattle' AND e.salary BETWEEN 138620 AND 154617;"
1368,"SELECT COUNT(*)
FROM employees e
JOIN departments d ON e.dept_id = d.dept_id
WHERE d.city = 'Seattle' AND e.salary BETWEEN 43040 AND 59038;"
1369,"SELECT COUNT(*)
FROM employees e
JOIN departments d ON e.dept_id = d.dept_id
WHERE d.city = 'Seattle' AND e.salary BETWEEN 180206 AND 196204;"
1370,SELECT COUNT(*) FROM employees WHERE salary BETWEEN 189509 AND 199983;
1371,SELECT COUNT(*) FROM employees WHERE age BETWEEN 53 AND 58;
1372,SELECT COUNT(*) FROM projects WHERE budget_tier = 1;
1373,SELECT COUNT(*) FROM projects WHERE budget_tier = 3;
1374,SELECT COUNT(*) FROM projects WHERE budget_tier = 1;
1375,"SELECT COUNT(*)
FROM employees e
JOIN departments d ON e.dept_id = d.dept_id
WHERE d.city = 'Berlin' AND e.salary BETWEEN 187479 AND 199983;"
1376,"SELECT COUNT(*)
FROM employees e
JOIN departments d ON e.dept_id = d.dept_id
WHERE d.city = 'Austin' AND e.salary BETWEEN 166859 AND 182856;"
1377,SELECT COUNT(*) FROM employees WHERE age BETWEEN 54 AND 59;
1378,"SELECT COUNT(*)
FROM employees e
JOIN departments d ON e.dept_id = d.dept_id
WHERE d.city = 'Seattle' AND e.salary BETWEEN 153544 AND 169542;"
1379,SELECT COUNT(*) FROM employees WHERE salary BETWEEN 64652 AND 80650;
1380,SELECT COUNT(*) FROM employees WHERE salary BETWEEN 132931 AND 148929;
1381,"SELECT COUNT(*)
FROM employees e
JOIN departments d ON e.dept_id = d.dept_id
WHERE d.city = 'Austin' AND e.salary BETWEEN 137911 AND 153909;"
1382,SELECT COUNT(*) FROM departments WHERE city = 'Berlin';
1383,SELECT COUNT(*) FROM projects WHERE budget_tier = 2;
1384,"SELECT COUNT(*)
FROM employees e
JOIN departments d ON e.dept_id = d.dept_id
JOIN projects p ON p.emp_id = e.emp_id
WHERE d.city = 'Bangalore' AND p.budget_tier = 2 AND e.salary BETWEEN 108665 AND 124662;"
1385,SELECT COUNT(*) FROM employees WHERE age BETWEEN 44 AND 49;
1386,SELECT COUNT(*) FROM employees WHERE age BETWEEN 52 AND 57;
1387,"SELECT COUNT(*)
FROM employees e
JOIN departments d ON e.dept_id = d.dept_id
WHERE d.city = 'Austin' AND e.salary BETWEEN 188570 AND 199983;"
1388,"SELECT COUNT(*)
FROM employees e
JOIN departments d ON e.dept_id = d.dept_id
JOIN projects p ON p.emp_id = e.emp_id
WHERE d.city = 'Seattle' AND p.budget_tier = 2 AND e.salary BETWEEN 112519 AND 128517;"
1389,"SELECT COUNT(*)
FROM employees e
JOIN departments d ON e.dept_id = d.dept_id
JOIN projects p ON p.emp_id = e.emp_id
WHERE d.city = 'Austin' AND p.budget_tier = 2 AND e.salary BETWEEN 58255 AND 74252;"
1390,"SELECT COUNT(*)
FROM employees e
JOIN departments d ON e.dept_id = d.dept_id
JOIN projects p ON p.emp_id = e.emp_id
WHERE d.city = 'Berlin' AND p.budget_tier = 2 AND e.salary BETWEEN 197604 AND 199983;"
1391,SELECT COUNT(*) FROM employees WHERE dept_id = 1;
1392,"SELECT COUNT(*)
FROM employees e
JOIN departments d ON e.dept_id = d.dept_id
JOIN projects p ON p.emp_id = e.emp_id
WHERE d.city = 'Berlin' AND p.budget_tier = 2 AND e.salary BETWEEN 174681 AND 190678;"
1393,SELECT COUNT(*) FROM employees WHERE dept_id = 1;
1394,SELECT COUNT(*) FROM employees WHERE age BETWEEN 45 AND 50;
1395,"SELECT COUNT(*)
FROM employees e
JOIN departments d ON e.dept_id = d.dept_id
WHERE d.city = 'Berlin' AND e.salary BETWEEN 174472 AND 190470;"
1396,SELECT COUNT(*) FROM departments WHERE city = 'Berlin';
1397,"SELECT COUNT(*)
FROM employees e
JOIN departments d ON e.dept_id = d.dept_id
JOIN projects p ON p.emp_id = e.emp_id
WHERE d.city = 'Seattle' AND p.budget_tier = 1 AND e.salary BETWEEN 93515 AND 109512;"
1398,"SELECT COUNT(*)
FROM employees e
JOIN departments d ON e.dept_id = d.dept_id
WHERE d.city = 'Austin' AND e.salary BETWEEN 90247 AND 106245;"
1399,SELECT COUNT(*) FROM departments WHERE city = 'Bangalore';
1400,SELECT COUNT(*) FROM departments WHERE city = 'Bangalore';
1401,"SELECT COUNT(*)
FROM employees e
JOIN departments d ON e.dept_id = d.dept_id
WHERE d.city = 'Austin' AND e.salary BETWEEN 76781 AND 92779;"
1402,SELECT COUNT(*) FROM projects WHERE budget_tier = 1;
1403,"SELECT COUNT(*)
FROM employees e
JOIN departments d ON e.dept_id = d.dept_id
JOIN projects p ON p.emp_id = e.emp_id
WHERE d.city = 'Austin' AND p.budget_tier = 1 AND e.salary BETWEEN 138058 AND 154055;"
1404,SELECT COUNT(*) FROM projects WHERE budget_tier = 2;
1405,"SELECT COUNT(*)
FROM employees e
JOIN departments d ON e.dept_id = d.dept_id
WHERE d.city = 'Bangalore' AND e.salary BETWEEN 101079 AND 117077;"
1406,SELECT COUNT(*) FROM departments WHERE city = 'Berlin';
1407,"SELECT COUNT(*)
FROM employees e
JOIN departments d ON e.dept_id = d.dept_id
WHERE d.city = 'Austin' AND e.salary BETWEEN 159043 AND 175041;"
1408,SELECT COUNT(*) FROM departments WHERE city = 'Seattle';
1409,"SELECT COUNT(*)
FROM employees e
JOIN departments d ON e.dept_id = d.dept_id
JOIN projects p ON p.emp_id = e.emp_id
WHERE d.city = 'Bangalore' AND p.budget_tier = 2 AND e.salary BETWEEN 73344 AND 89341;"
1410,SELECT COUNT(*) FROM projects WHERE budget_tier = 1;
1411,SELECT COUNT(*) FROM projects WHERE budget_tier = 3;
1412,"SELECT COUNT(*)
FROM employees e
JOIN departments d ON e.dept_id = d.dept_id
WHERE d.city = 'Austin' AND e.salary BETWEEN 166646 AND 182644;"
1413,"SELECT COUNT(*)
FROM employees e
JOIN departments d ON e.dept_id = d.dept_id
JOIN projects p ON p.emp_id = e.emp_id
WHERE d.city = 'Berlin' AND p.budget_tier = 1 AND e.salary BETWEEN 137452 AND 153450;"
1414,"SELECT COUNT(*)
FROM employees e
JOIN departments d ON e.dept_id = d.dept_id
WHERE d.city = 'Seattle' AND e.salary BETWEEN 58395 AND 74393;"
1415,SELECT COUNT(*) FROM projects WHERE budget_tier = 1;
1416,SELECT COUNT(*) FROM projects WHERE budget_tier = 1;
1417,SELECT COUNT(*) FROM projects WHERE budget_tier = 1;
1418,SELECT COUNT(*) FROM employees WHERE age BETWEEN 36 AND 41;
1419,"SELECT COUNT(*)
FROM employees e
JOIN departments d ON e.dept_id = d.dept_id
WHERE d.city = 'Bangalore' AND e.salary BETWEEN 178595 AND 194592;"
1420,"SELECT COUNT(*)
FROM employees e
JOIN departments d ON e.dept_id = d.dept_id
JOIN projects p ON p.emp_id = e.emp_id
WHERE d.city = 'Seattle' AND p.budget_tier = 1 AND e.salary BETWEEN 188178 AND 199983;"
1421,SELECT COUNT(*) FROM departments WHERE city = 'Berlin';
1422,SELECT COUNT(*) FROM employees WHERE age BETWEEN 28 AND 33;
1423,"SELECT COUNT(*)
FROM employees e
JOIN departments d ON e.dept_id = d.dept_id
WHERE d.city = 'Bangalore' AND e.salary BETWEEN 95547 AND 111544;"
1424,"SELECT COUNT(*)
FROM employees e
JOIN departments d ON e.dept_id = d.dept_id
WHERE d.city = 'Seattle' AND e.salary BETWEEN 158022 AND 174019;"
1425,SELECT COUNT(*) FROM projects WHERE budget_tier = 1;
1426,SELECT COUNT(*) FROM departments WHERE city = 'Bangalore';
1427,SELECT COUNT(*) FROM departments WHERE city = 'Seattle';
1428,SELECT COUNT(*) FROM departments WHERE city = 'Seattle';
1429,"SELECT COUNT(*)
FROM employees e
JOIN departments d ON e.dept_id = d.dept_id
WHERE d.city = 'Seattle' AND e.salary BETWEEN 112786 AND 128784;"
1430,"SELECT COUNT(*)
FROM employees e
JOIN departments d ON e.dept_id = d.dept_id
WHERE d.city = 'Berlin' AND e.salary BETWEEN 76354 AND 92351;"
1431,"SELECT COUNT(*)
FROM employees e
JOIN departments d ON e.dept_id = d.dept_id
JOIN projects p ON p.emp_id = e.emp_id
WHERE d.city = 'Austin' AND p.budget_tier = 3 AND e.salary BETWEEN 112824 AND 128821;"
1432,"SELECT COUNT(*)
FROM employees e
JOIN departments d ON e.dept_id = d.dept_id
JOIN projects p ON p.emp_id = e.emp_id
WHERE d.city = 'Berlin' AND p.budget_tier = 1 AND e.salary BETWEEN 62669 AND 78667;"
1433,"SELECT COUNT(*)
FROM employees e
JOIN departments d ON e.dept_id = d.dept_id
WHERE d.city = 'Bangalore' AND e.salary BETWEEN 68963 AND 84961;"
1434,SELECT COUNT(*) FROM projects WHERE budget_tier = 3;
1435,SELECT COUNT(*) FROM projects WHERE budget_tier = 1;
1436,"SELECT COUNT(*)
FROM employees e
JOIN departments d ON e.dept_id = d.dept_id
WHERE d.city = 'Seattle' AND e.salary BETWEEN 120844 AND 136842;"
1437,SELECT COUNT(*) FROM projects WHERE budget_tier = 2;
1438,SELECT COUNT(*) FROM departments WHERE city = 'Berlin';
1439,"SELECT COUNT(*)
FROM employees e
JOIN departments d ON e.dept_id = d.dept_id
WHERE d.city = 'Berlin' AND e.salary BETWEEN 107779 AND 123776;"
1440,"SELECT COUNT(*)
FROM employees e
JOIN departments d ON e.dept_id = d.dept_id
WHERE d.city = 'Seattle' AND e.salary BETWEEN 186987 AND 199983;"
1441,"SELECT COUNT(*)
FROM employees e
JOIN departments d ON e.dept_id = d.dept_id
JOIN projects p ON p.emp_id = e.emp_id
WHERE d.city = 'Bangalore' AND p.budget_tier = 3 AND e.salary BETWEEN 98225 AND 114223;"
1442,"SELECT COUNT(*)
FROM employees e
JOIN departments d ON e.dept_id = d.dept_id
WHERE d.city = 'Bangalore' AND e.salary BETWEEN 133561 AND 149559;"
1443,SELECT COUNT(*) FROM projects WHERE budget_tier = 2;
1444,SELECT COUNT(*) FROM departments WHERE city = 'Austin';
1445,SELECT COUNT(*) FROM employees WHERE age BETWEEN 30 AND 35;
1446,SELECT COUNT(*) FROM departments WHERE city = 'Seattle';
1447,"SELECT COUNT(*)
FROM employees e
JOIN departments d ON e.dept_id = d.dept_id
JOIN projects p ON p.emp_id = e.emp_id
WHERE d.city = 'Seattle' AND p.budget_tier = 2 AND e.salary BETWEEN 75659 AND 91657;"
1448,SELECT COUNT(*) FROM projects WHERE budget_tier = 2;
1449,SELECT COUNT(*) FROM departments WHERE city = 'Seattle';
1450,"SELECT COUNT(*)
FROM employees e
JOIN departments d ON e.dept_id = d.dept_id
WHERE d.city = 'Seattle' AND e.salary BETWEEN 74699 AND 90697;"
1451,"SELECT COUNT(*)
FROM employees e
JOIN departments d ON e.dept_id = d.dept_id
WHERE d.city = 'Bangalore' AND e.salary BETWEEN 123416 AND 139413;"
1452,"SELECT COUNT(*)
FROM employees e
JOIN departments d ON e.dept_id = d.dept_id
WHERE d.city = 'Bangalore' AND e.salary BETWEEN 196106 AND 199983;"
1453,"SELECT COUNT(*)
FROM employees e
JOIN departments d ON e.dept_id = d.dept_id
JOIN projects p ON p.emp_id = e.emp_id
WHERE d.city = 'Austin' AND p.budget_tier = 2 AND e.salary BETWEEN 113803 AND 129801;"
1454,SELECT COUNT(*) FROM employees WHERE dept_id = 4;
1455,"SELECT COUNT(*)
FROM employees e
JOIN departments d ON e.dept_id = d.dept_id
WHERE d.city = 'Berlin' AND e.salary BETWEEN 130069 AND 146067;"
1456,"SELECT COUNT(*)
FROM employees e
JOIN departments d ON e.dept_id = d.dept_id
WHERE d.city = 'Bangalore' AND e.salary BETWEEN 178300 AND 194298;"
1457,SELECT COUNT(*) FROM projects WHERE budget_tier = 2;
1458,SELECT COUNT(*) FROM departments WHERE city = 'Berlin';
1459,SELECT COUNT(*) FROM employees WHERE dept_id = 4;
1460,"SELECT COUNT(*)
FROM employees e
JOIN departments d ON e.dept_id = d.dept_id
WHERE d.city = 'Berlin' AND e.salary BETWEEN 126573 AND 142570;"
1461,"SELECT COUNT(*)
FROM employees e
JOIN departments d ON e.dept_id = d.dept_id
WHERE d.city = 'Berlin' AND e.salary BETWEEN 70154 AND 86151;"
1462,"SELECT COUNT(*)
FROM employees e
JOIN departments d ON e.dept_id = d.dept_id
WHERE d.city = 'Austin' AND e.salary BETWEEN 88281 AND 104279;"
1463,SELECT COUNT(*) FROM projects WHERE budget_tier = 1;
1464,"SELECT COUNT(*)
FROM employees e
JOIN departments d ON e.dept_id = d.dept_id
WHERE d.city = 'Austin' AND e.salary BETWEEN 89963 AND 105960;"
1465,"SELECT COUNT(*)
FROM employees e
JOIN departments d ON e.dept_id = d.dept_id
JOIN projects p ON p.emp_id = e.emp_id
WHERE d.city = 'Austin' AND p.budget_tier = 1 AND e.salary BETWEEN 104243 AND 120241;"
1466,"SELECT COUNT(*)
FROM employees e
JOIN departments d ON e.dept_id = d.dept_id
WHERE d.city = 'Berlin' AND e.salary BETWEEN 109058 AND 125055;"
1467,"SELECT COUNT(*)
FROM employees e
JOIN departments d ON e.dept_id = d.dept_id
WHERE d.city = 'Berlin' AND e.salary BETWEEN 168325 AND 184323;"
1468,"SELECT COUNT(*)
FROM employees e
JOIN departments d ON e.dept_id = d.dept_id
WHERE d.city = 'Bangalore' AND e.salary BETWEEN 95941 AND 111939;"
1469,"SELECT COUNT(*)
FROM employees e
JOIN departments d ON e.dept_id = d.dept_id
WHERE d.city = 'Berlin' AND e.salary BETWEEN 115854 AND 131851;"
1470,"SELECT COUNT(*)
FROM employees e
JOIN departments d ON e.dept_id = d.dept_id
JOIN projects p ON p.emp_id = e.emp_id
WHERE d.city = 'Bangalore' AND p.budget_tier = 1 AND e.salary BETWEEN 140632 AND 156629;"
1471,"SELECT COUNT(*)
FROM employees e
JOIN departments d ON e.dept_id = d.dept_id
WHERE d.city = 'Seattle' AND e.salary BETWEEN 100752 AND 116749;"
1472,SELECT COUNT(*) FROM employees WHERE age BETWEEN 32 AND 37;
1473,SELECT COUNT(*) FROM departments WHERE city = 'Austin';
1474,"SELECT COUNT(*)
FROM employees e
JOIN departments d ON e.dept_id = d.dept_id
JOIN projects p ON p.emp_id = e.emp_id
WHERE d.city = 'Berlin' AND p.budget_tier = 2 AND e.salary BETWEEN 131148 AND 147145;"
1475,"SELECT COUNT(*)
FROM employees e
JOIN departments d ON e.dept_id = d.dept_id
WHERE d.city = 'Berlin' AND e.salary BETWEEN 50808 AND 66805;"
1476,SELECT COUNT(*) FROM projects WHERE budget_tier = 2;
1477,SELECT COUNT(*) FROM departments WHERE city = 'Seattle';
1478,"SELECT COUNT(*)
FROM employees e
JOIN departments d ON e.dept_id = d.dept_id
WHERE d.city = 'Austin' AND e.salary BETWEEN 164595 AND 180592;"
1479,"SELECT COUNT(*)
FROM employees e
JOIN departments d ON e.dept_id = d.dept_id
WHERE d.city = 'Bangalore' AND e.salary BETWEEN 112950 AND 128947;"
1480,SELECT COUNT(*) FROM projects WHERE budget_tier = 3;
1481,"SELECT COUNT(*)
FROM employees e
JOIN departments d ON e.dept_id = d.dept_id
WHERE d.city = 'Seattle' AND e.salary BETWEEN 124814 AND 140812;"
1482,"SELECT COUNT(*)
FROM employees e
JOIN departments d ON e.dept_id = d.dept_id
JOIN projects p ON p.emp_id = e.emp_id
WHERE d.city = 'Bangalore' AND p.budget_tier = 3 AND e.salary BETWEEN 111062 AND 127059;"
1483,"SELECT COUNT(*)
FROM employees e
JOIN departments d ON e.dept_id = d.dept_id
JOIN projects p ON p.emp_id = e.emp_id
WHERE d.city = 'Berlin' AND p.budget_tier = 2 AND e.salary BETWEEN 104883 AND 120880;"
1484,SELECT COUNT(*) FROM projects WHERE budget_tier = 1;
1485,SELECT COUNT(*) FROM departments WHERE city = 'Austin';
1486,"SELECT COUNT(*)
FROM employees e
JOIN departments d ON e.dept_id = d.dept_id
JOIN projects p ON p.emp_id = e.emp_id
WHERE d.city = 'Berlin' AND p.budget_tier = 1 AND e.salary BETWEEN 130492 AND 146489;"
1487,"SELECT COUNT(*)
FROM employees e
JOIN departments d ON e.dept_id = d.dept_id
WHERE d.city = 'Austin' AND e.salary BETWEEN 65210 AND 81208;"
1488,"SELECT COUNT(*)
FROM employees e
JOIN departments d ON e.dept_id = d.dept_id
WHERE d.city = 'Austin' AND e.salary BETWEEN 69717 AND 85715;"
1489,SELECT COUNT(*) FROM employees WHERE age BETWEEN 58 AND 63;
1490,SELECT COUNT(*) FROM employees WHERE age BETWEEN 56 AND 61;
1491,"SELECT COUNT(*)
FROM employees e
JOIN departments d ON e.dept_id = d.dept_id
WHERE d.city = 'Bangalore' AND e.salary BETWEEN 84013 AND 100010;"
1492,SELECT COUNT(*) FROM departments WHERE city = 'Berlin';
1493,SELECT COUNT(*) FROM projects WHERE budget_tier = 2;
1494,SELECT COUNT(*) FROM departments WHERE city = 'Austin';
1495,SELECT COUNT(*) FROM departments WHERE city = 'Seattle';
1496,"SELECT COUNT(*)
FROM employees e
JOIN departments d ON e.dept_id = d.dept_id
WHERE d.city = 'Berlin' AND e.salary BETWEEN 143563 AND 159561;"
1497,SELECT COUNT(*) FROM projects WHERE budget_tier = 1;
1498,SELECT COUNT(*) FROM projects WHERE budget_tier = 2;
1499,"SELECT COUNT(*)
FROM employees e
JOIN departments d ON e.dept_id = d.dept_id
WHERE d.city = 'Austin' AND e.salary BETWEEN 106095 AND 122093;"
1500,"SELECT COUNT(*)
FROM employees e
JOIN departments d ON e.dept_id = d.dept_id
WHERE d.city = 'Austin' AND e.salary BETWEEN 44407 AND 60405;"
1501,SELECT COUNT(*) FROM projects WHERE budget_tier = 3;
1502,SELECT COUNT(*) FROM employees WHERE dept_id = 3;
1503,SELECT COUNT(*) FROM departments WHERE city = 'Austin';
1504,"SELECT COUNT(*)
FROM employees e
JOIN departments d ON e.dept_id = d.dept_id
JOIN projects p ON p.emp_id = e.emp_id
WHERE d.city = 'Bangalore' AND p.budget_tier = 1 AND e.salary BETWEEN 65348 AND 81345;"
1505,"SELECT COUNT(*)
FROM employees e
JOIN departments d ON e.dept_id = d.dept_id
WHERE d.city = 'Seattle' AND e.salary BETWEEN 154770 AND 170767;"
1506,SELECT COUNT(*) FROM departments WHERE city = 'Bangalore';
1507,SELECT COUNT(*) FROM projects WHERE budget_tier = 2;
1508,"SELECT COUNT(*)
FROM employees e
JOIN departments d ON e.dept_id = d.dept_id
JOIN projects p ON p.emp_id = e.emp_id
WHERE d.city = 'Berlin' AND p.budget_tier = 2 AND e.salary BETWEEN 145858 AND 161856;"
1509,"SELECT COUNT(*)
FROM employees e
JOIN departments d ON e.dept_id = d.dept_id
JOIN projects p ON p.emp_id = e.emp_id
WHERE d.city = 'Seattle' AND p.budget_tier = 2 AND e.salary BETWEEN 44585 AND 60583;"
1510,SELECT COUNT(*) FROM projects WHERE budget_tier = 1;
1511,SELECT COUNT(*) FROM projects WHERE budget_tier = 2;
1512,"SELECT COUNT(*)
FROM employees e
JOIN departments d ON e.dept_id = d.dept_id
WHERE d.city = 'Bangalore' AND e.salary BETWEEN 75933 AND 91931;"
1513,SELECT COUNT(*) FROM departments WHERE city = 'Austin';
1514,SELECT COUNT(*) FROM employees WHERE dept_id = 2;
1515,"SELECT COUNT(*)
FROM employees e
JOIN departments d ON e.dept_id = d.dept_id
JOIN projects p ON p.emp_id = e.emp_id
WHERE d.city = 'Seattle' AND p.budget_tier = 2 AND e.salary BETWEEN 77410 AND 93408;"
1516,SELECT COUNT(*) FROM projects WHERE budget_tier = 2;
1517,"SELECT COUNT(*)
FROM employees e
JOIN departments d ON e.dept_id = d.dept_id
JOIN projects p ON p.emp_id = e.emp_id
WHERE d.city = 'Bangalore' AND p.budget_tier = 2 AND e.salary BETWEEN 148124 AND 164121;"
1518,SELECT COUNT(*) FROM projects WHERE budget_tier = 1;
1519,"SELECT COUNT(*)
FROM employees e
JOIN departments d ON e.dept_id = d.dept_id
WHERE d.city = 'Seattle' AND e.salary BETWEEN 43349 AND 59347;"
1520,"SELECT COUNT(*)
FROM employees e
JOIN departments d ON e.dept_id = d.dept_id
WHERE d.city = 'Austin' AND e.salary BETWEEN 56841 AND 72839;"
1521,SELECT COUNT(*) FROM projects WHERE budget_tier = 1;
1522,SELECT COUNT(*) FROM employees WHERE dept_id = 2;
1523,"SELECT COUNT(*)
FROM employees e
JOIN departments d ON e.dept_id = d.dept_id
WHERE d.city = 'Seattle' AND e.salary BETWEEN 168363 AND 184360;"
1524,"SELECT COUNT(*)
FROM employees e
JOIN departments d ON e.dept_id = d.dept_id
WHERE d.city = 'Austin' AND e.salary BETWEEN 69231 AND 85229;"
1525,"SELECT COUNT(*)
FROM employees e
JOIN departments d ON e.dept_id = d.dept_id
JOIN projects p ON p.emp_id = e.emp_id
WHERE d.city = 'Bangalore' AND p.budget_tier = 2 AND e.salary BETWEEN 144851 AND 160849;"
1526,SELECT COUNT(*) FROM departments WHERE city = 'Bangalore';
1527,SELECT COUNT(*) FROM departments WHERE city = 'Seattle';
1528,"SELECT COUNT(*)
FROM employees e
JOIN departments d ON e.dept_id = d.dept_id
WHERE d.city = 'Seattle' AND e.salary BETWEEN 78530 AND 94528;"
1529,"SELECT COUNT(*)
FROM employees e
JOIN departments d ON e.dept_id = d.dept_id
WHERE d.city = 'Seattle' AND e.salary BETWEEN 56118 AND 72116;"
1530,"SELECT COUNT(*)
FROM employees e
JOIN departments d ON e.dept_id = d.dept_id
WHERE d.city = 'Seattle' AND e.salary BETWEEN 79557 AND 95554;"
1531,SELECT COUNT(*) FROM projects WHERE budget_tier = 3;
1532,SELECT COUNT(*) FROM projects WHERE budget_tier = 2;
1533,"SELECT COUNT(*)
FROM employees e
JOIN departments d ON e.dept_id = d.dept_id
WHERE d.city = 'Berlin' AND e.salary BETWEEN 155673 AND 171670;"
1534,"SELECT COUNT(*)
FROM employees e
JOIN departments d ON e.dept_id = d.dept_id
WHERE d.city = 'Bangalore' AND e.salary BETWEEN 177402 AND 193400;"
1535,SELECT COUNT(*) FROM projects WHERE budget_tier = 1;
1536,SELECT COUNT(*) FROM projects WHERE budget_tier = 2;
1537,SELECT COUNT(*) FROM departments WHERE city = 'Berlin';
1538,"SELECT COUNT(*)
FROM employees e
JOIN departments d ON e.dept_id = d.dept_id
JOIN projects p ON p.emp_id = e.emp_id
WHERE d.city = 'Austin' AND p.budget_tier = 2 AND e.salary BETWEEN 173262 AND 189259;"
1539,"SELECT COUNT(*)
FROM employees e
JOIN departments d ON e.dept_id = d.dept_id
WHERE d.city = 'Berlin' AND e.salary BETWEEN 104219 AND 120217;"
1540,"SELECT COUNT(*)
FROM employees e
JOIN departments d ON e.dept_id = d.dept_id
JOIN projects p ON p.emp_id = e.emp_id
WHERE d.city = 'Seattle' AND p.budget_tier = 1 AND e.salary BETWEEN 147525 AND 163522;"
1541,"SELECT COUNT(*)
FROM employees e
JOIN departments d ON e.dept_id = d.dept_id
JOIN projects p ON p.emp_id = e.emp_id
WHERE d.city = 'Austin' AND p.budget_tier = 2 AND e.salary BETWEEN 73206 AND 89204;"
1542,SELECT COUNT(*) FROM projects WHERE budget_tier = 2;
1543,SELECT COUNT(*) FROM projects WHERE budget_tier = 3;
1544,SELECT COUNT(*) FROM projects WHERE budget_tier = 1;
1545,SELECT COUNT(*) FROM projects WHERE budget_tier = 2;
1546,SELECT COUNT(*) FROM employees WHERE dept_id = 3;
1547,SELECT COUNT(*) FROM employees WHERE age BETWEEN 29 AND 34;
1548,"SELECT COUNT(*)
FROM employees e
JOIN departments d ON e.dept_id = d.dept_id
WHERE d.city = 'Seattle' AND e.salary BETWEEN 183944 AND 199942;"
1549,"SELECT COUNT(*)
FROM employees e
JOIN departments d ON e.dept_id = d.dept_id
JOIN projects p ON p.emp_id = e.emp_id
WHERE d.city = 'Bangalore' AND p.budget_tier = 2 AND e.salary BETWEEN 42299 AND 58296;"
1550,SELECT COUNT(*) FROM projects WHERE budget_tier = 2;
1551,SELECT COUNT(*) FROM employees WHERE age BETWEEN 42 AND 47;
1552,"SELECT COUNT(*)
FROM employees e
JOIN departments d ON e.dept_id = d.dept_id
WHERE d.city = 'Berlin' AND e.salary BETWEEN 157843 AND 173840;"
1553,SELECT COUNT(*) FROM projects WHERE budget_tier = 1;
1554,SELECT COUNT(*) FROM projects WHERE budget_tier = 1;
1555,"SELECT COUNT(*)
FROM employees e
JOIN departments d ON e.dept_id = d.dept_id
JOIN projects p ON p.emp_id = e.emp_id
WHERE d.city = 'Berlin' AND p.budget_tier = 2 AND e.salary BETWEEN 176357 AND 192355;"
1556,SELECT COUNT(*) FROM projects WHERE budget_tier = 1;
1557,"SELECT COUNT(*)
FROM employees e
JOIN departments d ON e.dept_id = d.dept_id
WHERE d.city = 'Austin' AND e.salary BETWEEN 59542 AND 75540;"
1558,"SELECT COUNT(*)
FROM employees e
JOIN departments d ON e.dept_id = d.dept_id
WHERE d.city = 'Berlin' AND e.salary BETWEEN 180823 AND 196820;"
1559,"SELECT COUNT(*)
FROM employees e
JOIN departments d ON e.dept_id = d.dept_id
WHERE d.city = 'Bangalore' AND e.salary BETWEEN 143449 AND 159447;"
1560,SELECT COUNT(*) FROM departments WHERE city = 'Austin';
1561,"SELECT COUNT(*)
FROM employees e
JOIN departments d ON e.dept_id = d.dept_id
WHERE d.city = 'Bangalore' AND e.salary BETWEEN 153029 AND 169026;"
1562,SELECT COUNT(*) FROM departments WHERE city = 'Austin';
1563,"SELECT COUNT(*)
FROM employees e
JOIN departments d ON e.dept_id = d.dept_id
WHERE d.city = 'Berlin' AND e.salary BETWEEN 186348 AND 199983;"
1564,"SELECT COUNT(*)
FROM employees e
JOIN departments d ON e.dept_id = d.dept_id
JOIN projects p ON p.emp_id = e.emp_id
WHERE d.city = 'Bangalore' AND p.budget_tier = 3 AND e.salary BETWEEN 140586 AND 156584;"
1565,SELECT COUNT(*) FROM departments WHERE city = 'Bangalore';
1566,"SELECT COUNT(*)
FROM employees e
JOIN departments d ON e.dept_id = d.dept_id
WHERE d.city = 'Austin' AND e.salary BETWEEN 93998 AND 109996;"
1567,"SELECT COUNT(*)
FROM employees e
JOIN departments d ON e.dept_id = d.dept_id
WHERE d.city = 'Seattle' AND e.salary BETWEEN 172359 AND 188357;"
1568,"SELECT COUNT(*)
FROM employees e
JOIN departments d ON e.dept_id = d.dept_id
WHERE d.city = 'Austin' AND e.salary BETWEEN 98308 AND 114306;"
1569,"SELECT COUNT(*)
FROM employees e
JOIN departments d ON e.dept_id = d.dept_id
JOIN projects p ON p.emp_id = e.emp_id
WHERE d.city = 'Austin' AND p.budget_tier = 3 AND e.salary BETWEEN 45779 AND 61777;"
1570,"SELECT COUNT(*)
FROM employees e
JOIN departments d ON e.dept_id = d.dept_id
WHERE d.city = 'Seattle' AND e.salary BETWEEN 173310 AND 189307;"
1571,"SELECT COUNT(*)
FROM employees e
JOIN departments d ON e.dept_id = d.dept_id
WHERE d.city = 'Seattle' AND e.salary BETWEEN 95306 AND 111304;"
1572,"SELECT COUNT(*)
FROM employees e
JOIN departments d ON e.dept_id = d.dept_id
WHERE d.city = 'Seattle' AND e.salary BETWEEN 164273 AND 180270;"
1573,"SELECT COUNT(*)
FROM employees e
JOIN departments d ON e.dept_id = d.dept_id
WHERE d.city = 'Bangalore' AND e.salary BETWEEN 98274 AND 114271;"
1574,"SELECT COUNT(*)
FROM employees e
JOIN departments d ON e.dept_id = d.dept_id
WHERE d.city = 'Austin' AND e.salary BETWEEN 178337 AND 194334;"
1575,"SELECT COUNT(*)
FROM employees e
JOIN departments d ON e.dept_id = d.dept_id
JOIN projects p ON p.emp_id = e.emp_id
WHERE d.city = 'Berlin' AND p.budget_tier = 1 AND e.salary BETWEEN 75572 AND 91570;"
1576,"SELECT COUNT(*)
FROM employees e
JOIN departments d ON e.dept_id = d.dept_id
JOIN projects p ON p.emp_id = e.emp_id
WHERE d.city = 'Bangalore' AND p.budget_tier = 3 AND e.salary BETWEEN 195975 AND 199983;"
1577,SELECT COUNT(*) FROM employees WHERE age BETWEEN 34 AND 39;
1578,"SELECT COUNT(*)
FROM employees e
JOIN departments d ON e.dept_id = d.dept_id
WHERE d.city = 'Berlin' AND e.salary BETWEEN 62510 AND 78508;"
1579,SELECT COUNT(*) FROM projects WHERE budget_tier = 1;
1580,SELECT COUNT(*) FROM departments WHERE city = 'Seattle';
1581,"SELECT COUNT(*)
FROM employees e
JOIN departments d ON e.dept_id = d.dept_id
WHERE d.city = 'Austin' AND e.salary BETWEEN 179403 AND 195400;"
1582,"SELECT COUNT(*)
FROM employees e
JOIN departments d ON e.dept_id = d.dept_id
WHERE d.city = 'Austin' AND e.salary BETWEEN 118942 AND 134940;"
1583,SELECT COUNT(*) FROM employees WHERE age BETWEEN 55 AND 60;
1584,"SELECT COUNT(*)
FROM employees e
JOIN departments d ON e.dept_id = d.dept_id
JOIN projects p ON p.emp_id = e.emp_id
WHERE d.city = 'Austin' AND p.budget_tier = 1 AND e.salary BETWEEN 116295 AND 132292;"
1585,"SELECT COUNT(*)
FROM employees e
JOIN departments d ON e.dept_id = d.dept_id
JOIN projects p ON p.emp_id = e.emp_id
WHERE d.city = 'Seattle' AND p.budget_tier = 2 AND e.salary BETWEEN 69753 AND 85750;"
1586,"SELECT COUNT(*)
FROM employees e
JOIN departments d ON e.dept_id = d.dept_id
WHERE d.city = 'Austin' AND e.salary BETWEEN 118596 AND 134593;"
1587,SELECT COUNT(*) FROM departments WHERE city = 'Austin';
1588,SELECT COUNT(*) FROM employees WHERE age BETWEEN 42 AND 47;
1589,"SELECT COUNT(*)
FROM employees e
JOIN departments d ON e.dept_id = d.dept_id
JOIN projects p ON p.emp_id = e.emp_id
WHERE d.city = 'Berlin' AND p.budget_tier = 2 AND e.salary BETWEEN 158766 AND 174764;"
1590,SELECT COUNT(*) FROM departments WHERE city = 'Seattle';
1591,SELECT COUNT(*) FROM projects WHERE budget_tier = 3;
1592,SELECT COUNT(*) FROM projects WHERE budget_tier = 3;
1593,"SELECT COUNT(*)
FROM employees e
JOIN departments d ON e.dept_id = d.dept_id
WHERE d.city = 'Berlin' AND e.salary BETWEEN 152252 AND 168250;"
1594,"SELECT COUNT(*)
FROM employees e
JOIN departments d ON e.dept_id = d.dept_id
WHERE d.city = 'Austin' AND e.salary BETWEEN 105138 AND 121135;"
1595,SELECT COUNT(*) FROM departments WHERE city = 'Berlin';
1596,"SELECT COUNT(*)
FROM employees e
JOIN departments d ON e.dept_id = d.dept_id
WHERE d.city = 'Seattle' AND e.salary BETWEEN 75393 AND 91390;"
1597,"SELECT COUNT(*)
FROM employees e
JOIN departments d ON e.dept_id = d.dept_id
WHERE d.city = 'Bangalore' AND e.salary BETWEEN 143688 AND 159686;"
1598,"SELECT COUNT(*)
FROM employees e
JOIN departments d ON e.dept_id = d.dept_id
JOIN projects p ON p.emp_id = e.emp_id
WHERE d.city = 'Austin' AND p.budget_tier = 2 AND e.salary BETWEEN 108201 AND 124199;"
1599,SELECT COUNT(*) FROM departments WHERE city = 'Bangalore';
1600,"SELECT COUNT(*)
FROM employees e
JOIN departments d ON e.dept_id = d.dept_id
WHERE d.city = 'Seattle' AND e.salary BETWEEN 61278 AND 77275;"
1601,"SELECT COUNT(*)
FROM employees e
JOIN departments d ON e.dept_id = d.dept_id
WHERE d.city = 'Austin' AND e.salary BETWEEN 184549 AND 199983;"
1602,SELECT COUNT(*) FROM employees WHERE dept_id = 3;
1603,SELECT COUNT(*) FROM employees WHERE dept_id = 3;
1604,"SELECT COUNT(*)
FROM employees e
JOIN departments d ON e.dept_id = d.dept_id
WHERE d.city = 'Seattle' AND e.salary BETWEEN 151114 AND 167112;"
1605,"SELECT COUNT(*)
FROM employees e
JOIN departments d ON e.dept_id = d.dept_id
WHERE d.city = 'Bangalore' AND e.salary BETWEEN 149833 AND 165830;"
1606,"SELECT COUNT(*)
FROM employees e
JOIN departments d ON e.dept_id = d.dept_id
WHERE d.city = 'Seattle' AND e.salary BETWEEN 171876 AND 187873;"
1607,SELECT COUNT(*) FROM departments WHERE city = 'Bangalore';
1608,SELECT COUNT(*) FROM employees WHERE age BETWEEN 49 AND 54;
1609,"SELECT COUNT(*)
FROM employees e
JOIN departments d ON e.dept_id = d.dept_id
WHERE d.city = 'Seattle' AND e.salary BETWEEN 120788 AND 136786;"
1610,SELECT COUNT(*) FROM employees WHERE age BETWEEN 50 AND 55;
1611,"SELECT COUNT(*)
FROM employees e
JOIN departments d ON e.dept_id = d.dept_id
WHERE d.city = 'Austin' AND e.salary BETWEEN 105511 AND 121508;"
1612,"SELECT COUNT(*)
FROM employees e
JOIN departments d ON e.dept_id = d.dept_id
WHERE d.city = 'Seattle' AND e.salary BETWEEN 120646 AND 136644;"
1613,"SELECT COUNT(*)
FROM employees e
JOIN departments d ON e.dept_id = d.dept_id
JOIN projects p ON p.emp_id = e.emp_id
WHERE d.city = 'Austin' AND p.budget_tier = 1 AND e.salary BETWEEN 155345 AND 171343;"
1614,SELECT COUNT(*) FROM employees WHERE age BETWEEN 47 AND 52;
1615,"SELECT COUNT(*)
FROM employees e
JOIN departments d ON e.dept_id = d.dept_id
JOIN projects p ON p.emp_id = e.emp_id
WHERE d.city = 'Seattle' AND p.budget_tier = 2 AND e.salary BETWEEN 62501 AND 78499;"
1616,"SELECT COUNT(*)
FROM employees e
JOIN departments d ON e.dept_id = d.dept_id
JOIN projects p ON p.emp_id = e.emp_id
WHERE d.city = 'Austin' AND p.budget_tier = 3 AND e.salary BETWEEN 82974 AND 98971;"
1617,"SELECT COUNT(*)
FROM employees e
JOIN departments d ON e.dept_id = d.dept_id
WHERE d.city = 'Bangalore' AND e.salary BETWEEN 83364 AND 99362;"
1618,"SELECT COUNT(*)
FROM employees e
JOIN departments d ON e.dept_id = d.dept_id
JOIN projects p ON p.emp_id = e.emp_id
WHERE d.city = 'Austin' AND p.budget_tier = 1 AND e.salary BETWEEN 157099 AND 173096;"
1619,"SELECT COUNT(*)
FROM employees e
JOIN departments d ON e.dept_id = d.dept_id
WHERE d.city = 'Austin' AND e.salary BETWEEN 80802 AND 96800;"
1620,"SELECT COUNT(*)
FROM employees e
JOIN departments d ON e.dept_id = d.dept_id
WHERE d.city = 'Austin' AND e.salary BETWEEN 141765 AND 157762;"
1621,"SELECT COUNT(*)
FROM employees e
JOIN departments d ON e.dept_id = d.dept_id
WHERE d.city = 'Berlin' AND e.salary BETWEEN 120220 AND 136218;"
1622,SELECT COUNT(*) FROM projects WHERE budget_tier = 3;
1623,"SELECT COUNT(*)
FROM employees e
JOIN departments d ON e.dept_id = d.dept_id
JOIN projects p ON p.emp_id = e.emp_id
WHERE d.city = 'Seattle' AND p.budget_tier = 2 AND e.salary BETWEEN 132414 AND 148411;"
1624,SELECT COUNT(*) FROM employees WHERE dept_id = 1;
1625,SELECT COUNT(*) FROM projects WHERE budget_tier = 2;
1626,"SELECT COUNT(*)
FROM employees e
JOIN departments d ON e.dept_id = d.dept_id
WHERE d.city = 'Seattle' AND e.salary BETWEEN 174541 AND 190538;"
1627,SELECT COUNT(*) FROM projects WHERE budget_tier = 2;
1628,SELECT COUNT(*) FROM projects WHERE budget_tier = 3;
1629,"SELECT COUNT(*)
FROM employees e
JOIN departments d ON e.dept_id = d.dept_id
WHERE d.city = 'Seattle' AND e.salary BETWEEN 105360 AND 121358;"
1630,SELECT COUNT(*) FROM employees WHERE age BETWEEN 60 AND 65;
1631,"SELECT COUNT(*)
FROM employees e
JOIN departments d ON e.dept_id = d.dept_id
WHERE d.city = 'Seattle' AND e.salary BETWEEN 108304 AND 124301;"
1632,"SELECT COUNT(*)
FROM employees e
JOIN departments d ON e.dept_id = d.dept_id
JOIN projects p ON p.emp_id = e.emp_id
WHERE d.city = 'Bangalore' AND p.budget_tier = 2 AND e.salary BETWEEN 96850 AND 112848;"
1633,SELECT COUNT(*) FROM employees WHERE age BETWEEN 44 AND 49;
1634,"SELECT COUNT(*)
FROM employees e
JOIN departments d ON e.dept_id = d.dept_id
WHERE d.city = 'Austin' AND e.salary BETWEEN 158177 AND 174174;"
1635,"SELECT COUNT(*)
FROM employees e
JOIN departments d ON e.dept_id = d.dept_id
JOIN projects p ON p.emp_id = e.emp_id
WHERE d.city = 'Bangalore' AND p.budget_tier = 3 AND e.salary BETWEEN 53475 AND 69473;"
1636,SELECT COUNT(*) FROM projects WHERE budget_tier = 2;
1637,SELECT COUNT(*) FROM employees WHERE salary BETWEEN 137323 AND 153320;
1638,SELECT COUNT(*) FROM employees WHERE dept_id = 3;
1639,"SELECT COUNT(*)
FROM employees e
JOIN departments d ON e.dept_id = d.dept_id
WHERE d.city = 'Bangalore' AND e.salary BETWEEN 79868 AND 95866;"
1640,SELECT COUNT(*) FROM employees WHERE age BETWEEN 31 AND 36;
1641,"SELECT COUNT(*)
FROM employees e
JOIN departments d ON e.dept_id = d.dept_id
WHERE d.city = 'Seattle' AND e.salary BETWEEN 174391 AND 190389;"
1642,"SELECT COUNT(*)
FROM employees e
JOIN departments d ON e.dept_id = d.dept_id
WHERE d.city = 'Seattle' AND e.salary BETWEEN 110674 AND 126672;"
1643,"SELECT COUNT(*)
FROM employees e
JOIN departments d ON e.dept_id = d.dept_id
WHERE d.city = 'Bangalore' AND e.salary BETWEEN 187088 AND 199983;"
1644,"SELECT COUNT(*)
FROM employees e
JOIN departments d ON e.dept_id = d.dept_id
WHERE d.city = 'Berlin' AND e.salary BETWEEN 155495 AND 171493;"
1645,SELECT COUNT(*) FROM employees WHERE dept_id = 4;
1646,"SELECT COUNT(*)
FROM employees e
JOIN departments d ON e.dept_id = d.dept_id
WHERE d.city = 'Berlin' AND e.salary BETWEEN 138478 AND 154475;"
1647,SELECT COUNT(*) FROM projects WHERE budget_tier = 2;
1648,"SELECT COUNT(*)
FROM employees e
JOIN departments d ON e.dept_id = d.dept_id
WHERE d.city = 'Berlin' AND e.salary BETWEEN 192278 AND 199983;"
1649,"SELECT COUNT(*)
FROM employees e
JOIN departments d ON e.dept_id = d.dept_id
JOIN projects p ON p.emp_id = e.emp_id
WHERE d.city = 'Bangalore' AND p.budget_tier = 2 AND e.salary BETWEEN 104179 AND 120176;"
1650,SELECT COUNT(*) FROM projects WHERE budget_tier = 2;
1651,SELECT COUNT(*) FROM projects WHERE budget_tier = 1;
1652,SELECT COUNT(*) FROM departments WHERE city = 'Berlin';
1653,"SELECT COUNT(*)
FROM employees e
JOIN departments d ON e.dept_id = d.dept_id
WHERE d.city = 'Bangalore' AND e.salary BETWEEN 193026 AND 199983;"
1654,"SELECT COUNT(*)
FROM employees e
JOIN departments d ON e.dept_id = d.dept_id
WHERE d.city = 'Seattle' AND e.salary BETWEEN 61735 AND 77732;"
1655,"SELECT COUNT(*)
FROM employees e
JOIN departments d ON e.dept_id = d.dept_id
WHERE d.city = 'Bangalore' AND e.salary BETWEEN 118353 AND 134351;"
1656,"SELECT COUNT(*)
FROM employees e
JOIN departments d ON e.dept_id = d.dept_id
WHERE d.city = 'Austin' AND e.salary BETWEEN 83936 AND 99934;"
1657,SELECT COUNT(*) FROM projects WHERE budget_tier = 3;
1658,"SELECT COUNT(*)
FROM employees e
JOIN departments d ON e.dept_id = d.dept_id
WHERE d.city = 'Seattle' AND e.salary BETWEEN 127300 AND 143298;"
1659,SELECT COUNT(*) FROM projects WHERE budget_tier = 2;
1660,"SELECT COUNT(*)
FROM employees e
JOIN departments d ON e.dept_id = d.dept_id
WHERE d.city = 'Austin' AND e.salary BETWEEN 66295 AND 82292;"
1661,SELECT COUNT(*) FROM projects WHERE budget_tier = 2;
1662,SELECT COUNT(*) FROM departments WHERE city = 'Austin';
1663,SELECT COUNT(*) FROM projects WHERE budget_tier = 1;
1664,"SELECT COUNT(*)
FROM employees e
JOIN departments d ON e.dept_id = d.dept_id
WHERE d.city = 'Bangalore' AND e.salary BETWEEN 175228 AND 191226;"
1665,"SELECT COUNT(*)
FROM employees e
JOIN departments d ON e.dept_id = d.dept_id
WHERE d.city = 'Berlin' AND e.salary BETWEEN 175988 AND 191985;"
1666,"SELECT COUNT(*)
FROM employees e
JOIN departments d ON e.dept_id = d.dept_id
WHERE d.city = 'Seattle' AND e.salary BETWEEN 193114 AND 199983;"
1667,"SELECT COUNT(*)
FROM employees e
JOIN departments d ON e.dept_id = d.dept_id
JOIN projects p ON p.emp_id = e.emp_id
WHERE d.city = 'Austin' AND p.budget_tier = 3 AND e.salary BETWEEN 65097 AND 81094;"
1668,SELECT COUNT(*) FROM employees WHERE age BETWEEN 50 AND 55;
1669,"SELECT COUNT(*)
FROM employees e
JOIN departments d ON e.dept_id = d.dept_id
JOIN projects p ON p.emp_id = e.emp_id
WHERE d.city = 'Berlin' AND p.budget_tier = 2 AND e.salary BETWEEN 116790 AND 132787;"
1670,SELECT COUNT(*) FROM projects WHERE budget_tier = 1;
1671,"SELECT COUNT(*)
FROM employees e
JOIN departments d ON e.dept_id = d.dept_id
WHERE d.city = 'Austin' AND e.salary BETWEEN 95164 AND 111162;"
1672,"SELECT COUNT(*)
FROM employees e
JOIN departments d ON e.dept_id = d.dept_id
WHERE d.city = 'Seattle' AND e.salary BETWEEN 96302 AND 112299;"
1673,SELECT COUNT(*) FROM projects WHERE budget_tier = 3;
1674,"SELECT COUNT(*)
FROM employees e
JOIN departments d ON e.dept_id = d.dept_id
JOIN projects p ON p.emp_id = e.emp_id
WHERE d.city = 'Seattle' AND p.budget_tier = 3 AND e.salary BETWEEN 106736 AND 122734;"
1675,"SELECT COUNT(*)
FROM employees e
JOIN departments d ON e.dept_id = d.dept_id
WHERE d.city = 'Berlin' AND e.salary BETWEEN 153194 AND 169191;"
1676,"SELECT COUNT(*)
FROM employees e
JOIN departments d ON e.dept_id = d.dept_id
WHERE d.city = 'Bangalore' AND e.salary BETWEEN 136532 AND 152530;"
1677,"SELECT COUNT(*)
FROM employees e
JOIN departments d ON e.dept_id = d.dept_id
WHERE d.city = 'Seattle' AND e.salary BETWEEN 113959 AND 129957;"
1678,"SELECT COUNT(*)
FROM employees e
JOIN departments d ON e.dept_id = d.dept_id
WHERE d.city = 'Seattle' AND e.salary BETWEEN 52493 AND 68490;"
1679,"SELECT COUNT(*)
FROM employees e
JOIN departments d ON e.dept_id = d.dept_id
JOIN projects p ON p.emp_id = e.emp_id
WHERE d.city = 'Berlin' AND p.budget_tier = 3 AND e.salary BETWEEN 52741 AND 68739;"
1680,"SELECT COUNT(*)
FROM employees e
JOIN departments d ON e.dept_id = d.dept_id
JOIN projects p ON p.emp_id = e.emp_id
WHERE d.city = 'Berlin' AND p.budget_tier = 2 AND e.salary BETWEEN 40431 AND 56428;"
1681,"SELECT COUNT(*)
FROM employees e
JOIN departments d ON e.dept_id = d.dept_id
JOIN projects p ON p.emp_id = e.emp_id
WHERE d.city = 'Berlin' AND p.budget_tier = 1 AND e.salary BETWEEN 194927 AND 199983;"
1682,"SELECT COUNT(*)
FROM employees e
JOIN departments d ON e.dept_id = d.dept_id
WHERE d.city = 'Austin' AND e.salary BETWEEN 41045 AND 57042;"
1683,SELECT COUNT(*) FROM departments WHERE city = 'Seattle';
1684,SELECT COUNT(*) FROM departments WHERE city = 'Seattle';
1685,"SELECT COUNT(*)
FROM employees e
JOIN departments d ON e.dept_id = d.dept_id
WHERE d.city = 'Berlin' AND e.salary BETWEEN 56647 AND 72645;"
1686,SELECT COUNT(*) FROM employees WHERE age BETWEEN 56 AND 61;
1687,"SELECT COUNT(*)
FROM employees e
JOIN departments d ON e.dept_id = d.dept_id
JOIN projects p ON p.emp_id = e.emp_id
WHERE d.city = 'Berlin' AND p.budget_tier = 2 AND e.salary BETWEEN 55097 AND 71095;"
1688,"SELECT COUNT(*)
FROM employees e
JOIN departments d ON e.dept_id = d.dept_id
JOIN projects p ON p.emp_id = e.emp_id
WHERE d.city = 'Bangalore' AND p.budget_tier = 1 AND e.salary BETWEEN 187335 AND 199983;"
1689,"SELECT COUNT(*)
FROM employees e
JOIN departments d ON e.dept_id = d.dept_id
WHERE d.city = 'Bangalore' AND e.salary BETWEEN 61958 AND 77955;"
1690,"SELECT COUNT(*)
FROM employees e
JOIN departments d ON e.dept_id = d.dept_id
WHERE d.city = 'Seattle' AND e.salary BETWEEN 192445 AND 199983;"
1691,SELECT COUNT(*) FROM departments WHERE city = 'Seattle';
1692,SELECT COUNT(*) FROM employees WHERE age BETWEEN 34 AND 39;
1693,"SELECT COUNT(*)
FROM employees e
JOIN departments d ON e.dept_id = d.dept_id
WHERE d.city = 'Berlin' AND e.salary BETWEEN 54063 AND 70061;"
1694,SELECT COUNT(*) FROM departments WHERE city = 'Seattle';
1695,"SELECT COUNT(*)
FROM employees e
JOIN departments d ON e.dept_id = d.dept_id
WHERE d.city = 'Berlin' AND e.salary BETWEEN 193474 AND 199983;"
1696,SELECT COUNT(*) FROM employees WHERE salary BETWEEN 161441 AND 177439;
1697,"SELECT COUNT(*)
FROM employees e
JOIN departments d ON e.dept_id = d.dept_id
WHERE d.city = 'Berlin' AND e.salary BETWEEN 142653 AND 158651;"
1698,SELECT COUNT(*) FROM employees WHERE salary BETWEEN 161501 AND 177499;
1699,SELECT COUNT(*) FROM employees WHERE age BETWEEN 52 AND 57;
1700,SELECT COUNT(*) FROM projects WHERE budget_tier = 2;
1701,SELECT COUNT(*) FROM employees WHERE dept_id = 2;
1702,"SELECT COUNT(*)
FROM employees e
JOIN departments d ON e.dept_id = d.dept_id
JOIN projects p ON p.emp_id = e.emp_id
WHERE d.city = 'Austin' AND p.budget_tier = 2 AND e.salary BETWEEN 151247 AND 167244;"
1703,SELECT COUNT(*) FROM employees WHERE age BETWEEN 27 AND 32;
1704,SELECT COUNT(*) FROM employees WHERE dept_id = 1;
1705,"SELECT COUNT(*)
FROM employees e
JOIN departments d ON e.dept_id = d.dept_id
WHERE d.city = 'Bangalore' AND e.salary BETWEEN 196883 AND 199983;"
1706,"SELECT COUNT(*)
FROM employees e
JOIN departments d ON e.dept_id = d.dept_id
WHERE d.city = 'Seattle' AND e.salary BETWEEN 185053 AND 199983;"
1707,"SELECT COUNT(*)
FROM employees e
JOIN departments d ON e.dept_id = d.dept_id
WHERE d.city = 'Berlin' AND e.salary BETWEEN 143909 AND 159906;"
1708,"SELECT COUNT(*)
FROM employees e
JOIN departments d ON e.dept_id = d.dept_id
WHERE d.city = 'Bangalore' AND e.salary BETWEEN 151372 AND 167369;"
1709,"SELECT COUNT(*)
FROM employees e
JOIN departments d ON e.dept_id = d.dept_id
JOIN projects p ON p.emp_id = e.emp_id
WHERE d.city = 'Berlin' AND p.budget_tier = 1 AND e.salary BETWEEN 48584 AND 64581;"
1710,SELECT COUNT(*) FROM projects WHERE budget_tier = 2;
1711,SELECT COUNT(*) FROM projects WHERE budget_tier = 2;
1712,SELECT COUNT(*) FROM departments WHERE city = 'Bangalore';
1713,"SELECT COUNT(*)
FROM employees e
JOIN departments d ON e.dept_id = d.dept_id
JOIN projects p ON p.emp_id = e.emp_id
WHERE d.city = 'Seattle' AND p.budget_tier = 2 AND e.salary BETWEEN 147799 AND 163797;"
1714,SELECT COUNT(*) FROM projects WHERE budget_tier = 2;
1715,SELECT COUNT(*) FROM employees WHERE age BETWEEN 56 AND 61;
1716,"SELECT COUNT(*)
FROM employees e
JOIN departments d ON e.dept_id = d.dept_id
WHERE d.city = 'Berlin' AND e.salary BETWEEN 134790 AND 150788;"
1717,"SELECT COUNT(*)
FROM employees e
JOIN departments d ON e.dept_id = d.dept_id
WHERE d.city = 'Seattle' AND e.salary BETWEEN 199868 AND 199983;"
1718,"SELECT COUNT(*)
FROM employees e
JOIN departments d ON e.dept_id = d.dept_id
WHERE d.city = 'Bangalore' AND e.salary BETWEEN 129872 AND 145870;"
1719,"SELECT COUNT(*)
FROM employees e
JOIN departments d ON e.dept_id = d.dept_id
WHERE d.city = 'Berlin' AND e.salary BETWEEN 116619 AND 132617;"
1720,SELECT COUNT(*) FROM departments WHERE city = 'Austin';
1721,"SELECT COUNT(*)
FROM employees e
JOIN departments d ON e.dept_id = d.dept_id
WHERE d.city = 'Austin' AND e.salary BETWEEN 90472 AND 106470;"
1722,SELECT COUNT(*) FROM projects WHERE budget_tier = 1;
1723,SELECT COUNT(*) FROM departments WHERE city = 'Bangalore';
1724,SELECT COUNT(*) FROM projects WHERE budget_tier = 2;
1725,SELECT COUNT(*) FROM departments WHERE city = 'Berlin';
1726,SELECT COUNT(*) FROM projects WHERE budget_tier = 1;
1727,"SELECT COUNT(*)
FROM employees e
JOIN departments d ON e.dept_id = d.dept_id
JOIN projects p ON p.emp_id = e.emp_id
WHERE d.city = 'Austin' AND p.budget_tier = 1 AND e.salary BETWEEN 59225 AND 75222;"
1728,"SELECT COUNT(*)
FROM employees e
JOIN departments d ON e.dept_id = d.dept_id
WHERE d.city = 'Austin' AND e.salary BETWEEN 156934 AND 172932;"
1729,"SELECT COUNT(*)
FROM employees e
JOIN departments d ON e.dept_id = d.dept_id
WHERE d.city = 'Bangalore' AND e.salary BETWEEN 71418 AND 87415;"
1730,SELECT COUNT(*) FROM projects WHERE budget_tier = 1;
1731,SELECT COUNT(*) FROM employees WHERE dept_id = 4;
1732,SELECT COUNT(*) FROM projects WHERE budget_tier = 1;
1733,"SELECT COUNT(*)
FROM employees e
JOIN departments d ON e.dept_id = d.dept_id
WHERE d.city = 'Berlin' AND e.salary BETWEEN 58508 AND 74506;"
1734,"SELECT COUNT(*)
FROM employees e
JOIN departments d ON e.dept_id = d.dept_id
WHERE d.city = 'Berlin' AND e.salary BETWEEN 108209 AND 124206;"
1735,SELECT COUNT(*) FROM projects WHERE budget_tier = 1;
1736,SELECT COUNT(*) FROM projects WHERE budget_tier = 1;
1737,SELECT COUNT(*) FROM departments WHERE city = 'Bangalore';
1738,"SELECT COUNT(*)
FROM employees e
JOIN departments d ON e.dept_id = d.dept_id
WHERE d.city = 'Seattle' AND e.salary BETWEEN 167746 AND 183744;"
1739,SELECT COUNT(*) FROM departments WHERE city = 'Berlin';
1740,SELECT COUNT(*) FROM projects WHERE budget_tier = 3;
1741,"SELECT COUNT(*)
FROM employees e
JOIN departments d ON e.dept_id = d.dept_id
JOIN projects p ON p.emp_id = e.emp_id
WHERE d.city = 'Berlin' AND p.budget_tier = 2 AND e.salary BETWEEN 159300 AND 175298;"
1742,SELECT COUNT(*) FROM employees WHERE salary BETWEEN 49140 AND 65138;
1743,"SELECT COUNT(*)
FROM employees e
JOIN departments d ON e.dept_id = d.dept_id
JOIN projects p ON p.emp_id = e.emp_id
WHERE d.city = 'Austin' AND p.budget_tier = 2 AND e.salary BETWEEN 113174 AND 129172;"
1744,"SELECT COUNT(*)
FROM employees e
JOIN departments d ON e.dept_id = d.dept_id
WHERE d.city = 'Austin' AND e.salary BETWEEN 124496 AND 140493;"
1745,"SELECT COUNT(*)
FROM employees e
JOIN departments d ON e.dept_id = d.dept_id
JOIN projects p ON p.emp_id = e.emp_id
WHERE d.city = 'Berlin' AND p.budget_tier = 3 AND e.salary BETWEEN 143628 AND 159626;"
1746,SELECT COUNT(*) FROM projects WHERE budget_tier = 3;
1747,"SELECT COUNT(*)
FROM employees e
JOIN departments d ON e.dept_id = d.dept_id
WHERE d.city = 'Bangalore' AND e.salary BETWEEN 144438 AND 160435;"
1748,"SELECT COUNT(*)
FROM employees e
JOIN departments d ON e.dept_id = d.dept_id
JOIN projects p ON p.emp_id = e.emp_id
WHERE d.city = 'Bangalore' AND p.budget_tier = 2 AND e.salary BETWEEN 98638 AND 114636;"
1749,SELECT COUNT(*) FROM employees WHERE dept_id = 3;
1750,SELECT COUNT(*) FROM projects WHERE budget_tier = 2;
1751,SELECT COUNT(*) FROM employees WHERE dept_id = 2;
1752,SELECT COUNT(*) FROM departments WHERE city = 'Berlin';
1753,"SELECT COUNT(*)
FROM employees e
JOIN departments d ON e.dept_id = d.dept_id
WHERE d.city = 'Berlin' AND e.salary BETWEEN 130616 AND 146613;"
1754,"SELECT COUNT(*)
FROM employees e
JOIN departments d ON e.dept_id = d.dept_id
WHERE d.city = 'Bangalore' AND e.salary BETWEEN 118004 AND 134001;"
1755,SELECT COUNT(*) FROM departments WHERE city = 'Berlin';
1756,"SELECT COUNT(*)
FROM employees e
JOIN departments d ON e.dept_id = d.dept_id
WHERE d.city = 'Bangalore' AND e.salary BETWEEN 182149 AND 198146;"
1757,SELECT COUNT(*) FROM employees WHERE dept_id = 2;
1758,"SELECT COUNT(*)
FROM employees e
JOIN departments d ON e.dept_id = d.dept_id
WHERE d.city = 'Berlin' AND e.salary BETWEEN 125827 AND 141824;"
1759,"SELECT COUNT(*)
FROM employees e
JOIN departments d ON e.dept_id = d.dept_id
JOIN projects p ON p.emp_id = e.emp_id
WHERE d.city = 'Seattle' AND p.budget_tier = 3 AND e.salary BETWEEN 111098 AND 127096;"
1760,SELECT COUNT(*) FROM employees WHERE dept_id = 1;
1761,"SELECT COUNT(*)
FROM employees e
JOIN departments d ON e.dept_id = d.dept_id
JOIN projects p ON p.emp_id = e.emp_id
WHERE d.city = 'Bangalore' AND p.budget_tier = 2 AND e.salary BETWEEN 105362 AND 121360;"
1762,SELECT COUNT(*) FROM departments WHERE city = 'Seattle';
1763,SELECT COUNT(*) FROM projects WHERE budget_tier = 2;
1764,SELECT COUNT(*) FROM departments WHERE city = 'Berlin';
1765,SELECT COUNT(*) FROM projects WHERE budget_tier = 2;
1766,SELECT COUNT(*) FROM employees WHERE dept_id = 2;
1767,SELECT COUNT(*) FROM projects WHERE budget_tier = 3;
1768,"SELECT COUNT(*)
FROM employees e
JOIN departments d ON e.dept_id = d.dept_id
JOIN projects p ON p.emp_id = e.emp_id
WHERE d.city = 'Berlin' AND p.budget_tier = 1 AND e.salary BETWEEN 132248 AND 148246;"
1769,SELECT COUNT(*) FROM projects WHERE budget_tier = 2;
1770,"SELECT COUNT(*)
FROM employees e
JOIN departments d ON e.dept_id = d.dept_id
WHERE d.city = 'Austin' AND e.salary BETWEEN 168982 AND 184980;"
1771,"SELECT COUNT(*)
FROM employees e
JOIN departments d ON e.dept_id = d.dept_id
JOIN projects p ON p.emp_id = e.emp_id
WHERE d.city = 'Austin' AND p.budget_tier = 2 AND e.salary BETWEEN 127074 AND 143071;"
1772,"SELECT COUNT(*)
FROM employees e
JOIN departments d ON e.dept_id = d.dept_id
WHERE d.city = 'Bangalore' AND e.salary BETWEEN 146440 AND 162437;"
1773,"SELECT COUNT(*)
FROM employees e
JOIN departments d ON e.dept_id = d.dept_id
WHERE d.city = 'Berlin' AND e.salary BETWEEN 158142 AND 174140;"
1774,"SELECT COUNT(*)
FROM employees e
JOIN departments d ON e.dept_id = d.dept_id
JOIN projects p ON p.emp_id = e.emp_id
WHERE d.city = 'Bangalore' AND p.budget_tier = 1 AND e.salary BETWEEN 124174 AND 140172;"
1775,SELECT COUNT(*) FROM employees WHERE salary BETWEEN 109059 AND 125057;
1776,SELECT COUNT(*) FROM departments WHERE city = 'Berlin';
1777,SELECT COUNT(*) FROM employees WHERE dept_id = 2;
1778,SELECT COUNT(*) FROM departments WHERE city = 'Seattle';
1779,"SELECT COUNT(*)
FROM employees e
JOIN departments d ON e.dept_id = d.dept_id
WHERE d.city = 'Bangalore' AND e.salary BETWEEN 180833 AND 196830;"
1780,"SELECT COUNT(*)
FROM employees e
JOIN departments d ON e.dept_id = d.dept_id
JOIN projects p ON p.emp_id = e.emp_id
WHERE d.city = 'Bangalore' AND p.budget_tier = 3 AND e.salary BETWEEN 107533 AND 123531;"
1781,SELECT COUNT(*) FROM departments WHERE city = 'Berlin';
1782,"SELECT COUNT(*)
FROM employees e
JOIN departments d ON e.dept_id = d.dept_id
WHERE d.city = 'Seattle' AND e.salary BETWEEN 114646 AND 130644;"
1783,"SELECT COUNT(*)
FROM employees e
JOIN departments d ON e.dept_id = d.dept_id
WHERE d.city = 'Austin' AND e.salary BETWEEN 198475 AND 199983;"
1784,SELECT COUNT(*) FROM projects WHERE budget_tier = 2;
1785,SELECT COUNT(*) FROM employees WHERE age BETWEEN 27 AND 32;
1786,"SELECT COUNT(*)
FROM employees e
JOIN departments d ON e.dept_id = d.dept_id
WHERE d.city = 'Bangalore' AND e.salary BETWEEN 180660 AND 196658;"
1787,"SELECT COUNT(*)
FROM employees e
JOIN departments d ON e.dept_id = d.dept_id
WHERE d.city = 'Austin' AND e.salary BETWEEN 125622 AND 141620;"
1788,SELECT COUNT(*) FROM departments WHERE city = 'Austin';
1789,"SELECT COUNT(*)
FROM employees e
JOIN departments d ON e.dept_id = d.dept_id
WHERE d.city = 'Berlin' AND e.salary BETWEEN 190517 AND 199983;"
1790,SELECT COUNT(*) FROM projects WHERE budget_tier = 2;
1791,"SELECT COUNT(*)
FROM employees e
JOIN departments d ON e.dept_id = d.dept_id
WHERE d.city = 'Bangalore' AND e.salary BETWEEN 168203 AND 184201;"
1792,SELECT COUNT(*) FROM employees WHERE dept_id = 2;
1793,SELECT COUNT(*) FROM projects WHERE budget_tier = 1;
1794,"SELECT COUNT(*)
FROM employees e
JOIN departments d ON e.dept_id = d.dept_id
WHERE d.city = 'Berlin' AND e.salary BETWEEN 199632 AND 199983;"
1795,"SELECT COUNT(*)
FROM employees e
JOIN departments d ON e.dept_id = d.dept_id
WHERE d.city = 'Bangalore' AND e.salary BETWEEN 96116 AND 112114;"
1796,SELECT COUNT(*) FROM employees WHERE dept_id = 1;
1797,"SELECT COUNT(*)
FROM employees e
JOIN departments d ON e.dept_id = d.dept_id
JOIN projects p ON p.emp_id = e.emp_id
WHERE d.city = 'Seattle' AND p.budget_tier = 1 AND e.salary BETWEEN 163055 AND 179053;"
1798,"SELECT COUNT(*)
FROM employees e
JOIN departments d ON e.dept_id = d.dept_id
JOIN projects p ON p.emp_id = e.emp_id
WHERE d.city = 'Berlin' AND p.budget_tier = 2 AND e.salary BETWEEN 105028 AND 121026;"
1799,SELECT COUNT(*) FROM departments WHERE city = 'Seattle';
1800,SELECT COUNT(*) FROM employees WHERE dept_id = 4;
1801,SELECT COUNT(*) FROM departments WHERE city = 'Berlin';
1802,"SELECT COUNT(*)
FROM employees e
JOIN departments d ON e.dept_id = d.dept_id
WHERE d.city = 'Bangalore' AND e.salary BETWEEN 117768 AND 133766;"
1803,"SELECT COUNT(*)
FROM employees e
JOIN departments d ON e.dept_id = d.dept_id
JOIN projects p ON p.emp_id = e.emp_id
WHERE d.city = 'Bangalore' AND p.budget_tier = 3 AND e.salary BETWEEN 140970 AND 156967;"
1804,SELECT COUNT(*) FROM employees WHERE dept_id = 3;
1805,"SELECT COUNT(*)
FROM employees e
JOIN departments d ON e.dept_id = d.dept_id
WHERE d.city = 'Seattle' AND e.salary BETWEEN 180500 AND 196497;"
1806,"SELECT COUNT(*)
FROM employees e
JOIN departments d ON e.dept_id = d.dept_id
WHERE d.city = 'Austin' AND e.salary BETWEEN 197458 AND 199983;"
1807,SELECT COUNT(*) FROM departments WHERE city = 'Bangalore';
1808,"SELECT COUNT(*)
FROM employees e
JOIN departments d ON e.dept_id = d.dept_id
WHERE d.city = 'Seattle' AND e.salary BETWEEN 163206 AND 179204;"
1809,"SELECT COUNT(*)
FROM employees e
JOIN departments d ON e.dept_id = d.dept_id
JOIN projects p ON p.emp_id = e.emp_id
WHERE d.city = 'Austin' AND p.budget_tier = 3 AND e.salary BETWEEN 107599 AND 123597;"
1810,"SELECT COUNT(*)
FROM employees e
JOIN departments d ON e.dept_id = d.dept_id
WHERE d.city = 'Bangalore' AND e.salary BETWEEN 108171 AND 124169;"
1811,SELECT COUNT(*) FROM employees WHERE dept_id = 4;
1812,"SELECT COUNT(*)
FROM employees e
JOIN departments d ON e.dept_id = d.dept_id
WHERE d.city = 'Seattle' AND e.salary BETWEEN 158045 AND 174043;"
1813,"SELECT COUNT(*)
FROM employees e
JOIN departments d ON e.dept_id = d.dept_id
WHERE d.city = 'Austin' AND e.salary BETWEEN 78622 AND 94620;"
1814,SELECT COUNT(*) FROM projects WHERE budget_tier = 1;
1815,"SELECT COUNT(*)
FROM employees e
JOIN departments d ON e.dept_id = d.dept_id
JOIN projects p ON p.emp_id = e.emp_id
WHERE d.city = 'Austin' AND p.budget_tier = 3 AND e.salary BETWEEN 57859 AND 73856;"
1816,"SELECT COUNT(*)
FROM employees e
JOIN departments d ON e.dept_id = d.dept_id
WHERE d.city = 'Seattle' AND e.salary BETWEEN 96970 AND 112968;"
1817,SELECT COUNT(*) FROM projects WHERE budget_tier = 1;
1818,SELECT COUNT(*) FROM employees WHERE age BETWEEN 42 AND 47;
1819,SELECT COUNT(*) FROM employees WHERE dept_id = 4;
1820,SELECT COUNT(*) FROM employees WHERE salary BETWEEN 87916 AND 103913;
1821,"SELECT COUNT(*)
FROM employees e
JOIN departments d ON e.dept_id = d.dept_id
WHERE d.city = 'Bangalore' AND e.salary BETWEEN 77802 AND 93800;"
1822,"SELECT COUNT(*)
FROM employees e
JOIN departments d ON e.dept_id = d.dept_id
WHERE d.city = 'Seattle' AND e.salary BETWEEN 47279 AND 63277;"
1823,"SELECT COUNT(*)
FROM employees e
JOIN departments d ON e.dept_id = d.dept_id
JOIN projects p ON p.emp_id = e.emp_id
WHERE d.city = 'Bangalore' AND p.budget_tier = 2 AND e.salary BETWEEN 43025 AND 59023;"
1824,SELECT COUNT(*) FROM employees WHERE dept_id = 2;
1825,SELECT COUNT(*) FROM projects WHERE budget_tier = 1;
1826,"SELECT COUNT(*)
FROM employees e
JOIN departments d ON e.dept_id = d.dept_id
JOIN projects p ON p.emp_id = e.emp_id
WHERE d.city = 'Seattle' AND p.budget_tier = 2 AND e.salary BETWEEN 197981 AND 199983;"
1827,SELECT COUNT(*) FROM employees WHERE age BETWEEN 44 AND 49;
1828,"SELECT COUNT(*)
FROM employees e
JOIN departments d ON e.dept_id = d.dept_id
WHERE d.city = 'Seattle' AND e.salary BETWEEN 57703 AND 73701;"
1829,SELECT COUNT(*) FROM employees WHERE salary BETWEEN 103343 AND 119340;
1830,"SELECT COUNT(*)
FROM employees e
JOIN departments d ON e.dept_id = d.dept_id
JOIN projects p ON p.emp_id = e.emp_id
WHERE d.city = 'Berlin' AND p.budget_tier = 3 AND e.salary BETWEEN 59755 AND 75753;"
1831,"SELECT COUNT(*)
FROM employees e
JOIN departments d ON e.dept_id = d.dept_id
WHERE d.city = 'Seattle' AND e.salary BETWEEN 193294 AND 199983;"
1832,"SELECT COUNT(*)
FROM employees e
JOIN departments d ON e.dept_id = d.dept_id
WHERE d.city = 'Berlin' AND e.salary BETWEEN 168115 AND 184112;"
1833,"SELECT COUNT(*)
FROM employees e
JOIN departments d ON e.dept_id = d.dept_id
WHERE d.city = 'Berlin' AND e.salary BETWEEN 82118 AND 98116;"
1834,"SELECT COUNT(*)
FROM employees e
JOIN departments d ON e.dept_id = d.dept_id
JOIN projects p ON p.emp_id = e.emp_id
WHERE d.city = 'Bangalore' AND p.budget_tier = 3 AND e.salary BETWEEN 134875 AND 150873;"
1835,"SELECT COUNT(*)
FROM employees e
JOIN departments d ON e.dept_id = d.dept_id
WHERE d.city = 'Bangalore' AND e.salary BETWEEN 197190 AND 199983;"
1836,SELECT COUNT(*) FROM employees WHERE age BETWEEN 58 AND 63;
1837,SELECT COUNT(*) FROM projects WHERE budget_tier = 2;
1838,SELECT COUNT(*) FROM projects WHERE budget_tier = 3;
1839,SELECT COUNT(*) FROM projects WHERE budget_tier = 1;
1840,SELECT COUNT(*) FROM departments WHERE city = 'Berlin';
1841,SELECT COUNT(*) FROM projects WHERE budget_tier = 2;
1842,SELECT COUNT(*) FROM employees WHERE dept_id = 3;
1843,"SELECT COUNT(*)
FROM employees e
JOIN departments d ON e.dept_id = d.dept_id
WHERE d.city = 'Austin' AND e.salary BETWEEN 191448 AND 199983;"
1844,SELECT COUNT(*) FROM employees WHERE age BETWEEN 22 AND 27;
1845,"SELECT COUNT(*)
FROM employees e
JOIN departments d ON e.dept_id = d.dept_id
JOIN projects p ON p.emp_id = e.emp_id
WHERE d.city = 'Bangalore' AND p.budget_tier = 3 AND e.salary BETWEEN 185116 AND 199983;"
1846,"SELECT COUNT(*)
FROM employees e
JOIN departments d ON e.dept_id = d.dept_id
WHERE d.city = 'Bangalore' AND e.salary BETWEEN 198297 AND 199983;"
1847,"SELECT COUNT(*)
FROM employees e
JOIN departments d ON e.dept_id = d.dept_id
WHERE d.city = 'Austin' AND e.salary BETWEEN 158950 AND 174948;"
1848,"SELECT COUNT(*)
FROM employees e
JOIN departments d ON e.dept_id = d.dept_id
WHERE d.city = 'Berlin' AND e.salary BETWEEN 50672 AND 66669;"
1849,SELECT COUNT(*) FROM departments WHERE city = 'Seattle';
1850,SELECT COUNT(*) FROM projects WHERE budget_tier = 2;
1851,SELECT COUNT(*) FROM employees WHERE dept_id = 1;
1852,SELECT COUNT(*) FROM departments WHERE city = 'Austin';
1853,SELECT COUNT(*) FROM projects WHERE budget_tier = 2;
1854,"SELECT COUNT(*)
FROM employees e
JOIN departments d ON e.dept_id = d.dept_id
WHERE d.city = 'Berlin' AND e.salary BETWEEN 105002 AND 121000;"
1855,SELECT COUNT(*) FROM employees WHERE age BETWEEN 41 AND 46;
1856,"SELECT COUNT(*)
FROM employees e
JOIN departments d ON e.dept_id = d.dept_id
WHERE d.city = 'Seattle' AND e.salary BETWEEN 138051 AND 154049;"
1857,"SELECT COUNT(*)
FROM employees e
JOIN departments d ON e.dept_id = d.dept_id
JOIN projects p ON p.emp_id = e.emp_id
WHERE d.city = 'Austin' AND p.budget_tier = 2 AND e.salary BETWEEN 123107 AND 139104;"
1858,"SELECT COUNT(*)
FROM employees e
JOIN departments d ON e.dept_id = d.dept_id
JOIN projects p ON p.emp_id = e.emp_id
WHERE d.city = 'Seattle' AND p.budget_tier = 1 AND e.salary BETWEEN 77329 AND 93326;"
1859,"SELECT COUNT(*)
FROM employees e
JOIN departments d ON e.dept_id = d.dept_id
WHERE d.city = 'Seattle' AND e.salary BETWEEN 68972 AND 84970;"
1860,SELECT COUNT(*) FROM projects WHERE budget_tier = 1;
1861,"SELECT COUNT(*)
FROM employees e
JOIN departments d ON e.dept_id = d.dept_id
WHERE d.city = 'Seattle' AND e.salary BETWEEN 75726 AND 91724;"
1862,"SELECT COUNT(*)
FROM employees e
JOIN departments d ON e.dept_id = d.dept_id
WHERE d.city = 'Berlin' AND e.salary BETWEEN 70523 AND 86520;"
1863,"SELECT COUNT(*)
FROM employees e
JOIN departments d ON e.dept_id = d.dept_id
WHERE d.city = 'Seattle' AND e.salary BETWEEN 165327 AND 181324;"
1864,"SELECT COUNT(*)
FROM employees e
JOIN departments d ON e.dept_id = d.dept_id
WHERE d.city = 'Seattle' AND e.salary BETWEEN 96011 AND 112009;"
1865,"SELECT COUNT(*)
FROM employees e
JOIN departments d ON e.dept_id = d.dept_id
JOIN projects p ON p.emp_id = e.emp_id
WHERE d.city = 'Seattle' AND p.budget_tier = 1 AND e.salary BETWEEN 49509 AND 65507;"
1866,"SELECT COUNT(*)
FROM employees e
JOIN departments d ON e.dept_id = d.dept_id
WHERE d.city = 'Bangalore' AND e.salary BETWEEN 195183 AND 199983;"
1867,SELECT COUNT(*) FROM projects WHERE budget_tier = 2;
1868,"SELECT COUNT(*)
FROM employees e
JOIN departments d ON e.dept_id = d.dept_id
WHERE d.city = 'Austin' AND e.salary BETWEEN 182031 AND 198029;"
1869,"SELECT COUNT(*)
FROM employees e
JOIN departments d ON e.dept_id = d.dept_id
WHERE d.city = 'Bangalore' AND e.salary BETWEEN 188815 AND 199983;"
1870,"SELECT COUNT(*)
FROM employees e
JOIN departments d ON e.dept_id = d.dept_id
WHERE d.city = 'Berlin' AND e.salary BETWEEN 199204 AND 199983;"
1871,"SELECT COUNT(*)
FROM employees e
JOIN departments d ON e.dept_id = d.dept_id
WHERE d.city = 'Bangalore' AND e.salary BETWEEN 68457 AND 84454;"
1872,"SELECT COUNT(*)
FROM employees e
JOIN departments d ON e.dept_id = d.dept_id
JOIN projects p ON p.emp_id = e.emp_id
WHERE d.city = 'Austin' AND p.budget_tier = 3 AND e.salary BETWEEN 104153 AND 120150;"
1873,"SELECT COUNT(*)
FROM employees e
JOIN departments d ON e.dept_id = d.dept_id
WHERE d.city = 'Berlin' AND e.salary BETWEEN 161432 AND 177430;"
1874,"SELECT COUNT(*)
FROM employees e
JOIN departments d ON e.dept_id = d.dept_id
WHERE d.city = 'Bangalore' AND e.salary BETWEEN 151877 AND 167875;"
1875,"SELECT COUNT(*)
FROM employees e
JOIN departments d ON e.dept_id = d.dept_id
JOIN projects p ON p.emp_id = e.emp_id
WHERE d.city = 'Berlin' AND p.budget_tier = 1 AND e.salary BETWEEN 64972 AND 80969;"
1876,"SELECT COUNT(*)
FROM employees e
JOIN departments d ON e.dept_id = d.dept_id
JOIN projects p ON p.emp_id = e.emp_id
WHERE d.city = 'Berlin' AND p.budget_tier = 1 AND e.salary BETWEEN 170760 AND 186757;"
1877,SELECT COUNT(*) FROM projects WHERE budget_tier = 1;
1878,"SELECT COUNT(*)
FROM employees e
JOIN departments d ON e.dept_id = d.dept_id
WHERE d.city = 'Berlin' AND e.salary BETWEEN 76327 AND 92325;"
1879,"SELECT COUNT(*)
FROM employees e
JOIN departments d ON e.dept_id = d.dept_id
WHERE d.city = 'Austin' AND e.salary BETWEEN 76262 AND 92259;"
1880,SELECT COUNT(*) FROM projects WHERE budget_tier = 2;
1881,SELECT COUNT(*) FROM departments WHERE city = 'Bangalore';
1882,"SELECT COUNT(*)
FROM employees e
JOIN departments d ON e.dept_id = d.dept_id
JOIN projects p ON p.emp_id = e.emp_id
WHERE d.city = 'Seattle' AND p.budget_tier = 2 AND e.salary BETWEEN 126849 AND 142847;"
1883,"SELECT COUNT(*)
FROM employees e
JOIN departments d ON e.dept_id = d.dept_id
JOIN projects p ON p.emp_id = e.emp_id
WHERE d.city = 'Seattle' AND p.budget_tier = 2 AND e.salary BETWEEN 135577 AND 151575;"
1884,SELECT COUNT(*) FROM departments WHERE city = 'Seattle';
1885,SELECT COUNT(*) FROM employees WHERE dept_id = 3;
1886,SELECT COUNT(*) FROM projects WHERE budget_tier = 1;
1887,"SELECT COUNT(*)
FROM employees e
JOIN departments d ON e.dept_id = d.dept_id
JOIN projects p ON p.emp_id = e.emp_id
WHERE d.city = 'Austin' AND p.budget_tier = 2 AND e.salary BETWEEN 133447 AND 149445;"
1888,SELECT COUNT(*) FROM departments WHERE city = 'Austin';
1889,SELECT COUNT(*) FROM departments WHERE city = 'Austin';
1890,SELECT COUNT(*) FROM departments WHERE city = 'Seattle';
1891,"SELECT COUNT(*)
FROM employees e
JOIN departments d ON e.dept_id = d.dept_id
WHERE d.city = 'Austin' AND e.salary BETWEEN 55086 AND 71083;"
1892,"SELECT COUNT(*)
FROM employees e
JOIN departments d ON e.dept_id = d.dept_id
WHERE d.city = 'Berlin' AND e.salary BETWEEN 180919 AND 196916;"
1893,"SELECT COUNT(*)
FROM employees e
JOIN departments d ON e.dept_id = d.dept_id
WHERE d.city = 'Austin' AND e.salary BETWEEN 83248 AND 99246;"
1894,SELECT COUNT(*) FROM projects WHERE budget_tier = 2;
1895,"SELECT COUNT(*)
FROM employees e
JOIN departments d ON e.dept_id = d.dept_id
WHERE d.city = 'Seattle' AND e.salary BETWEEN 60752 AND 76750;"
1896,"SELECT COUNT(*)
FROM employees e
JOIN departments d ON e.dept_id = d.dept_id
WHERE d.city = 'Berlin' AND e.salary BETWEEN 182724 AND 198721;"
1897,SELECT COUNT(*) FROM projects WHERE budget_tier = 1;
1898,SELECT COUNT(*) FROM employees WHERE salary BETWEEN 193195 AND 199983;
1899,SELECT COUNT(*) FROM departments WHERE city = 'Bangalore';
1900,"SELECT COUNT(*)
FROM employees e
JOIN departments d ON e.dept_id = d.dept_id
JOIN projects p ON p.emp_id = e.emp_id
WHERE d.city = 'Seattle' AND p.budget_tier = 1 AND e.salary BETWEEN 178407 AND 194405;"
1901,"SELECT COUNT(*)
FROM employees e
JOIN departments d ON e.dept_id = d.dept_id
WHERE d.city = 'Seattle' AND e.salary BETWEEN 169777 AND 185774;"
1902,"SELECT COUNT(*)
FROM employees e
JOIN departments d ON e.dept_id = d.dept_id
WHERE d.city = 'Bangalore' AND e.salary BETWEEN 145174 AND 161171;"
1903,SELECT COUNT(*) FROM projects WHERE budget_tier = 1;
1904,SELECT COUNT(*) FROM projects WHERE budget_tier = 1;
1905,SELECT COUNT(*) FROM projects WHERE budget_tier = 2;
1906,SELECT COUNT(*) FROM projects WHERE budget_tier = 3;
1907,"SELECT COUNT(*)
FROM employees e
JOIN departments d ON e.dept_id = d.dept_id
JOIN projects p ON p.emp_id = e.emp_id
WHERE d.city = 'Seattle' AND p.budget_tier = 2 AND e.salary BETWEEN 129150 AND 145147;"
1908,SELECT COUNT(*) FROM departments WHERE city = 'Austin';
1909,SELECT COUNT(*) FROM employees WHERE salary BETWEEN 54160 AND 70157;
1910,"SELECT COUNT(*)
FROM employees e
JOIN departments d ON e.dept_id = d.dept_id
WHERE d.city = 'Seattle' AND e.salary BETWEEN 106050 AND 122047;"
1911,"SELECT COUNT(*)
FROM employees e
JOIN departments d ON e.dept_id = d.dept_id
WHERE d.city = 'Berlin' AND e.salary BETWEEN 99982 AND 115980;"
1912,SELECT COUNT(*) FROM projects WHERE budget_tier = 2;
1913,"SELECT COUNT(*)
FROM employees e
JOIN departments d ON e.dept_id = d.dept_id
WHERE d.city = 'Austin' AND e.salary BETWEEN 82291 AND 98288;"
1914,"SELECT COUNT(*)
FROM employees e
JOIN departments d ON e.dept_id = d.dept_id
WHERE d.city = 'Bangalore' AND e.salary BETWEEN 155799 AND 171797;"
1915,"SELECT COUNT(*)
FROM employees e
JOIN departments d ON e.dept_id = d.dept_id
WHERE d.city = 'Bangalore' AND e.salary BETWEEN 120441 AND 136439;"
1916,SELECT COUNT(*) FROM projects WHERE budget_tier = 3;
1917,"SELECT COUNT(*)
FROM employees e
JOIN departments d ON e.dept_id = d.dept_id
WHERE d.city = 'Austin' AND e.salary BETWEEN 53239 AND 69236;"
1918,SELECT COUNT(*) FROM departments WHERE city = 'Bangalore';
1919,SELECT COUNT(*) FROM projects WHERE budget_tier = 1;
1920,SELECT COUNT(*) FROM departments WHERE city = 'Bangalore';
1921,SELECT COUNT(*) FROM employees WHERE salary BETWEEN 75665 AND 91663;
1922,SELECT COUNT(*) FROM projects WHERE budget_tier = 2;
1923,"SELECT COUNT(*)
FROM employees e
JOIN departments d ON e.dept_id = d.dept_id
WHERE d.city = 'Austin' AND e.salary BETWEEN 149834 AND 165832;"
1924,"SELECT COUNT(*)
FROM employees e
JOIN departments d ON e.dept_id = d.dept_id
JOIN projects p ON p.emp_id = e.emp_id
WHERE d.city = 'Bangalore' AND p.budget_tier = 2 AND e.salary BETWEEN 52514 AND 68512;"
1925,SELECT COUNT(*) FROM employees WHERE dept_id = 3;
1926,SELECT COUNT(*) FROM projects WHERE budget_tier = 2;
1927,SELECT COUNT(*) FROM employees WHERE dept_id = 2;
1928,"SELECT COUNT(*)
FROM employees e
JOIN departments d ON e.dept_id = d.dept_id
JOIN projects p ON p.emp_id = e.emp_id
WHERE d.city = 'Berlin' AND p.budget_tier = 1 AND e.salary BETWEEN 176811 AND 192809;"
1929,SELECT COUNT(*) FROM employees WHERE salary BETWEEN 120304 AND 136302;
1930,SELECT COUNT(*) FROM employees WHERE salary BETWEEN 117878 AND 133876;
1931,SELECT COUNT(*) FROM projects WHERE budget_tier = 1;
1932,SELECT COUNT(*) FROM projects WHERE budget_tier = 3;
1933,"SELECT COUNT(*)
FROM employees e
JOIN departments d ON e.dept_id = d.dept_id
WHERE d.city = 'Austin' AND e.salary BETWEEN 135519 AND 151517;"
1934,"SELECT COUNT(*)
FROM employees e
JOIN departments d ON e.dept_id = d.dept_id
WHERE d.city = 'Seattle' AND e.salary BETWEEN 172309 AND 188307;"
1935,SELECT COUNT(*) FROM projects WHERE budget_tier = 3;
1936,SELECT COUNT(*) FROM employees WHERE dept_id = 3;
1937,SELECT COUNT(*) FROM projects WHERE budget_tier = 1;
1938,SELECT COUNT(*) FROM projects WHERE budget_tier = 2;
1939,SELECT COUNT(*) FROM projects WHERE budget_tier = 2;
1940,"SELECT COUNT(*)
FROM employees e
JOIN departments d ON e.dept_id = d.dept_id
WHERE d.city = 'Berlin' AND e.salary BETWEEN 95691 AND 111689;"
1941,"SELECT COUNT(*)
FROM employees e
JOIN departments d ON e.dept_id = d.dept_id
JOIN projects p ON p.emp_id = e.emp_id
WHERE d.city = 'Seattle' AND p.budget_tier = 1 AND e.salary BETWEEN 149021 AND 165019;"
1942,"SELECT COUNT(*)
FROM employees e
JOIN departments d ON e.dept_id = d.dept_id
JOIN projects p ON p.emp_id = e.emp_id
WHERE d.city = 'Bangalore' AND p.budget_tier = 1 AND e.salary BETWEEN 131286 AND 147283;"
1943,"SELECT COUNT(*)
FROM employees e
JOIN departments d ON e.dept_id = d.dept_id
JOIN projects p ON p.emp_id = e.emp_id
WHERE d.city = 'Seattle' AND p.budget_tier = 3 AND e.salary BETWEEN 83420 AND 99417;"
1944,SELECT COUNT(*) FROM projects WHERE budget_tier = 1;
1945,SELECT COUNT(*) FROM employees WHERE age BETWEEN 52 AND 57;
1946,"SELECT COUNT(*)
FROM employees e
JOIN departments d ON e.dept_id = d.dept_id
JOIN projects p ON p.emp_id = e.emp_id
WHERE d.city = 'Seattle' AND p.budget_tier = 1 AND e.salary BETWEEN 124317 AND 140314;"
1947,SELECT COUNT(*) FROM projects WHERE budget_tier = 1;
1948,SELECT COUNT(*) FROM departments WHERE city = 'Austin';
1949,SELECT COUNT(*) FROM projects WHERE budget_tier = 1;
1950,SELECT COUNT(*) FROM departments WHERE city = 'Austin';
1951,"SELECT COUNT(*)
FROM employees e
JOIN departments d ON e.dept_id = d.dept_id
JOIN projects p ON p.emp_id = e.emp_id
WHERE d.city = 'Berlin' AND p.budget_tier = 2 AND e.salary BETWEEN 179342 AND 195340;"
1952,"SELECT COUNT(*)
FROM employees e
JOIN departments d ON e.dept_id = d.dept_id
WHERE d.city = 'Bangalore' AND e.salary BETWEEN 79839 AND 95837;"
1953,"SELECT COUNT(*)
FROM employees e
JOIN departments d ON e.dept_id = d.dept_id
JOIN projects p ON p.emp_id = e.emp_id
WHERE d.city = 'Seattle' AND p.budget_tier = 2 AND e.salary BETWEEN 65484 AND 81482;"
1954,"SELECT COUNT(*)
FROM employees e
JOIN departments d ON e.dept_id = d.dept_id
JOIN projects p ON p.emp_id = e.emp_id
WHERE d.city = 'Austin' AND p.budget_tier = 3 AND e.salary BETWEEN 65938 AND 81936;"
1955,SELECT COUNT(*) FROM departments WHERE city = 'Austin';
1956,SELECT COUNT(*) FROM departments WHERE city = 'Austin';
1957,SELECT COUNT(*) FROM projects WHERE budget_tier = 1;
1958,SELECT COUNT(*) FROM departments WHERE city = 'Berlin';
1959,SELECT COUNT(*) FROM employees WHERE dept_id = 2;
1960,"SELECT COUNT(*)
FROM employees e
JOIN departments d ON e.dept_id = d.dept_id
WHERE d.city = 'Austin' AND e.salary BETWEEN 93778 AND 109776;"
1961,"SELECT COUNT(*)
FROM employees e
JOIN departments d ON e.dept_id = d.dept_id
JOIN projects p ON p.emp_id = e.emp_id
WHERE d.city = 'Berlin' AND p.budget_tier = 2 AND e.salary BETWEEN 78604 AND 94602;"
1962,"SELECT COUNT(*)
FROM employees e
JOIN departments d ON e.dept_id = d.dept_id
JOIN projects p ON p.emp_id = e.emp_id
WHERE d.city = 'Bangalore' AND p.budget_tier = 2 AND e.salary BETWEEN 189144 AND 199983;"
1963,"SELECT COUNT(*)
FROM employees e
JOIN departments d ON e.dept_id = d.dept_id
WHERE d.city = 'Austin' AND e.salary BETWEEN 57165 AND 73163;"
1964,SELECT COUNT(*) FROM projects WHERE budget_tier = 1;
1965,"SELECT COUNT(*)
FROM employees e
JOIN departments d ON e.dept_id = d.dept_id
JOIN projects p ON p.emp_id = e.emp_id
WHERE d.city = 'Seattle' AND p.budget_tier = 2 AND e.salary BETWEEN 152258 AND 168255;"
1966,SELECT COUNT(*) FROM employees WHERE age BETWEEN 51 AND 56;
1967,SELECT COUNT(*) FROM departments WHERE city = 'Bangalore';
1968,"SELECT COUNT(*)
FROM employees e
JOIN departments d ON e.dept_id = d.dept_id
JOIN projects p ON p.emp_id = e.emp_id
WHERE d.city = 'Berlin' AND p.budget_tier = 1 AND e.salary BETWEEN 65702 AND 81700;"
1969,"SELECT COUNT(*)
FROM employees e
JOIN departments d ON e.dept_id = d.dept_id
WHERE d.city = 'Berlin' AND e.salary BETWEEN 181541 AND 197538;"
1970,SELECT COUNT(*) FROM employees WHERE dept_id = 2;
1971,SELECT COUNT(*) FROM projects WHERE budget_tier = 1;
1972,"SELECT COUNT(*)
FROM employees e
JOIN departments d ON e.dept_id = d.dept_id
WHERE d.city = 'Austin' AND e.salary BETWEEN 180143 AND 196140;"
1973,"SELECT COUNT(*)
FROM employees e
JOIN departments d ON e.dept_id = d.dept_id
WHERE d.city = 'Austin' AND e.salary BETWEEN 44965 AND 60963;"
1974,"SELECT COUNT(*)
FROM employees e
JOIN departments d ON e.dept_id = d.dept_id
WHERE d.city = 'Berlin' AND e.salary BETWEEN 172493 AND 188490;"
1975,SELECT COUNT(*) FROM departments WHERE city = 'Austin';
1976,"SELECT COUNT(*)
FROM employees e
JOIN departments d ON e.dept_id = d.dept_id
WHERE d.city = 'Bangalore' AND e.salary BETWEEN 60636 AND 76634;"
1977,"SELECT COUNT(*)
FROM employees e
JOIN departments d ON e.dept_id = d.dept_id
WHERE d.city = 'Berlin' AND e.salary BETWEEN 93877 AND 109874;"
1978,SELECT COUNT(*) FROM departments WHERE city = 'Bangalore';
1979,SELECT COUNT(*) FROM employees WHERE dept_id = 2;
1980,SELECT COUNT(*) FROM employees WHERE salary BETWEEN 158969 AND 174967;
1981,"SELECT COUNT(*)
FROM employees e
JOIN departments d ON e.dept_id = d.dept_id
JOIN projects p ON p.emp_id = e.emp_id
WHERE d.city = 'Austin' AND p.budget_tier = 1 AND e.salary BETWEEN 65978 AND 81976;"
1982,"SELECT COUNT(*)
FROM employees e
JOIN departments d ON e.dept_id = d.dept_id
WHERE d.city = 'Seattle' AND e.salary BETWEEN 171149 AND 187146;"
1983,SELECT COUNT(*) FROM departments WHERE city = 'Bangalore';
1984,"SELECT COUNT(*)
FROM employees e
JOIN departments d ON e.dept_id = d.dept_id
WHERE d.city = 'Bangalore' AND e.salary BETWEEN 173524 AND 189521;"
1985,"SELECT COUNT(*)
FROM employees e
JOIN departments d ON e.dept_id = d.dept_id
JOIN projects p ON p.emp_id = e.emp_id
WHERE d.city = 'Bangalore' AND p.budget_tier = 2 AND e.salary BETWEEN 122364 AND 138362;"
1986,"SELECT COUNT(*)
FROM employees e
JOIN departments d ON e.dept_id = d.dept_id
WHERE d.city = 'Bangalore' AND e.salary BETWEEN 41198 AND 57196;"
1987,"SELECT COUNT(*)
FROM employees e
JOIN departments d ON e.dept_id = d.dept_id
WHERE d.city = 'Bangalore' AND e.salary BETWEEN 86458 AND 102456;"
1988,"SELECT COUNT(*)
FROM employees e
JOIN departments d ON e.dept_id = d.dept_id
WHERE d.city = 'Seattle' AND e.salary BETWEEN 139428 AND 155426;"
1989,"SELECT COUNT(*)
FROM employees e
JOIN departments d ON e.dept_id = d.dept_id
WHERE d.city = 'Bangalore' AND e.salary BETWEEN 196937 AND 199983;"
1990,SELECT COUNT(*) FROM employees WHERE dept_id = 4;
1991,"SELECT COUNT(*)
FROM employees e
JOIN departments d ON e.dept_id = d.dept_id
JOIN projects p ON p.emp_id = e.emp_id
WHERE d.city = 'Seattle' AND p.budget_tier = 1 AND e.salary BETWEEN 141559 AND 157557;"
1992,SELECT COUNT(*) FROM projects WHERE budget_tier = 1;
1993,SELECT COUNT(*) FROM departments WHERE city = 'Bangalore';
1994,"SELECT COUNT(*)
FROM employees e
JOIN departments d ON e.dept_id = d.dept_id
JOIN projects p ON p.emp_id = e.emp_id
WHERE d.city = 'Berlin' AND p.budget_tier = 2 AND e.salary BETWEEN 82296 AND 98294;"
1995,SELECT COUNT(*) FROM departments WHERE city = 'Seattle';
1996,"SELECT COUNT(*)
FROM employees e
JOIN departments d ON e.dept_id = d.dept_id
WHERE d.city = 'Austin' AND e.salary BETWEEN 141937 AND 157935;"
1997,SELECT COUNT(*) FROM projects WHERE budget_tier = 1;
1998,SELECT COUNT(*) FROM projects WHERE budget_tier = 3;
1999,SELECT COUNT(*) FROM projects WHERE budget_tier = 1;
2000,SELECT COUNT(*) FROM departments WHERE city = 'Berlin';
