assign_id,emp_id,proj_id,hours_per_week
10001,2614,5887,18
10002,1823,6559,7
10003,3121,8808,22
10004,4392,7986,31
10005,2967,8785,8
10006,2882,7047,7
10007,1740,9891,31
10008,5854,8458,32
10009,4067,8301,26
10010,4844,8299,46
10011,1798,8399,33
10012,4211,9373,20
10013,2587,9326,39
10014,4731,7061,23
10015,2778,6527,34
10016,3532,8695,19
10017,3435,9711,9
10018,4918,7151,35
10019,5554,7157,47
10020,3470,7424,35
10021,3280,7795,13
10022,2368,9244,17
10023,3768,8043,47
10024,2398,9092,25
10025,1155,8079,35
10026,4187,8235,5
10027,2116,5436,45
10028,4666,6458,17
10029,4597,7373,38
10030,2115,7205,40
10031,1700,5112,20
10032,5201,8035,14
10033,1596,6097,42
10034,2014,6297,45
10035,1540,5958,38
10036,1012,9832,29
10037,2944,9969,5
10038,5460,9087,16
10039,1662,5094,26
10040,5634,7767,26
10041,5410,5668,6
10042,2423,5515,49
10043,2246,6244,12
10044,1580,8077,37
10045,1262,9290,9
10046,1496,7102,14
10047,5226,8024,7
10048,5888,5812,15
10049,3137,6521,34
10050,1630,6479,32
10051,1506,8864,9
10052,1207,7002,16
10053,4432,6032,48
10054,4131,7139,49
10055,2855,9442,33
10056,2661,8070,30
10057,3582,5351,33
10058,5980,9306,33
10059,1285,7306,18
10060,1719,9792,40
10061,4989,6265,39
10062,1502,6558,12
10063,1258,9961,20
10064,5906,5786,47
10065,3598,8907,9
10066,2923,9207,20
10067,2240,8434,45
10068,4295,7308,17
10069,4014,5666,12
10070,5618,5561,30
10071,1888,8658,9
10072,4455,9149,13
10073,1745,9998,42
10074,4437,7192,6
10075,2705,6543,11
10076,1211,7851,34
10077,5065,5718,21
10078,2957,8140,48
10079,3527,7921,35
10080,2703,5655,5
10081,5215,6132,32
10082,1486,6776,34
10083,3157,8223,35
10084,3502,8812,28
10085,4311,6750,35
10086,5608,8211,15
10087,2067,7728,46
10088,5228,7537,20
10089,2816,6082,13
10090,3799,9184,34
10091,4630,8042,16
10092,5057,7342,20
10093,1198,8202,37
10094,4372,7088,10
10095,5316,6080,49
10096,5964,7760,5
10097,2316,5291,17
10098,3573,9803,41
10099,5863,8424,39
10100,2182,8167,48
10101,4342,8500,30
10102,1257,9895,46
10103,3749,5844,13
10104,3563,5914,21
10105,2668,9440,42
10106,3649,8991,39
10107,1637,5977,29
10108,3823,8327,11
10109,1008,7093,45
10110,2580,6201,35
10111,1135,6649,36
10112,4832,5122,23
10113,5926,9371,21
10114,5121,5960,10
10115,3513,8816,29
10116,5470,9408,37
10117,3244,6353,23
10118,3170,5688,19
10119,5868,7330,39
10120,5655,5856,36
10121,4958,9437,42
10122,2233,5022,40
10123,4373,7005,36
10124,1954,8953,36
10125,2539,8887,44
10126,1908,5970,40
10127,2681,8779,38
10128,2910,5345,14
10129,5090,6730,48
10130,1619,8332,37
10131,3789,9296,48
10132,2910,8608,14
10133,3845,8308,48
10134,5302,5540,39
10135,5679,7294,26
10136,1697,7061,27
10137,4405,8639,11
10138,5304,6489,25
10139,1405,5286,5
10140,3436,6238,17
10141,2511,5113,13
10142,5963,9434,24
10143,3319,5090,14
10144,5089,7807,30
10145,3485,6500,48
10146,1858,6054,5
10147,4730,6564,49
10148,3393,5357,21
10149,5069,8727,21
10150,5283,9555,43
10151,1020,5471,47
10152,3421,7915,16
10153,4027,7987,45
10154,1067,7621,19
10155,4134,8263,5
10156,4558,6142,36
10157,1786,9404,15
10158,3133,9660,9
10159,2430,6039,22
10160,2419,8868,22
10161,4691,8551,27
10162,2548,9706,11
10163,5272,5055,30
10164,1359,6302,5
10165,2563,9509,32
10166,5387,8912,24
10167,3178,8468,45
10168,4811,6495,27
10169,1479,9134,36
10170,1648,8704,42
10171,1264,9866,43
10172,4743,5183,22
10173,3957,6237,37
10174,2562,9222,29
10175,2437,9236,36
10176,3006,5621,32
10177,4141,6545,17
10178,1908,9128,23
10179,1130,5235,7
10180,1938,5073,31
10181,4719,9568,21
10182,1815,6790,47
10183,4963,5628,33
10184,4382,5668,48
10185,1015,9024,48
10186,3038,5594,37
10187,4489,7667,32
10188,1707,8813,24
10189,1703,7340,49
10190,5842,8360,38
10191,5132,7261,20
10192,5843,9263,43
10193,3556,5969,6
10194,5742,7028,32
10195,3987,5179,21
10196,4940,7052,24
10197,5952,9432,22
10198,4339,5195,32
10199,1517,8536,32
10200,1798,7941,20
10201,1485,7818,37
10202,4675,8629,25
10203,3712,6232,9
10204,1443,8699,49
10205,2654,6960,41
10206,2014,6527,22
10207,1963,7178,9
10208,1573,8073,47
10209,5454,8520,15
10210,5717,6696,26
10211,2831,9120,27
10212,4843,5377,30
10213,5902,5779,31
10214,1816,8344,7
10215,4672,8596,46
10216,3537,7500,6
10217,2211,9996,21
10218,4135,5587,7
10219,1555,6055,7
10220,3793,8000,44
10221,5921,5610,20
10222,5063,7177,16
10223,4766,7501,5
10224,5303,5807,8
10225,2265,7484,21
10226,1894,7700,23
10227,3173,6352,8
10228,3305,5109,43
10229,4164,5526,24
10230,5833,6499,45
10231,4959,5950,43
10232,5384,6668,8
10233,2239,8185,21
10234,2818,9948,19
10235,1767,5606,45
10236,3560,7395,32
10237,1573,6625,20
10238,5464,9918,10
10239,3333,9403,32
10240,3111,6058,36
10241,5742,6369,21
10242,1751,6672,29
10243,3812,9634,43
10244,5457,8739,21
10245,4555,5928,19
10246,3419,8626,22
10247,3989,7737,24
10248,1855,5705,27
10249,3851,5283,9
10250,4380,8830,43
10251,1194,8684,16
10252,2578,5971,21
10253,2481,9073,34
10254,5429,5489,23
10255,1747,8107,36
10256,5962,7854,20
10257,4088,7090,6
10258,5741,5170,16
10259,1150,9017,7
10260,4866,6593,12
10261,5898,9964,41
10262,5978,5566,28
10263,3329,6418,29
10264,2676,8368,29
10265,3587,5385,18
10266,3390,7646,40
10267,1674,8136,19
10268,4702,9177,36
10269,2361,8257,6
10270,4067,5238,25
10271,4147,8441,8
10272,4618,9833,33
10273,4068,9936,33
10274,3163,6933,27
10275,2445,8162,7
10276,5026,7577,25
10277,3161,9184,20
10278,4354,7072,48
10279,5820,5332,24
10280,2771,8130,39
10281,5545,7512,9
10282,2703,8050,30
10283,1195,9285,11
10284,1575,8536,20
10285,3630,5353,21
10286,5687,8123,6
10287,5644,7032,16
10288,1389,5860,17
10289,2753,7927,9
10290,1661,9263,20
10291,3833,9045,32
10292,5630,9197,12
10293,1297,9621,32
10294,1331,6171,12
10295,4850,9584,33
10296,5951,7129,22
10297,2285,7628,48
10298,2079,9918,47
10299,1875,8634,20
10300,4867,6606,30
10301,5838,7934,26
10302,3686,5072,19
10303,3490,7293,17
10304,2586,9675,26
10305,4808,6234,25
10306,3941,5194,28
10307,5487,9634,5
10308,5469,9428,33
10309,2503,8583,5
10310,1746,9389,5
10311,3613,5730,13
10312,2509,5036,25
10313,2771,5245,18
10314,4780,8467,32
10315,2962,8768,22
10316,2596,9286,37
10317,5781,6782,47
10318,3534,7855,6
10319,4659,6216,38
10320,1466,5616,28
10321,3070,9164,23
10322,3444,5454,6
10323,2233,8305,10
10324,1145,6532,19
10325,3353,9562,15
10326,2808,6776,20
10327,4049,7490,25
10328,5043,6150,31
10329,5140,8707,26
10330,5203,9229,7
10331,5246,9988,7
10332,2288,9492,25
10333,1110,7138,47
10334,5846,5083,10
10335,5820,6524,29
10336,3791,8381,45
10337,5424,7580,41
10338,1862,9937,34
10339,1461,6108,43
10340,2105,7075,24
10341,1744,9475,5
10342,3411,6925,39
10343,4793,9313,47
10344,5994,5381,30
10345,1443,5637,25
10346,2834,5800,14
10347,1886,8784,49
10348,4605,9013,33
10349,5357,7556,7
10350,5376,5283,47
10351,4222,9310,45
10352,1152,6180,47
10353,2597,7047,45
10354,2672,5855,17
10355,2535,5617,13
10356,2566,8231,20
10357,1951,7089,32
10358,3915,8874,32
10359,3493,9615,15
10360,2342,6029,48
10361,1732,6045,34
10362,5334,5646,15
10363,1539,5941,33
10364,1769,9338,16
10365,3857,5343,12
10366,4726,6667,14
10367,3122,7465,39
10368,2735,5038,40
10369,5392,9432,17
10370,1014,7161,31
10371,5708,5251,44
10372,4675,8417,6
10373,5491,8946,32
10374,1191,5264,38
10375,3865,9995,25
10376,5103,9677,10
10377,2105,6415,43
10378,3813,6622,30
10379,1652,6754,40
10380,2381,5562,44
10381,1802,8583,22
10382,5545,6158,46
10383,3122,6766,47
10384,2985,9157,43
10385,5141,8836,9
10386,2553,8542,30
10387,3793,8130,15
10388,3724,8257,20
10389,3023,8104,23
10390,5671,9753,9
10391,2431,9265,11
10392,5189,6046,7
10393,3514,7858,29
10394,1604,6103,14
10395,1327,7736,9
10396,4839,5387,36
10397,3776,6613,36
10398,4640,6566,9
10399,1591,8356,47
10400,2439,7377,23
10401,4571,7508,16
10402,1851,7201,35
10403,1440,9005,21
10404,3996,7773,26
10405,5424,5807,45
10406,2666,8784,26
10407,3909,8030,30
10408,2258,5641,35
10409,2545,9087,47
10410,2906,7996,10
10411,4680,7239,16
10412,2816,7100,47
10413,3277,7643,31
10414,4317,7389,21
10415,2451,9113,14
10416,3048,9086,49
10417,5840,5242,9
10418,4545,8750,8
10419,5907,9747,43
10420,4635,6435,19
10421,1174,9390,6
10422,2099,6434,12
10423,2123,9769,20
10424,3561,6440,24
10425,3043,9278,28
10426,4779,7969,39
10427,3177,9888,21
10428,3422,9763,9
10429,5332,9822,18
10430,5838,9449,18
10431,4773,9165,47
10432,2693,5477,35
10433,1291,9421,24
10434,4932,8566,17
10435,2419,6319,13
10436,2989,9179,38
10437,1568,8658,16
10438,4039,6289,44
10439,3346,5269,20
10440,4144,7936,5
10441,3304,9397,20
10442,1309,6022,10
10443,3139,5090,24
10444,3197,6926,10
10445,1462,9456,39
10446,5731,8074,45
10447,4821,8248,7
10448,5733,6149,25
10449,1646,9823,11
10450,5614,6603,18
10451,2397,6803,34
10452,4269,5005,26
10453,5286,7165,18
10454,4875,8062,29
10455,5175,5431,7
10456,2571,5390,9
10457,1816,8551,9
10458,2906,8543,46
10459,5168,6374,13
10460,3091,9840,45
10461,5899,9180,42
10462,4205,7649,41
10463,4871,8299,8
10464,2130,5453,24
10465,3056,5323,25
10466,2798,9015,28
10467,4415,6989,11
10468,3485,6129,12
10469,1689,6110,15
10470,4464,7551,13
10471,1576,5506,10
10472,5996,6180,44
10473,4011,5496,21
10474,4903,5386,17
10475,5816,8535,49
10476,5322,8615,21
10477,4871,9772,6
10478,3840,6897,34
10479,4075,8855,36
10480,5641,8518,40
10481,3526,7335,11
10482,4482,9297,20
10483,3018,5811,23
10484,4379,5883,19
10485,4286,6403,18
10486,4102,8795,49
10487,5515,6289,11
10488,4609,5898,37
10489,2052,7405,38
10490,5705,6217,28
10491,1087,7956,39
10492,4098,9023,25
10493,5809,7954,28
10494,3440,8571,41
10495,2278,6089,20
10496,1520,5317,21
10497,1387,8819,33
10498,1014,9555,22
10499,5187,5395,15
10500,4476,6574,7
10501,4577,8954,46
10502,1004,6063,22
10503,4070,7197,20
10504,4291,7424,45
10505,4660,7414,5
10506,5892,9552,47
10507,4939,9372,47
10508,5312,8582,31
10509,2603,9259,35
10510,5800,6643,49
10511,5827,9896,32
10512,4974,9276,44
10513,3543,6543,31
10514,2643,7900,13
10515,2490,7035,42
10516,5059,6479,40
10517,4234,6012,45
10518,2696,6432,31
10519,2387,8257,30
10520,5793,5457,31
10521,2198,8065,8
10522,3286,9052,42
10523,1988,8577,16
10524,4990,7293,19
10525,3960,9880,34
10526,2262,6139,18
10527,5726,7546,12
10528,2256,6361,32
10529,1588,8191,35
10530,2541,5056,6
10531,1794,9520,19
10532,4917,8192,44
10533,3021,9146,47
10534,1119,8437,12
10535,2214,6960,9
10536,1614,7130,8
10537,5582,9978,16
10538,5418,5238,14
10539,5235,8040,8
10540,4474,5389,14
10541,4298,8407,33
10542,2290,5685,32
10543,3381,8984,33
10544,1224,5187,23
10545,5668,7744,47
10546,3824,8429,17
10547,4015,7411,38
10548,3641,8235,24
10549,5905,8389,22
10550,1987,7935,40
10551,2024,9372,5
10552,2544,9921,30
10553,2273,8970,7
10554,2780,8995,48
10555,2701,9573,7
10556,4931,8250,25
10557,3235,7752,22
10558,5345,6576,35
10559,4199,6260,40
10560,4160,6057,48
10561,4984,5545,35
10562,2024,5330,12
10563,4840,7170,29
10564,1826,6579,24
10565,3737,8007,15
10566,4407,7524,44
10567,3775,7790,5
10568,5633,9223,25
10569,1492,7916,21
10570,2860,6773,32
10571,3340,7139,22
10572,1592,6957,33
10573,3735,7073,14
10574,2493,7397,13
10575,1948,7816,38
10576,2576,5873,24
10577,1683,9342,35
10578,1629,5257,7
10579,5689,9918,5
10580,5483,9033,37
10581,5748,9886,12
10582,3241,8261,22
10583,4755,5694,34
10584,1101,9835,37
10585,2094,9038,26
10586,3492,9815,21
10587,4773,5556,46
10588,1433,8957,13
10589,1537,6278,26
10590,1601,9210,14
10591,2667,5948,37
10592,3756,9581,43
10593,1319,9374,7
10594,5942,5398,21
10595,2863,5222,13
10596,4733,7366,44
10597,2528,6778,40
10598,1071,9061,23
10599,1444,8955,38
10600,5695,8523,6
10601,1387,9439,49
10602,2870,5775,31
10603,5649,5340,23
10604,3012,5007,37
10605,3922,6297,30
10606,4352,5288,38
10607,1280,5893,32
10608,1771,5717,20
10609,1954,9280,26
10610,5425,6854,32
10611,2560,5570,18
10612,3498,9719,10
10613,4447,5643,15
10614,4368,8673,24
10615,4548,9081,40
10616,3441,8329,20
10617,1109,7552,10
10618,5455,5110,12
10619,1956,8651,49
10620,4361,8220,40
10621,4490,5732,8
10622,1318,9310,38
10623,1341,8044,24
10624,5445,5568,28
10625,3075,8049,49
10626,1638,7872,7
10627,5497,6358,32
10628,5464,9943,34
10629,3391,6072,33
10630,4989,7247,25
10631,6000,7556,46
10632,4194,7377,31
10633,4937,6921,29
10634,5282,5124,7
10635,3367,5075,5
10636,4003,6989,27
10637,5690,5157,47
10638,2566,8084,9
10639,1793,8819,35
10640,4705,9039,29
10641,3401,8692,39
10642,1355,8980,47
10643,5202,5083,5
10644,4896,9789,19
10645,5514,8066,43
10646,5018,7234,28
10647,5738,6785,38
10648,3253,7091,22
10649,1565,9169,29
10650,4454,9013,40
10651,2303,6878,5
10652,2751,7315,13
10653,3591,6464,45
10654,1258,8993,35
10655,2596,7915,26
10656,2047,8525,42
10657,3233,8373,45
10658,3595,6342,6
10659,5078,8935,45
10660,4585,7702,49
10661,2641,9045,24
10662,2712,5034,27
10663,1049,7146,16
10664,1168,9806,14
10665,2854,6280,36
10666,4855,5405,9
10667,4742,9712,48
10668,3069,6925,33
10669,1392,6858,37
10670,3951,5882,27
10671,2450,7882,40
10672,1229,7903,17
10673,4253,6598,6
10674,1352,6940,15
10675,3273,6246,32
10676,5038,5440,29
10677,1234,9628,40
10678,1266,7825,22
10679,1858,5116,43
10680,1499,9501,13
10681,1877,6279,6
10682,3259,5297,40
10683,5195,7949,21
10684,2645,7606,37
10685,3393,6095,39
10686,4325,9812,37
10687,3952,6075,36
10688,5620,5016,24
10689,3648,6528,34
10690,5952,5051,26
10691,3257,8200,29
10692,2433,8242,49
10693,1481,6604,48
10694,3971,8037,15
10695,2666,7786,38
10696,1329,6993,32
10697,4255,7954,39
10698,1417,5932,8
10699,3302,7016,13
10700,1945,9614,47
10701,3053,7139,26
10702,3351,9290,29
10703,1980,8401,25
10704,2657,6088,29
10705,3655,9037,45
10706,2452,5226,21
10707,4012,5445,19
10708,3784,7382,45
10709,5004,9042,11
10710,2587,8135,36
10711,1390,6903,12
10712,4729,9593,7
10713,1850,8655,37
10714,1819,8604,40
10715,4636,6483,21
10716,5108,5245,5
10717,3655,7112,40
10718,4955,9049,44
10719,5107,5805,21
10720,1490,5932,48
10721,3320,6761,41
10722,3929,8117,29
10723,4164,5025,29
10724,3935,9396,17
10725,2147,5074,17
10726,3824,9248,16
10727,3506,9071,36
10728,1812,8163,39
10729,1056,9188,32
10730,1708,7920,48
10731,2010,7795,24
10732,5119,6411,32
10733,4849,8487,35
10734,4317,8613,28
10735,5868,9781,15
10736,4490,9468,46
10737,5327,6066,20
10738,5306,8996,42
10739,2401,8759,21
10740,2194,5611,49
10741,5995,9216,48
10742,2498,6839,9
10743,2251,7096,24
10744,1873,8574,39
10745,3411,5473,47
10746,4551,6157,18
10747,2579,8191,30
10748,1475,9420,49
10749,5291,5052,47
10750,4567,7184,46
10751,5049,6428,28
10752,5625,7217,35
10753,1271,6824,22
10754,4552,9456,43
10755,5586,5068,26
10756,5458,8815,25
10757,4884,6174,38
10758,3620,9577,29
10759,1995,9317,44
10760,1769,5261,34
10761,1545,7314,10
10762,1932,8531,49
10763,1091,6650,29
10764,5334,5677,9
10765,1851,8940,33
10766,3969,9339,26
10767,5873,6936,7
10768,4078,6679,34
10769,3660,6193,28
10770,1634,7623,45
10771,4229,5666,21
10772,2225,9863,49
10773,2249,6602,24
10774,1983,6910,30
10775,3511,5188,9
10776,4851,5705,17
10777,5759,8368,43
10778,4994,9788,8
10779,1990,8454,49
10780,2617,6367,21
10781,1425,7650,44
10782,2431,5335,39
10783,2636,9834,35
10784,5201,7385,20
10785,1178,5356,38
10786,4777,6923,36
10787,1720,9328,37
10788,4129,8339,12
10789,5505,5796,34
10790,4002,5190,7
10791,3790,9144,21
10792,1654,5814,28
10793,3623,7103,20
10794,4557,8411,24
10795,4393,7167,14
10796,5404,7251,28
10797,1490,6680,11
10798,2345,7059,24
10799,1608,9355,17
10800,4592,9394,33
10801,5120,6221,14
10802,1753,6628,13
10803,4049,7381,11
10804,5445,6400,48
10805,5121,5134,37
10806,4462,7164,28
10807,2015,7710,20
10808,5695,6280,36
10809,2769,5553,8
10810,5897,9789,18
10811,1959,7087,33
10812,2592,8895,26
10813,4262,9576,27
10814,3589,7974,30
10815,3539,6154,30
10816,1791,9159,48
10817,5268,5955,26
10818,5017,7578,48
10819,5395,8789,7
10820,4099,8069,46
10821,1648,5236,21
10822,5844,8752,18
10823,2476,8644,49
10824,3061,6109,34
10825,2124,6797,17
10826,1616,8474,30
10827,2285,6391,44
10828,3326,8132,36
10829,4138,7212,38
10830,4673,9978,27
10831,3856,7642,38
10832,2624,8229,48
10833,4450,5927,16
10834,3704,7922,27
10835,2141,7957,32
10836,3831,8828,23
10837,1499,8446,38
10838,5683,9039,12
10839,2104,5121,38
10840,4090,5966,46
10841,2753,7050,20
10842,5015,9214,11
10843,1614,8720,31
10844,4048,8914,24
10845,1644,9735,39
10846,3869,8825,21
10847,5154,9470,32
10848,2136,8180,12
10849,5693,8371,8
10850,4700,8505,37
10851,3363,9042,26
10852,1162,6924,35
10853,2822,8817,5
10854,5420,8092,45
10855,3766,6777,18
10856,4403,5772,11
10857,3628,9657,12
10858,4994,8578,12
10859,5995,6539,28
10860,5856,7868,5
10861,5598,8550,39
10862,1057,5804,45
10863,4238,9777,12
10864,3345,8270,9
10865,5903,5179,36
10866,1620,5615,5
10867,5875,6755,6
10868,5875,5047,46
10869,3614,8684,19
10870,5262,7535,46
10871,3836,5216,13
10872,1666,7940,16
10873,1128,7900,14
10874,4558,7877,28
10875,5172,6237,45
10876,5983,6008,23
10877,1635,9830,21
10878,4609,7139,6
10879,4690,9411,14
10880,5711,7160,9
10881,1986,8185,43
10882,3574,5374,10
10883,2157,6287,6
10884,5537,5368,12
10885,4869,9474,8
10886,1244,9925,35
10887,1768,9921,40
10888,4218,8926,12
10889,1415,9770,35
10890,4284,8117,21
10891,5345,6295,44
10892,4107,8977,18
10893,3887,5174,12
10894,1862,9132,29
10895,5915,9398,18
10896,5958,9982,27
10897,4358,7081,47
10898,4934,8835,45
10899,4765,7430,21
10900,1210,7774,16
10901,3158,5693,24
10902,3378,9691,38
10903,3190,8030,15
10904,1676,5874,31
10905,2356,9415,13
10906,1026,8097,22
10907,3694,5758,42
10908,2651,8625,40
10909,3959,7107,32
10910,5458,9273,24
10911,2683,6566,46
10912,5456,8117,33
10913,2967,8524,8
10914,4287,5309,19
10915,1996,5154,45
10916,1077,5967,48
10917,3143,6164,32
10918,1957,7817,44
10919,4045,5385,28
10920,1218,8720,41
10921,4947,7796,20
10922,3416,9720,26
10923,4346,6057,21
10924,2468,6732,5
10925,5783,8443,35
10926,3873,6670,29
10927,1033,9077,16
10928,3920,9028,24
10929,4488,8775,23
10930,1425,6460,9
10931,5883,5006,19
10932,4079,9787,45
10933,5835,6642,29
10934,5863,8830,39
10935,2818,9881,48
10936,4927,5617,7
10937,5019,5886,22
10938,5295,7071,26
10939,1715,5161,20
10940,4208,6218,19
10941,4981,9179,9
10942,5384,5168,46
10943,3025,8913,46
10944,4874,7703,17
10945,4730,7603,32
10946,3615,9440,14
10947,1811,9108,20
10948,3456,8606,6
10949,3031,6554,40
10950,2786,5450,29
10951,2973,9670,9
10952,1717,9028,32
10953,1825,7538,21
10954,2728,7710,6
10955,3233,9561,19
10956,1763,7958,42
10957,1022,7665,33
10958,3260,6790,27
10959,5562,9103,22
10960,4306,8235,18
10961,5268,5319,36
10962,5893,7178,48
10963,2542,7157,10
10964,5340,7554,32
10965,1421,5429,22
10966,4545,9340,39
10967,5437,7486,42
10968,2984,9403,8
10969,1123,5901,35
10970,5968,6621,15
10971,1434,8399,15
10972,5166,5749,33
10973,5747,9873,23
10974,4483,9290,21
10975,3885,7412,8
10976,3639,6028,48
10977,4878,9245,8
10978,2616,8133,16
10979,4809,7842,11
10980,1227,6141,25
10981,1536,5238,37
10982,2123,9826,41
10983,5366,9554,16
10984,4535,7533,11
10985,1659,6755,19
10986,4108,9810,41
10987,3322,6611,13
10988,2167,8119,37
10989,5992,9440,42
10990,2972,6488,20
10991,1017,9759,35
10992,2904,8195,19
10993,2613,5246,6
10994,4707,6278,17
10995,1436,7329,9
10996,5072,6557,37
10997,4456,6558,36
10998,3005,7223,46
10999,5954,7333,49
11000,3734,5305,25
11001,1263,7923,6
11002,3442,5793,40
11003,1808,5407,37
11004,3513,9428,15
11005,1358,7353,45
11006,3402,7038,27
11007,2275,7967,42
11008,5472,7717,37
11009,1989,7821,44
11010,1018,9647,12
11011,2739,8043,40
11012,3764,9003,40
11013,3998,6361,37
11014,1914,6054,33
11015,1566,5440,35
11016,3913,9354,34
11017,2353,5783,12
11018,2472,7611,30
11019,4164,6815,27
11020,1612,5234,47
11021,2063,7074,30
11022,1436,7432,46
11023,1648,9489,42
11024,3410,5462,43
11025,5018,6752,6
11026,3610,5839,30
11027,1083,8210,22
11028,2790,7785,31
11029,2051,9206,21
11030,4839,6352,49
11031,5117,5206,19
11032,3742,6095,47
11033,1798,9306,11
11034,3527,5185,21
11035,5752,7793,23
11036,1763,9987,31
11037,1618,9495,44
11038,4881,7730,21
11039,5807,5314,36
11040,5433,5228,20
11041,4864,8094,34
11042,4687,8958,18
11043,1768,9096,45
11044,4186,7740,22
11045,2021,5927,26
11046,4494,8337,20
11047,2078,8122,20
11048,4260,7109,30
11049,4611,7356,47
11050,2776,5537,10
11051,3879,9171,11
11052,2891,6442,13
11053,2627,8400,48
11054,4619,8353,30
11055,5285,8147,6
11056,2572,5609,40
11057,5966,5612,7
11058,4676,6021,25
11059,2592,9881,48
11060,3627,5241,7
11061,2193,7053,13
11062,5774,6603,16
11063,5248,7405,12
11064,2129,9490,41
11065,4439,6415,25
11066,2116,5369,41
11067,5809,7077,44
11068,5901,6447,7
11069,2909,5009,45
11070,5528,8517,25
11071,4753,9430,30
11072,2329,7278,28
11073,5124,5393,38
11074,2312,6852,36
11075,5451,5779,31
11076,5039,8432,34
11077,2863,6699,8
11078,3005,8255,6
11079,4616,9483,27
11080,3726,8272,45
11081,3184,8253,8
11082,1154,8612,41
11083,1816,7613,15
11084,2120,6846,40
11085,4269,8509,40
11086,3156,8893,19
11087,2210,8112,41
11088,1454,9318,7
11089,2107,6867,34
11090,3797,6053,27
11091,5545,5927,37
11092,5417,8773,5
11093,5374,8043,5
11094,3660,9226,7
11095,2038,7096,13
11096,4334,8841,36
11097,1414,5827,17
11098,3542,8488,49
11099,5143,9696,35
11100,2940,5770,25
11101,1656,8971,27
11102,5045,5457,17
11103,3480,6073,30
11104,4862,7776,29
11105,2348,9631,12
11106,2317,7484,44
11107,4607,7299,34
11108,4839,7972,9
11109,5059,8930,28
11110,1316,9401,14
11111,1221,6643,23
11112,3262,6018,39
11113,1845,9043,26
11114,2515,6464,43
11115,2109,6512,42
11116,2731,8474,11
11117,4186,9472,43
11118,2239,8639,24
11119,3925,6722,44
11120,2191,5687,36
11121,5383,9467,6
11122,4567,8484,19
11123,3432,9251,14
11124,3895,8633,25
11125,2457,9778,19
11126,2110,8278,38
11127,2931,8940,39
11128,4117,7945,9
11129,1623,8500,23
11130,3338,7919,11
11131,2931,6445,48
11132,3745,5088,46
11133,2259,6530,46
11134,5502,8240,40
11135,2969,8186,22
11136,4296,5013,10
11137,3024,7929,8
11138,1877,5320,9
11139,3245,9388,18
11140,3527,9869,45
11141,4590,6684,37
11142,5404,7450,25
11143,1345,9254,17
11144,4673,5384,6
11145,4069,9494,19
11146,2914,6097,20
11147,3446,5970,39
11148,1785,7521,49
11149,2488,8252,24
11150,5892,8675,5
11151,4849,5194,7
11152,1450,7845,21
11153,2428,9856,21
11154,3596,6253,45
11155,3277,5795,24
11156,1244,7723,24
11157,3113,6627,8
11158,4309,7842,15
11159,1946,5091,19
11160,2027,8678,49
11161,2524,9173,31
11162,4109,8520,28
11163,4693,6321,24
11164,4050,8460,48
11165,4322,7370,19
11166,4307,7469,10
11167,5239,7594,22
11168,1061,6658,26
11169,5175,8378,25
11170,4399,9038,28
11171,3415,5346,21
11172,4779,8882,15
11173,4607,6665,22
11174,1390,8874,39
11175,5617,7773,35
11176,2676,5650,32
11177,2778,7707,28
11178,1253,6913,40
11179,4167,8686,49
11180,2715,9862,28
11181,3051,6810,37
11182,1696,8261,34
11183,3094,7113,41
11184,5749,6483,17
11185,3573,5676,20
11186,2506,5476,47
11187,4669,5326,13
11188,5514,8264,17
11189,3744,7136,11
11190,5655,9254,39
11191,4278,6297,48
11192,2299,5282,30
11193,5691,5657,13
11194,4251,7211,39
11195,3915,8246,28
11196,4869,5901,37
11197,3265,9427,25
11198,4793,5144,26
11199,3881,8370,43
11200,3854,8934,23
11201,4708,7488,48
11202,3829,7536,49
11203,1216,6414,36
11204,5566,6044,9
11205,1180,7584,16
11206,3687,8675,44
11207,1377,5650,10
11208,3729,9761,22
11209,2828,8292,11
11210,4227,7922,23
11211,3328,5173,19
11212,2503,8022,46
11213,5945,7049,13
11214,1753,9079,24
11215,4170,8097,24
11216,1250,7928,8
11217,3821,6895,14
11218,5737,8977,46
11219,1890,8263,44
11220,5867,5409,5
11221,5003,8550,39
11222,4724,8376,28
11223,4087,9023,48
11224,3744,5578,11
11225,5577,8608,26
11226,2757,9178,27
11227,3623,5603,5
11228,2777,8756,28
11229,5581,9070,24
11230,4405,5988,36
11231,3075,9237,35
11232,4097,7316,37
11233,2086,9235,40
11234,4730,8119,22
11235,5329,6084,41
11236,2488,7609,37
11237,1349,6588,37
11238,1414,6085,9
11239,3454,6750,22
11240,4453,8167,13
11241,3564,6656,46
11242,2010,8547,35
11243,5383,5040,11
11244,1782,6351,19
11245,4080,6995,8
11246,5453,7454,43
11247,3629,5744,12
11248,4976,8283,28
11249,3187,9134,12
11250,4320,7365,9
11251,2207,6107,27
11252,4797,8428,47
11253,5519,5630,38
11254,5493,9911,19
11255,1305,9635,23
11256,4455,7257,29
11257,3274,8986,43
11258,1851,5492,8
11259,1495,9680,12
11260,4556,9154,33
11261,3675,6483,46
11262,4431,6950,17
11263,4150,7444,42
11264,4348,8134,40
11265,4950,8518,41
11266,1505,7135,46
11267,5703,6862,49
11268,3655,5611,47
11269,4407,6148,35
11270,4518,9742,23
11271,3705,7331,41
11272,4765,7562,29
11273,2580,5829,41
11274,2762,6696,5
11275,5133,7205,25
11276,1314,7274,45
11277,5316,7881,43
11278,3688,8466,45
11279,2719,5266,30
11280,5500,6290,46
11281,4627,8621,7
11282,5575,8392,45
11283,1824,5473,9
11284,5316,7576,47
11285,3415,6897,33
11286,5780,8155,37
11287,4821,5890,6
11288,2970,8500,22
11289,4104,6612,18
11290,4067,9477,44
11291,2760,5186,34
11292,4126,9006,33
11293,5053,8334,33
11294,3282,7227,23
11295,5925,8214,30
11296,5839,9016,44
11297,4035,6292,13
11298,2124,7674,48
11299,2235,7518,17
11300,1675,8764,42
11301,3703,8049,35
11302,3306,7155,18
11303,2269,8103,35
11304,4222,8619,19
11305,5720,8844,38
11306,5195,5521,14
11307,4795,6645,25
11308,5079,5655,43
11309,3060,5042,29
11310,2250,7912,41
11311,5030,8785,44
11312,3861,8952,24
11313,4514,6824,49
11314,4220,9944,11
11315,1179,7309,22
11316,3200,6514,45
11317,5931,9767,48
11318,5678,8737,30
11319,5292,6281,21
11320,3530,9925,46
11321,3256,8139,11
11322,1936,5220,32
11323,1957,8395,25
11324,3474,9010,41
11325,2086,9960,27
11326,5663,8808,14
11327,4435,7033,21
11328,3666,6630,42
11329,3993,8250,5
11330,2102,5461,15
11331,5983,5290,37
11332,3977,6136,35
11333,1284,7514,48
11334,5472,5224,28
11335,4791,7446,24
11336,3820,5454,9
11337,1788,9459,46
11338,5469,7047,30
11339,1857,7723,46
11340,2699,9099,11
11341,3681,9689,31
11342,3134,8876,22
11343,5195,5691,42
11344,3422,5849,35
11345,3806,8387,13
11346,4932,9702,6
11347,1625,9825,48
11348,5179,7469,41
11349,2601,6429,49
11350,1001,7316,33
11351,5782,8926,38
11352,5346,7616,19
11353,5506,5739,13
11354,2410,9752,20
11355,4868,7219,6
11356,5586,7353,5
11357,3971,8240,13
11358,3588,5875,24
11359,1799,5335,6
11360,1943,6179,5
11361,4463,5630,14
11362,2328,5081,27
11363,1695,5910,23
11364,4417,5450,22
11365,5231,8071,28
11366,1186,7971,26
11367,1478,9079,24
11368,5097,6980,15
11369,3898,9776,13
11370,4016,8396,19
11371,4816,5730,20
11372,2686,8300,17
11373,1992,8012,10
11374,3750,8021,29
11375,5366,6014,19
11376,3946,9776,22
11377,4399,6321,47
11378,1195,8265,37
11379,3303,9609,18
11380,1079,9683,38
11381,4947,9944,6
11382,2122,7909,24
11383,4222,8044,46
11384,1786,7191,20
11385,3862,7242,7
11386,1447,7570,34
11387,5219,8505,27
11388,3724,6303,43
11389,2582,5790,27
11390,1359,8300,7
11391,3287,6965,17
11392,2766,5417,44
11393,1805,8273,33
11394,3731,6345,27
11395,5765,7738,44
11396,5063,7416,21
11397,1143,7646,25
11398,3235,7608,33
11399,4560,5805,41
11400,3170,7766,9
11401,4422,6953,25
11402,2124,8398,6
11403,1284,9919,27
11404,1384,6964,15
11405,2579,9406,19
11406,4873,9799,27
11407,3946,7576,11
11408,5283,8375,47
11409,1624,9793,38
11410,1545,8714,42
11411,1914,8749,45
11412,3138,5605,48
11413,3544,8351,10
11414,4733,8797,20
11415,4996,7701,6
11416,2748,6651,36
11417,3164,9417,47
11418,2044,8549,42
11419,3180,5304,32
11420,2316,5519,45
11421,2378,9031,13
11422,4309,5941,29
11423,1223,7879,30
11424,5532,5080,49
11425,5423,5103,30
11426,3154,5729,9
11427,3700,9238,21
11428,4321,7451,30
11429,1567,5956,30
11430,3043,8661,47
11431,1630,9866,13
11432,3736,9915,27
11433,3518,5740,28
11434,1725,9258,45
11435,5361,5594,13
11436,5049,8550,14
11437,3899,5563,10
11438,2465,6700,8
11439,2308,5725,5
11440,2955,6434,10
11441,5795,6343,42
11442,1154,6896,33
11443,4512,9484,48
11444,5067,9101,7
11445,1811,7283,49
11446,1151,5375,28
11447,3223,7323,46
11448,2079,6395,13
11449,1779,8874,21
11450,5250,6556,47
11451,4969,5924,42
11452,5597,5841,46
11453,3554,6731,18
11454,5245,9073,40
11455,5104,9724,49
11456,5689,7052,37
11457,5565,8911,24
11458,5547,6548,38
11459,4679,8979,7
11460,5224,7454,24
11461,4706,6437,7
11462,4359,8261,10
11463,1853,7365,33
11464,5183,9615,43
11465,4966,5924,47
11466,5630,6451,35
11467,4324,6546,43
11468,5920,9787,25
11469,5475,8814,48
11470,1456,7905,5
11471,5414,7259,37
11472,1230,8865,14
11473,5604,9543,30
11474,5886,5070,7
11475,4478,6325,18
11476,4359,8140,12
11477,1760,7330,36
11478,2791,5368,45
11479,5542,6884,40
11480,2367,7089,31
11481,1325,5685,37
11482,1877,6774,25
11483,1167,8714,30
11484,4665,7565,18
11485,1581,8942,47
11486,5935,8202,40
11487,2800,6921,32
11488,2110,5688,32
11489,4628,8094,25
11490,3854,7089,45
11491,2173,5153,33
11492,1772,9654,42
11493,1928,9029,38
11494,3909,6071,5
11495,1606,8791,24
11496,4907,9099,30
11497,5101,9872,31
11498,5095,6060,27
11499,2002,7859,11
11500,4974,9092,26
11501,1414,9339,41
11502,5811,8822,39
11503,3015,6442,8
11504,2488,7267,33
11505,1783,7249,41
11506,1527,9490,40
11507,1001,5601,7
11508,1271,5836,6
11509,3532,5400,9
11510,2072,7329,22
11511,1694,6008,38
11512,3888,5767,19
11513,4579,5433,44
11514,2996,5400,48
11515,4578,5329,45
11516,2710,9731,5
11517,3100,6772,26
11518,1470,6613,29
11519,3291,9174,21
11520,1337,9428,37
11521,1756,9246,21
11522,3602,7005,42
11523,2720,8011,9
11524,3100,9246,41
11525,1413,6609,47
11526,4613,8119,47
11527,4281,5362,15
11528,5104,6717,16
11529,3994,7422,48
11530,4463,9191,38
11531,1247,8462,39
11532,4779,8982,43
11533,1412,7130,20
11534,4368,9729,28
11535,5331,7461,35
11536,3690,7051,18
11537,1588,9109,36
11538,2469,9260,47
11539,1233,9713,17
11540,2887,6369,42
11541,1310,9262,21
11542,1944,8147,48
11543,1908,5661,40
11544,3749,9563,46
11545,3526,5516,22
11546,2601,5720,23
11547,3100,5172,11
11548,1546,6470,34
11549,3349,6174,16
11550,4824,9667,15
11551,3689,9901,33
11552,4315,6175,7
11553,5452,8745,38
11554,5931,9209,38
11555,5973,6942,35
11556,2842,9032,26
11557,2637,6398,6
11558,2676,9022,31
11559,5833,5698,40
11560,2791,6775,36
11561,4145,8212,39
11562,4521,8474,21
11563,2842,9064,38
11564,1156,7755,30
11565,1934,9452,14
11566,1576,9335,43
11567,2334,8054,13
11568,4108,9609,29
11569,5344,7681,24
11570,2452,8604,19
11571,5549,8345,44
11572,1940,6430,31
11573,4460,7162,15
11574,2094,5027,20
11575,4942,8772,34
11576,3502,6442,26
11577,5363,9688,28
11578,2462,7228,28
11579,3414,5567,40
11580,4774,5247,22
11581,2211,6524,24
11582,4299,7365,12
11583,1061,8966,19
11584,3216,8693,17
11585,5251,6774,40
11586,3832,7938,18
11587,5818,8891,28
11588,5103,6092,41
11589,5619,5747,28
11590,1251,6575,22
11591,2600,9441,36
11592,3168,8602,39
11593,4141,7100,24
11594,2286,8517,46
11595,2788,8806,36
11596,2469,7853,41
11597,5034,5592,41
11598,2503,5693,37
11599,2255,6164,5
11600,5320,8793,32
11601,5815,5409,31
11602,3901,7383,21
11603,4438,5405,19
11604,1028,9743,18
11605,1901,6484,35
11606,1849,7123,38
11607,1101,5865,7
11608,3106,6585,16
11609,5511,5217,30
11610,4241,5743,28
11611,4318,9514,38
11612,2489,8839,12
11613,2454,8275,16
11614,2802,9752,13
11615,5517,5864,30
11616,5117,8983,42
11617,5732,7856,47
11618,4441,9047,23
11619,5560,8685,25
11620,2516,9392,17
11621,4922,5450,39
11622,4167,7151,7
11623,1024,6116,29
11624,1396,7838,36
11625,2428,8429,25
11626,4205,7194,18
11627,2014,8339,35
11628,5518,7167,12
11629,5227,6527,11
11630,1420,5264,40
11631,4350,6300,39
11632,4966,8419,23
11633,5871,8037,6
11634,2427,7713,9
11635,5271,5787,48
11636,1464,9989,6
11637,1390,8970,22
11638,1136,7410,19
11639,3457,8047,20
11640,3272,5236,16
11641,1601,8335,48
11642,1619,6075,40
11643,2577,9447,26
11644,4770,9513,32
11645,3926,7891,44
11646,1009,5744,47
11647,2204,8944,26
11648,2722,6006,8
11649,1594,5013,16
11650,4761,6851,25
11651,1606,9902,31
11652,2470,8604,27
11653,2696,7261,46
11654,2307,9366,31
11655,2688,5984,45
11656,4984,9870,20
11657,4727,6960,36
11658,2049,7229,40
11659,2736,6763,21
11660,5329,6289,22
11661,4360,6017,31
11662,1685,7154,11
11663,3339,9583,45
11664,1949,9500,42
11665,4431,9486,24
11666,3672,5608,39
11667,1305,9045,37
11668,3398,9219,30
11669,3001,7837,28
11670,3527,9133,28
11671,5226,5710,35
11672,1187,5767,31
11673,2565,9599,13
11674,2910,8599,6
11675,3283,7965,10
11676,1278,5092,35
11677,2483,5100,29
11678,5883,8025,20
11679,2878,5686,49
11680,5461,6751,10
11681,5564,8949,27
11682,2649,8670,9
11683,2925,5394,21
11684,3699,5594,13
11685,4800,7882,30
11686,2298,5886,17
11687,2352,8053,11
11688,3909,5505,44
11689,3232,8751,22
11690,3029,6778,41
11691,2218,9438,49
11692,1272,8498,28
11693,2324,5134,36
11694,3244,7926,11
11695,3953,9308,24
11696,1331,5585,49
11697,4558,6437,38
11698,3668,5357,23
11699,3547,8355,18
11700,4472,6751,36
11701,2828,6701,13
11702,2836,6710,40
11703,3129,8682,30
11704,5957,5537,24
11705,4937,7469,33
11706,3174,5151,20
11707,4710,6756,35
11708,1130,7551,28
11709,2559,5888,34
11710,3262,7996,12
11711,4201,9839,30
11712,4725,7563,19
11713,4534,6609,14
11714,2804,6242,40
11715,4129,5208,43
11716,5694,8833,28
11717,1615,8362,12
11718,4411,7900,5
11719,5519,8588,14
11720,3382,7756,27
11721,2865,7726,42
11722,2953,9035,14
11723,1688,7280,37
11724,4928,5989,35
11725,5243,9977,42
11726,4508,7860,17
11727,3060,9303,39
11728,3909,6650,48
11729,4305,7409,36
11730,3210,7421,26
11731,2618,6125,11
11732,5043,5529,10
11733,2900,6272,45
11734,3035,6420,20
11735,4572,9174,16
11736,4974,6736,13
11737,3953,9137,44
11738,5648,9386,9
11739,1726,6149,7
11740,4504,6524,40
11741,4528,7762,47
11742,2178,5711,14
11743,5086,5961,12
11744,4410,9919,13
11745,3341,8710,17
11746,3484,5005,23
11747,5262,9920,27
11748,4042,5118,47
11749,4524,7792,28
11750,5880,9757,7
11751,2560,6567,37
11752,1401,9763,27
11753,5211,8373,18
11754,5447,8330,23
11755,4332,7709,37
11756,3866,6186,27
11757,5972,8347,31
11758,2250,9513,16
11759,1614,6148,11
11760,5227,9966,40
11761,2955,8067,22
11762,5277,5616,20
11763,1349,8121,18
11764,3519,6027,25
11765,1161,8071,47
11766,1114,5762,31
11767,2486,7631,29
11768,2629,9367,42
11769,5239,7006,19
11770,4684,9823,14
11771,3499,5434,34
11772,2996,9618,48
11773,3110,7917,13
11774,1596,8963,32
11775,1940,7538,22
11776,2300,9906,15
11777,4751,6223,42
11778,2153,9532,6
11779,5460,7265,26
11780,3095,6534,27
11781,4017,9794,24
11782,2398,5792,49
11783,3870,8157,33
11784,5756,6053,30
11785,2161,7085,45
11786,1796,7555,16
11787,5131,8604,33
11788,3918,6682,23
11789,3540,7308,38
11790,5354,8723,31
11791,3435,8327,34
11792,5366,7037,41
11793,3001,8158,35
11794,4119,8726,32
11795,3742,7682,29
11796,1954,6965,10
11797,2726,7460,11
11798,2511,5422,10
11799,2587,5959,39
11800,2742,7047,29
11801,3459,5595,25
11802,3893,7218,21
11803,2975,6349,45
11804,2393,7830,30
11805,4338,5228,45
11806,3833,5005,21
11807,1790,5152,11
11808,1300,7269,29
11809,4851,9253,38
11810,2322,8330,30
11811,5470,8078,10
11812,3110,7326,14
11813,3386,8972,21
11814,4447,6005,18
11815,5570,9977,7
11816,5208,8661,20
11817,1619,8519,9
11818,5891,5995,27
11819,1883,6737,31
11820,2704,6623,9
11821,3796,7628,41
11822,3420,6954,42
11823,5692,9709,22
11824,4829,8493,16
11825,1508,6926,25
11826,3036,5173,11
11827,2418,6193,21
11828,3861,6127,46
11829,4580,5228,13
11830,3386,8644,45
11831,2287,6987,28
11832,1926,8729,15
11833,1229,6235,29
11834,2769,8767,41
11835,3422,9617,11
11836,5913,8716,21
11837,4257,9522,45
11838,5965,7122,23
11839,5543,5343,25
11840,4153,9467,49
11841,5894,7932,13
11842,2234,9318,49
11843,4036,9736,12
11844,3597,6359,49
11845,2310,7422,31
11846,1469,9833,27
11847,3417,8175,14
11848,4796,5738,6
11849,1854,9661,48
11850,2124,6027,11
11851,2621,9640,6
11852,4032,6104,20
11853,5821,7684,10
11854,4975,9945,20
11855,4030,5396,29
11856,2471,7940,49
11857,3462,9485,14
11858,1093,8332,13
11859,2277,6535,36
11860,4722,5045,36
11861,5657,6980,6
11862,2657,6865,25
11863,4111,6808,7
11864,5642,7275,38
11865,4430,9445,33
11866,5874,7161,46
11867,1188,8102,24
11868,5704,7324,27
11869,5771,8434,41
11870,3346,9822,12
11871,2104,8508,48
11872,3227,5804,40
11873,2281,7070,18
11874,5314,9481,27
11875,5094,5491,31
11876,3315,6480,19
11877,2341,7936,39
11878,1591,6704,26
11879,1679,9317,40
11880,1616,8666,19
11881,1850,7013,36
11882,3008,9687,45
11883,5823,9909,22
11884,5171,8231,49
11885,3785,5143,35
11886,1336,6850,45
11887,1804,9021,40
11888,5951,5045,29
11889,1363,5451,49
11890,3022,6260,14
11891,3570,6004,44
11892,4031,9778,18
11893,3076,8352,30
11894,4387,6997,23
11895,1905,8675,34
11896,5459,8489,43
11897,3086,9889,16
11898,3712,8654,35
11899,4705,8033,49
11900,1144,6495,22
11901,4650,6073,6
11902,4269,9113,18
11903,2070,9245,24
11904,3186,6579,43
11905,3538,6236,24
11906,5437,6740,38
11907,1302,6016,38
11908,3166,9813,41
11909,2761,7966,7
11910,5247,6560,39
11911,3655,6569,37
11912,5868,6987,23
11913,2449,6511,35
11914,1632,9576,48
11915,1362,8857,26
11916,5192,6712,31
11917,5388,9140,42
11918,3075,8528,32
11919,5401,9971,25
11920,3771,8869,24
11921,3918,9452,42
11922,1769,9570,17
11923,1986,8670,33
11924,1205,8645,25
11925,1867,7161,46
11926,3626,6502,37
11927,1662,5815,36
11928,1679,9066,32
11929,1300,8326,18
11930,1258,9497,46
11931,3763,6324,26
11932,1240,5005,41
11933,4301,8518,38
11934,4546,6259,21
11935,3266,7035,37
11936,3513,5200,37
11937,5291,6706,42
11938,5452,8942,30
11939,5661,8932,43
11940,5404,7069,11
11941,1409,8759,29
11942,1521,8146,34
11943,3533,7844,45
11944,4885,7197,37
11945,2877,5625,43
11946,3742,7134,32
11947,4533,7579,22
11948,1651,5692,14
11949,3845,7598,6
11950,3159,5814,47
11951,3652,6628,47
11952,3268,9617,18
11953,2029,8593,17
11954,2556,7581,5
11955,5765,8933,36
11956,1513,5296,29
11957,2236,8252,14
11958,1119,6155,19
11959,5481,8981,33
11960,1260,5533,21
11961,2199,5888,46
11962,3150,8273,44
11963,3433,7926,27
11964,1960,7433,11
11965,3949,8598,40
11966,1566,7421,10
11967,5103,8236,6
11968,5964,9619,49
11969,3380,5835,36
11970,4451,6378,48
11971,1445,8481,9
11972,4540,9607,23
11973,3709,5212,6
11974,3336,5927,47
11975,2036,7673,27
11976,4045,9033,44
11977,2287,5345,8
11978,2459,8083,8
11979,3221,9432,15
11980,2631,6702,45
11981,5028,9701,24
11982,4117,8847,18
11983,3955,9017,39
11984,5833,5296,49
11985,5513,7749,18
11986,1264,9484,7
11987,5200,6497,19
11988,1221,8080,25
11989,1334,6568,6
11990,5514,6976,25
11991,2325,9133,14
11992,3683,9279,31
11993,1961,9166,23
11994,2481,5237,16
11995,1436,5464,20
11996,3442,9287,12
11997,1043,5930,41
11998,1966,6887,29
11999,5107,8912,28
12000,1216,9413,44
12001,4236,5718,22
12002,5321,5658,25
12003,3706,6213,12
12004,1773,8822,23
12005,2823,9053,34
12006,5112,7271,31
12007,4156,5758,40
12008,4281,8479,40
12009,1058,6231,30
12010,5947,7974,24
12011,4690,7448,45
12012,5744,8259,18
12013,2844,7013,37
12014,1461,8676,13
12015,4661,5083,27
12016,1969,8763,49
12017,4816,6401,34
12018,3740,5659,46
12019,1290,7873,32
12020,4286,6338,35
12021,2121,8225,30
12022,1733,5694,40
12023,4577,9328,40
12024,4783,6145,15
12025,5672,8257,16
12026,5938,8528,49
12027,3792,6853,6
12028,3039,9484,44
12029,4519,7680,8
12030,4856,5864,36
12031,5059,6250,45
12032,5436,6219,38
12033,4518,9905,9
12034,3157,6050,9
12035,3878,7903,8
12036,2068,9633,45
12037,5438,9807,16
12038,4051,6495,39
12039,4921,7337,41
12040,2128,5368,38
12041,5068,5412,49
12042,1991,8094,32
12043,4487,5354,11
12044,5728,6566,44
12045,2426,6339,15
12046,2458,9878,48
12047,4455,5329,36
12048,2052,6494,36
12049,3588,7830,35
12050,4258,6487,24
12051,3243,8736,10
12052,5868,5738,22
12053,1872,8889,25
12054,1128,9844,7
12055,1106,6795,45
12056,2407,6303,32
12057,4795,7669,32
12058,4421,9239,36
12059,3362,8883,43
12060,4595,9167,28
12061,2001,5638,11
12062,4432,9563,23
12063,5480,7642,5
12064,5113,5041,37
12065,2394,8986,37
12066,2872,7947,15
12067,2090,5771,27
12068,5982,9375,49
12069,5167,8017,32
12070,4133,8711,21
12071,5540,5058,14
12072,4017,9264,12
12073,3531,6654,13
12074,4316,8238,23
12075,4893,5082,12
12076,3565,9230,9
12077,2394,6509,18
12078,4093,5262,49
12079,3746,8707,37
12080,1721,9115,47
12081,5327,7318,48
12082,4598,9673,42
12083,5960,8803,16
12084,4766,7912,7
12085,4150,5669,44
12086,4881,6271,33
12087,5659,6735,26
12088,5865,8815,38
12089,1290,9020,10
12090,5019,9716,39
12091,1395,8858,43
12092,1376,6900,20
12093,5878,7232,35
12094,3140,5441,48
12095,2975,5581,19
12096,3459,8322,5
12097,5502,5376,48
12098,3680,8802,24
12099,4610,6808,27
12100,3201,5729,24
12101,5397,7438,36
12102,1413,9276,29
12103,2379,7424,12
12104,2094,7892,37
12105,5687,7377,49
12106,1711,6969,34
12107,4451,7248,7
12108,4487,7744,28
12109,5893,7857,16
12110,4500,6760,35
12111,4228,6913,11
12112,2612,8673,44
12113,1731,8809,21
12114,1610,6983,14
12115,3341,7678,19
12116,2468,6695,25
12117,2559,9532,25
12118,3520,6738,33
12119,1230,5046,46
12120,5453,6942,45
12121,1541,9340,5
12122,3875,5156,25
12123,1936,8466,9
12124,4093,5962,19
12125,4647,5945,30
12126,3693,6279,15
12127,5623,6386,25
12128,4070,9055,10
12129,5719,8920,8
12130,3899,6737,49
12131,4408,7867,25
12132,5520,7425,21
12133,2899,9249,35
12134,1004,8839,48
12135,5565,7820,27
12136,5760,8224,36
12137,4626,7651,48
12138,3935,5240,40
12139,5634,8255,38
12140,3408,9527,10
12141,3568,5500,42
12142,2097,8870,26
12143,2986,9393,37
12144,4150,7231,15
12145,2358,8629,27
12146,1079,6430,48
12147,2575,5527,40
12148,2606,6809,32
12149,5252,6211,23
12150,5976,8948,47
12151,3987,6049,47
12152,1028,9395,17
12153,2911,9669,17
12154,5706,6155,12
12155,2353,5676,47
12156,4735,8039,17
12157,1419,8279,39
12158,5118,7286,31
12159,1261,7240,15
12160,3108,6052,25
12161,3985,8179,12
12162,5292,8295,46
12163,1905,5429,30
12164,3227,7132,34
12165,4854,5498,26
12166,5421,7285,43
12167,1568,8867,14
12168,1779,5851,30
12169,1926,7660,31
12170,4239,7892,26
12171,4480,6059,17
12172,2616,7145,43
12173,2850,8305,11
12174,2944,7573,47
12175,3371,6782,46
12176,1042,5489,16
12177,4191,5404,17
12178,5670,9870,16
12179,2821,5403,16
12180,1441,8658,42
12181,1104,6802,7
12182,1569,5184,12
12183,1457,9991,35
12184,1311,8640,17
12185,2908,6517,12
12186,2708,9157,41
12187,4456,6709,28
12188,2692,8694,32
12189,5503,6948,8
12190,3893,9242,20
12191,1581,6550,22
12192,3016,9279,8
12193,5056,9411,47
12194,3645,8949,44
12195,2861,9755,37
12196,4685,7792,49
12197,4876,5996,31
12198,4292,7857,40
12199,4232,5652,8
12200,1187,5893,40
12201,3944,7837,17
12202,5028,7003,18
12203,2623,6065,46
12204,3512,7431,41
12205,3378,5169,10
12206,2891,5171,18
12207,5586,8690,47
12208,1280,5739,7
12209,1855,8528,29
12210,1398,8563,38
12211,5524,6318,10
12212,4504,6288,44
12213,5471,7295,5
12214,4872,9244,12
12215,4796,9037,21
12216,1632,9537,17
12217,4037,9458,23
12218,5793,7270,45
12219,1928,5658,39
12220,3028,9204,37
12221,2666,8202,49
12222,1078,5576,49
12223,5584,5300,48
12224,4242,8507,37
12225,2062,6893,46
12226,4362,5224,43
12227,5267,8649,42
12228,5738,7742,42
12229,2700,6859,13
12230,1292,8695,41
12231,1581,7298,5
12232,5518,9337,40
12233,5201,7865,46
12234,1880,8545,42
12235,2483,6700,6
12236,3296,8335,14
12237,4445,7063,27
12238,2130,5665,13
12239,1315,5496,15
12240,1609,6465,40
12241,4926,9646,46
12242,3993,7085,42
12243,3587,8706,39
12244,3120,5436,17
12245,1378,7341,23
12246,1134,9397,39
12247,4246,6698,34
12248,2817,9012,22
12249,5489,6047,16
12250,4136,7398,16
12251,5511,6090,25
12252,2137,6419,16
12253,2752,8022,32
12254,5962,8049,33
12255,1290,5570,43
12256,2507,5029,45
12257,2339,8155,48
12258,3892,8507,8
12259,5974,5641,35
12260,2985,8205,28
12261,1752,9211,46
12262,4590,9776,22
12263,1749,9177,46
12264,1365,6986,30
12265,1267,7655,48
12266,5502,9817,24
12267,4822,9032,12
12268,5235,9168,37
12269,2189,7030,8
12270,4178,5474,42
12271,4221,5171,26
12272,3831,7088,40
12273,5967,8245,35
12274,1703,7472,12
12275,2699,6246,13
12276,1201,5798,22
12277,5714,8747,39
12278,4799,7498,28
12279,3014,9741,21
12280,5953,5322,5
12281,4542,8935,43
12282,3010,8896,46
12283,4506,6069,19
12284,4101,5324,17
12285,5160,8333,27
12286,4738,7668,33
12287,2712,7095,35
12288,5347,5645,41
12289,2730,8845,32
12290,4351,6712,36
12291,5135,7681,11
12292,1069,5841,18
12293,5373,5303,18
12294,4192,8262,36
12295,2110,9868,13
12296,4019,8761,10
12297,3654,7625,19
12298,1341,9960,34
12299,1421,5336,34
12300,3276,6879,20
12301,2919,8292,27
12302,1473,6853,35
12303,3136,9756,16
12304,4422,7001,25
12305,5963,9708,7
12306,4029,10000,7
12307,3088,7130,42
12308,4359,5969,26
12309,1256,6957,25
12310,4870,7526,48
12311,2444,7347,20
12312,1539,5750,22
12313,4388,7744,8
12314,2824,6300,24
12315,1858,5304,49
12316,1132,7916,17
12317,3916,9066,35
12318,5837,8345,6
12319,3587,5036,34
12320,4375,9518,35
12321,3032,8550,32
12322,2926,7386,13
12323,3002,9724,15
12324,5378,6434,39
12325,3328,9559,48
12326,4572,5081,41
12327,4372,6503,21
12328,4982,9516,30
12329,1666,8512,8
12330,2647,7943,37
12331,5567,5795,21
12332,5508,6731,46
12333,5609,5184,12
12334,2164,9654,30
12335,3926,6172,47
12336,5515,7043,24
12337,4999,6288,46
12338,1825,8677,42
12339,1733,9936,47
12340,5487,8561,46
12341,2588,6883,37
12342,4665,5282,44
12343,5757,9711,21
12344,1027,7250,13
12345,3671,9670,24
12346,1884,5417,12
12347,1127,5317,45
12348,2480,8300,10
12349,3329,7964,13
12350,1319,6092,15
12351,3489,7845,9
12352,1341,8886,12
12353,5790,5677,39
12354,5215,6125,29
12355,5874,7291,40
12356,5096,6114,43
12357,5481,6973,48
12358,2606,7949,10
12359,5182,9223,28
12360,3409,9715,25
12361,4054,9930,40
12362,3840,6423,22
12363,2109,8374,5
12364,5455,5756,33
12365,4205,8769,21
12366,4213,9872,9
12367,5543,8837,10
12368,2926,8973,49
12369,2079,9169,12
12370,5401,9475,29
12371,2977,7993,23
12372,3819,5492,43
12373,5630,5684,13
12374,3083,6976,32
12375,4561,5304,35
12376,3730,8998,5
12377,2164,6953,45
12378,2015,8570,14
12379,5737,9005,26
12380,4445,6261,5
12381,1759,6031,17
12382,4095,9352,18
12383,5380,6195,27
12384,1113,8360,43
12385,3421,5234,32
12386,5293,7921,33
12387,5989,6719,44
12388,1822,5493,37
12389,4640,8283,6
12390,3446,7015,47
12391,3200,9325,37
12392,5287,5345,28
12393,2820,5265,16
12394,1277,8576,44
12395,2267,9840,32
12396,1276,6673,39
12397,3912,8648,14
12398,2331,5429,48
12399,2894,8163,38
12400,3344,7911,9
12401,4306,5454,45
12402,3389,5349,22
12403,1593,5422,10
12404,5979,7763,15
12405,2388,9782,5
12406,4996,5582,27
12407,2535,7663,8
12408,5110,9259,11
12409,2064,7352,45
12410,4106,7367,21
12411,4905,6030,15
12412,4306,6325,31
12413,2904,5101,16
12414,4362,5416,38
12415,1855,6384,12
12416,4505,7434,27
12417,3896,6044,30
12418,5051,6747,38
12419,4813,9492,36
12420,2916,9444,10
12421,3999,6289,5
12422,2342,9861,8
12423,3688,9140,29
12424,2862,9171,12
12425,3456,9149,44
12426,4793,8955,24
12427,3864,5038,18
12428,4152,5766,37
12429,4879,8878,7
12430,4063,7465,19
12431,2309,9807,31
12432,2702,9844,23
12433,5414,7892,5
12434,5506,5116,39
12435,4214,5279,37
12436,3019,5454,21
12437,1247,8214,17
12438,3225,9704,16
12439,3859,9465,43
12440,2368,9466,30
12441,5360,5301,31
12442,5264,5717,28
12443,1703,6376,21
12444,2924,5195,15
12445,2551,6329,26
12446,2334,9354,12
12447,2799,6980,46
12448,4456,6558,36
12449,4366,8125,33
12450,1664,9883,46
12451,3628,5529,36
12452,3085,5498,44
12453,3936,6811,9
12454,5643,7846,17
12455,5742,7126,29
12456,5974,5320,46
12457,5769,8364,14
12458,5468,7570,30
12459,5832,8387,30
12460,3150,9710,25
12461,4427,9726,27
12462,1480,7717,48
12463,3958,8339,16
12464,4731,5245,43
12465,2351,7720,47
12466,5013,5870,29
12467,1700,6460,16
12468,3648,9110,40
12469,2722,5671,36
12470,4160,9737,22
12471,1334,5686,46
12472,1664,6975,24
12473,1779,6012,6
12474,2224,6385,37
12475,4455,9139,21
12476,4500,5911,40
12477,3498,6318,34
12478,1941,8127,13
12479,3634,5567,35
12480,2017,8918,43
12481,5601,6466,25
12482,5534,9203,26
12483,4722,6208,21
12484,1006,8571,7
12485,3267,7466,36
12486,4988,9145,37
12487,4793,9349,14
12488,1513,8927,9
12489,5965,8141,8
12490,4261,8514,42
12491,1975,9011,36
12492,3817,7878,42
12493,1977,6401,45
12494,3734,6569,24
12495,1621,5741,13
12496,5651,5700,19
12497,5646,5703,12
12498,4842,9389,38
12499,1594,5956,34
12500,2420,5874,14
12501,2943,7409,18
12502,1623,9598,38
12503,4849,8379,26
12504,5530,6821,17
12505,4920,9745,33
12506,1318,9182,33
12507,3583,9392,11
12508,2525,8243,48
12509,1893,6380,10
12510,1628,5279,39
12511,5254,9348,41
12512,4022,6032,8
12513,2455,9682,18
12514,3772,6344,10
12515,1553,5605,21
12516,4591,7656,28
12517,5958,5592,17
12518,3506,8955,16
12519,3086,5012,33
12520,1676,5122,28
12521,2594,9521,38
12522,5398,7277,18
12523,3683,7645,31
12524,4779,9074,9
12525,4265,5878,44
12526,2938,5786,13
12527,5994,7077,20
12528,1616,5101,17
12529,5228,5376,19
12530,2632,5646,40
12531,1945,8383,29
12532,5981,8512,20
12533,4477,7741,48
12534,1471,8529,48
12535,2956,9817,35
12536,3397,7024,41
12537,4907,9567,37
12538,3091,6953,24
12539,3824,6046,30
12540,3530,7098,39
12541,5174,8823,44
12542,2060,9822,11
12543,1647,8867,49
12544,2354,8632,46
12545,3700,7015,35
12546,1764,7350,21
12547,5072,8399,47
12548,3327,5384,12
12549,1459,7586,27
12550,1692,5703,48
12551,3573,7097,22
12552,3540,5319,46
12553,5170,5021,16
12554,1819,8505,34
12555,5251,5592,40
12556,1519,9105,19
12557,5471,7197,22
12558,4992,6461,29
12559,1343,7547,17
12560,5644,6912,28
12561,3794,8127,21
12562,4175,9393,5
12563,5532,7566,41
12564,1444,6271,31
12565,5575,5282,24
12566,4705,7817,22
12567,2901,9353,13
12568,2518,6830,14
12569,5133,5553,29
12570,2557,8740,5
12571,1098,7965,40
12572,3862,8468,22
12573,2045,7925,19
12574,1468,7808,37
12575,1354,7920,26
12576,1072,8005,28
12577,2376,6571,5
12578,2076,7297,15
12579,2246,7337,47
12580,2024,7457,30
12581,2821,9405,30
12582,1990,5061,10
12583,5556,8576,37
12584,3549,7829,18
12585,5813,7575,28
12586,5463,8383,42
12587,4722,8765,45
12588,4108,7248,21
12589,5703,8425,18
12590,3576,6099,23
12591,4047,7804,12
12592,1749,8108,27
12593,2700,5198,48
12594,1602,7092,6
12595,5716,7689,7
12596,1255,6569,17
12597,3978,5871,9
12598,3725,5510,22
12599,1836,7464,5
12600,2851,9034,41
12601,5765,7457,25
12602,4103,9392,48
12603,4650,6889,23
12604,3534,7251,42
12605,3307,9672,38
12606,5349,5985,6
12607,1494,5796,24
12608,4306,5848,35
12609,2131,6392,17
12610,5432,7994,18
12611,4785,9458,42
12612,3101,9572,16
12613,5016,9400,17
12614,5041,7233,28
12615,2777,7313,44
12616,2868,6438,35
12617,3735,5402,18
12618,4332,7221,34
12619,4441,5878,31
12620,1210,8155,40
12621,4114,5907,10
12622,3730,9442,10
12623,5990,6096,19
12624,5070,8523,28
12625,5433,6807,17
12626,5771,6677,11
12627,5201,5208,49
12628,4762,6366,25
12629,5799,6410,42
12630,2148,7926,42
12631,4782,9258,18
12632,2291,7064,7
12633,4115,7791,47
12634,4879,5246,49
12635,3701,7603,39
12636,1674,8482,16
12637,3976,6478,25
12638,3372,7498,24
12639,1757,6481,31
12640,5297,6788,9
12641,5338,6813,49
12642,3902,9212,15
12643,2488,7924,46
12644,1968,7562,48
12645,4013,7947,10
12646,3353,9109,9
12647,5410,7325,26
12648,3844,5916,5
12649,1883,5893,24
12650,1498,9313,28
12651,4429,7797,24
12652,2906,9390,33
12653,2541,7816,46
12654,2999,9594,28
12655,2333,5977,12
12656,4367,5750,38
12657,2573,8556,26
12658,4665,8169,43
12659,4455,9800,37
12660,4817,8016,34
12661,2361,8627,10
12662,1564,5269,17
12663,1734,8029,48
12664,1753,6012,23
12665,3357,7136,30
12666,5244,6249,21
12667,3975,8208,41
12668,4987,5763,31
12669,3716,7972,28
12670,2786,5723,18
12671,5788,6406,7
12672,3634,5439,9
12673,3093,5315,18
12674,2806,7113,12
12675,4364,9997,47
12676,5360,5592,29
12677,4056,9741,19
12678,2249,9291,49
12679,1216,8671,41
12680,4946,6910,49
12681,5327,9097,7
12682,2726,9464,49
12683,3702,7424,15
12684,2201,8263,13
12685,4635,9386,8
12686,2541,9896,19
12687,5803,8271,31
12688,1513,9331,35
12689,4712,6254,20
12690,4937,8298,36
12691,3353,6454,38
12692,4833,5196,10
12693,5447,5790,48
12694,1803,7205,9
12695,5547,8068,28
12696,1902,8554,23
12697,5159,9450,34
12698,2789,5813,16
12699,5601,9931,9
12700,3313,7581,32
12701,2700,6532,43
12702,4151,5405,38
12703,2209,7748,16
12704,3994,7845,27
12705,3543,7337,9
12706,2595,5090,44
12707,4442,6406,41
12708,2839,8574,20
12709,5860,6618,13
12710,4673,8595,37
12711,3903,6526,41
12712,3340,6696,37
12713,5522,8691,5
12714,3343,9042,41
12715,5929,8163,13
12716,1500,5753,22
12717,4628,5716,42
12718,1845,7442,25
12719,4664,8430,48
12720,2061,5475,18
12721,3682,7822,43
12722,2421,6652,43
12723,1750,7118,10
12724,2948,9799,7
12725,2046,8761,22
12726,4412,7088,41
12727,5591,7902,24
12728,4475,8101,33
12729,2227,8593,40
12730,3974,9373,20
12731,2370,8656,8
12732,2039,5183,49
12733,2788,6623,18
12734,2653,5084,21
12735,5716,5086,39
12736,5723,6743,39
12737,5368,6311,49
12738,1420,5941,36
12739,3898,6037,14
12740,5585,6401,33
12741,4303,8481,16
12742,1796,9821,13
12743,3810,8012,30
12744,1467,9714,25
12745,5536,8904,5
12746,2355,5725,40
12747,1273,5188,23
12748,3750,9831,10
12749,4490,7773,22
12750,4869,9613,41
12751,4652,7581,12
12752,1956,8701,15
12753,4410,7940,9
12754,2920,6139,25
12755,3933,5204,44
12756,1188,8381,47
12757,1208,6346,25
12758,1074,5361,24
12759,5769,6144,46
12760,3620,5214,13
12761,2050,6849,6
12762,5970,8383,8
12763,2882,5642,30
12764,1515,5606,16
12765,4329,5366,23
12766,1280,6229,23
12767,3987,5899,23
12768,5856,9283,33
12769,1556,7772,43
12770,4380,8065,49
12771,1291,7751,38
12772,5881,5090,12
12773,3874,5989,10
12774,4019,7441,36
12775,2623,8212,32
12776,5838,5293,15
12777,4552,6490,32
12778,5179,9727,36
12779,4276,8170,45
12780,3012,9266,12
12781,3690,6450,24
12782,1083,9986,28
12783,4996,6091,31
12784,1648,8630,15
12785,5247,7616,27
12786,4693,5151,26
12787,2758,5984,9
12788,5956,6820,38
12789,4340,5977,35
12790,4658,5189,41
12791,5211,7779,30
12792,4153,8757,27
12793,1726,7572,47
12794,2108,6187,42
12795,5983,8902,42
12796,3826,8440,36
12797,5906,7565,9
12798,3202,9811,29
12799,2841,6348,37
12800,5349,8408,11
12801,3496,7626,20
12802,4945,8753,33
12803,1825,5667,19
12804,5603,9684,24
12805,2735,5773,26
12806,1351,8205,14
12807,5914,9950,12
12808,3174,6165,36
12809,4286,9954,32
12810,1835,9595,13
12811,2988,5649,35
12812,4822,7224,27
12813,4672,9896,23
12814,5992,9947,36
12815,4003,6060,14
12816,3510,5988,24
12817,3673,7191,39
12818,4443,9745,35
12819,5159,9624,15
12820,5847,6786,47
12821,5122,6528,44
12822,5097,9680,14
12823,2938,9320,13
12824,1298,6902,46
12825,3302,7404,14
12826,4939,7986,41
12827,2595,6851,41
12828,4366,6008,11
12829,4216,5546,24
12830,5305,5525,24
12831,4298,9011,12
12832,2482,6738,21
12833,5380,6081,42
12834,4675,7022,29
12835,4183,6339,17
12836,5446,7159,49
12837,4152,8188,17
12838,4788,6331,6
12839,2774,5771,41
12840,2352,6742,46
12841,2318,9406,46
12842,5280,9190,15
12843,3031,9113,24
12844,1212,6359,13
12845,2275,8134,49
12846,5263,7797,49
12847,4615,6597,33
12848,4735,6981,38
12849,2186,5556,9
12850,1875,8965,35
12851,5503,8572,30
12852,4464,8060,41
12853,3486,9355,48
12854,5501,7761,24
12855,5371,5835,12
12856,4399,6648,10
12857,5888,8060,22
12858,1136,5867,12
12859,1333,5904,29
12860,2027,7458,6
12861,4234,9984,32
12862,2536,5143,46
12863,3125,8724,29
12864,3233,7787,24
12865,4958,8391,10
12866,3618,7696,41
12867,1953,7760,20
12868,4370,8350,39
12869,4354,8890,40
12870,2987,8734,5
12871,5568,6722,18
12872,4464,8154,18
12873,1165,9115,28
12874,2992,9741,23
12875,3706,7832,42
12876,2740,6705,48
12877,5260,5458,22
12878,1104,6277,13
12879,5692,9775,17
12880,5216,8316,49
12881,2128,6609,23
12882,1364,8895,14
12883,2570,6097,42
12884,1369,5627,7
12885,4950,6291,45
12886,4758,9718,21
12887,4398,9824,27
12888,5231,8412,31
12889,3093,7145,13
12890,2516,5900,9
12891,1595,5698,23
12892,2446,7931,33
12893,4623,9056,19
12894,1766,9192,46
12895,4217,8618,40
12896,2341,8441,16
12897,2587,8417,18
12898,4651,8051,19
12899,5632,7490,35
12900,1634,5793,9
12901,5757,7076,48
12902,1459,8544,7
12903,3473,5923,34
12904,2681,6482,16
12905,5851,5742,19
12906,2894,10000,42
12907,3116,7034,32
12908,1509,6446,27
12909,1736,5375,19
12910,3752,7910,15
12911,3172,5624,34
12912,3844,6049,16
12913,1292,5606,23
12914,5517,7114,36
12915,2919,7577,5
12916,1812,5278,20
12917,3098,7058,15
12918,3010,6165,35
12919,5279,8882,37
12920,5343,9124,40
12921,1650,8172,34
12922,3598,7768,42
12923,1561,9945,8
12924,1770,5261,29
12925,5652,9134,38
12926,1504,8566,21
12927,1628,8819,37
12928,4385,9563,34
12929,4863,7795,17
12930,4360,6204,16
12931,5257,7013,36
12932,3175,6811,27
12933,4528,8609,33
12934,3538,5304,38
12935,3287,6097,23
12936,3224,9029,16
12937,3258,8619,8
12938,4581,6167,29
12939,2996,9310,30
12940,1634,7353,22
12941,1501,5345,34
12942,2564,5744,38
12943,5076,6622,37
12944,2175,7542,35
12945,2599,6923,35
12946,3159,6149,17
12947,4714,7889,28
12948,2985,8951,9
12949,1520,5657,5
12950,2918,9713,38
12951,2329,5776,13
12952,1933,6670,12
12953,2542,7008,47
12954,1408,9598,40
12955,2532,6660,33
12956,1624,5607,39
12957,3767,8704,9
12958,5648,5430,14
12959,3828,8373,42
12960,5416,6005,14
12961,1667,6613,15
12962,1628,9190,12
12963,4109,7363,8
12964,4277,7201,22
12965,2785,7188,24
12966,2134,6621,7
12967,2510,9312,48
12968,4390,7842,19
12969,2859,9466,12
12970,2616,5972,10
12971,4854,7289,40
12972,5706,6559,24
12973,5575,7369,36
12974,5684,7093,10
12975,4866,9710,20
12976,5689,5284,6
12977,3412,7035,22
12978,1309,8656,49
12979,5363,8625,30
12980,2833,6815,24
12981,5782,5672,20
12982,3308,7135,25
12983,3001,6483,49
12984,1667,7347,18
12985,2685,5014,22
12986,4077,5756,12
12987,1446,5169,9
12988,5384,7280,28
12989,2082,6135,45
12990,4144,7662,33
12991,5890,9825,13
12992,4752,5240,46
12993,5871,7288,22
12994,5373,9366,22
12995,2546,7588,32
12996,4646,6310,41
12997,5832,5443,14
12998,4208,5725,24
12999,3784,5908,42
13000,1114,6527,45
13001,1772,7418,27
13002,2013,6144,47
13003,4684,5075,24
13004,4251,7471,27
13005,2253,5070,9
13006,4103,9841,31
13007,5204,9066,13
13008,5378,5132,47
13009,3669,6122,45
13010,3577,9198,40
13011,5091,6191,44
13012,2428,6129,41
13013,4242,5598,7
13014,1878,6573,40
13015,2199,5672,49
13016,1454,9731,39
13017,5605,8716,40
13018,2264,8338,33
13019,3144,8867,37
13020,4586,7900,30
13021,5187,7309,12
13022,5329,7464,13
13023,5755,8991,26
13024,4059,8533,9
13025,3857,7749,48
13026,1912,7591,45
13027,3772,8031,40
13028,2468,8382,36
13029,1441,6712,34
13030,1996,9145,48
13031,3112,9540,49
13032,5101,5172,47
13033,4730,8038,21
13034,4469,8402,34
13035,5713,9102,13
13036,4840,6228,8
13037,5461,7417,16
13038,3839,5722,39
13039,5721,8620,24
13040,5603,5931,21
13041,1523,7329,26
13042,1706,6079,11
13043,2760,8385,43
13044,1250,7966,48
13045,5997,8550,46
13046,5345,7476,12
13047,2375,6536,13
13048,2827,5413,10
13049,3131,5839,23
13050,4479,8688,26
13051,2104,6027,24
13052,4994,8669,24
13053,1259,9781,31
13054,5218,7836,31
13055,2148,5060,11
13056,1905,5590,28
13057,3140,7578,12
13058,4179,8169,7
13059,5148,7035,15
13060,5390,9069,40
13061,3348,5777,6
13062,2592,5148,5
13063,3242,5047,11
13064,4629,6268,28
13065,1855,6502,16
13066,1751,6619,12
13067,5050,6665,17
13068,3368,9041,10
13069,1239,8004,43
13070,3696,7023,28
13071,5637,5210,28
13072,2317,9283,42
13073,3305,6188,48
13074,1108,8054,11
13075,2605,5035,14
13076,2909,7044,34
13077,3231,6277,43
13078,4778,9571,28
13079,1367,9855,31
13080,5927,9566,34
13081,3910,7955,19
13082,4595,5264,6
13083,3922,6129,12
13084,5269,8292,21
13085,2741,9863,17
13086,3819,5407,22
13087,2354,7694,25
13088,1452,6230,40
13089,5567,7112,16
13090,5417,8017,47
13091,5537,5872,6
13092,3447,9134,24
13093,3236,9856,27
13094,4510,9761,25
13095,1885,9318,35
13096,4520,9866,20
13097,1743,5473,17
13098,3040,8578,8
13099,3563,9675,6
13100,2261,8833,5
13101,5277,9331,30
13102,5506,7142,34
13103,3335,7909,42
13104,1386,7887,24
13105,1603,9745,29
13106,1443,9112,23
13107,4308,6399,31
13108,3633,5364,14
13109,4968,5744,45
13110,4302,8470,21
13111,3302,7458,6
13112,5451,8685,21
13113,4567,7234,11
13114,3477,9042,20
13115,5571,5470,31
13116,5011,5312,5
13117,3390,7848,26
13118,2831,8150,26
13119,5074,9631,31
13120,4415,7170,20
13121,5830,9324,40
13122,3267,5989,20
13123,1596,6432,28
13124,1191,9111,39
13125,4463,5214,37
13126,1644,9699,21
13127,5190,9148,9
13128,2119,9153,39
13129,4768,6313,23
13130,2668,8221,47
13131,2106,7456,38
13132,5436,9628,36
13133,3856,8441,29
13134,3160,7405,26
13135,5399,5700,43
13136,5147,6567,31
13137,1806,9770,37
13138,1701,6310,12
13139,4792,9613,34
13140,5757,5681,30
13141,2801,6709,19
13142,2908,9823,40
13143,2137,8901,49
13144,5132,7165,16
13145,1623,9365,45
13146,3897,6788,49
13147,5969,5718,47
13148,2416,5721,16
13149,3063,8235,8
13150,3688,8858,7
13151,5263,7188,41
13152,2689,8959,42
13153,5159,8753,36
13154,1203,9240,30
13155,2539,7270,8
13156,2125,5781,5
13157,1895,9988,9
13158,2556,5630,6
13159,3451,9531,15
13160,1787,8922,13
13161,1976,8078,12
13162,5930,8313,43
13163,5289,8127,19
13164,3947,7431,13
13165,3200,8542,46
13166,4878,8143,34
13167,5482,6630,33
13168,4280,6474,29
13169,4037,5480,26
13170,5076,7070,38
13171,5268,5561,26
13172,1337,7696,34
13173,4668,7660,14
13174,3940,7760,9
13175,1605,7004,9
13176,3537,9217,6
13177,1666,7787,34
13178,3918,8993,26
13179,2233,6462,17
13180,4788,9847,43
13181,1352,9885,29
13182,2762,5895,31
13183,3896,6007,31
13184,4767,9283,25
13185,5571,5518,35
13186,3525,6001,19
13187,2150,8748,42
13188,5539,5640,43
13189,5351,5730,40
13190,1070,9749,40
13191,1578,5433,5
13192,5591,8938,15
13193,5085,7811,9
13194,5877,7938,38
13195,3451,9197,41
13196,5947,6122,9
13197,1129,9944,24
13198,2507,7327,49
13199,5089,6879,48
13200,2649,8417,46
13201,4168,7943,17
13202,3549,6615,13
13203,2480,9526,9
13204,2803,6063,42
13205,1008,7473,36
13206,1220,9525,34
13207,1725,9551,32
13208,5198,5519,41
13209,3050,8425,32
13210,4786,5210,47
13211,4913,9687,10
13212,3743,9990,45
13213,1771,5867,48
13214,5930,8941,33
13215,1740,5176,8
13216,5296,9857,22
13217,5122,8530,19
13218,3018,5217,29
13219,5198,7911,8
13220,1197,5604,18
13221,1510,6743,21
13222,2996,8304,38
13223,2015,5820,23
13224,4102,6062,33
13225,1923,7472,26
13226,3347,8471,18
13227,4205,8013,40
13228,2792,7956,6
13229,2556,7627,49
13230,1021,5185,11
13231,2923,8449,32
13232,2065,5602,12
13233,2984,6310,33
13234,2900,6372,14
13235,4544,7767,25
13236,1967,9626,39
13237,3507,6013,8
13238,1514,6855,25
13239,4575,5007,42
13240,4116,5188,29
13241,1041,9046,24
13242,1263,6624,11
13243,2033,6140,11
13244,4125,5063,36
13245,2820,5441,36
13246,1128,6368,26
13247,3579,5587,29
13248,5621,5379,10
13249,5853,6256,31
13250,4014,7488,22
13251,4212,7442,16
13252,1894,8947,32
13253,3807,5737,23
13254,3280,8348,47
13255,5184,5874,21
13256,3814,9800,39
13257,2788,8239,19
13258,5733,5099,9
13259,3249,7460,40
13260,4034,8300,37
13261,3409,5414,25
13262,3180,5314,39
13263,1177,7374,46
13264,4124,6786,31
13265,1022,6433,49
13266,1653,9519,34
13267,4391,9326,43
13268,1783,6595,34
13269,1168,9773,49
13270,2062,8584,25
13271,1873,9812,30
13272,2782,5338,28
13273,2397,9342,26
13274,1632,5558,41
13275,2602,9300,47
13276,3882,6217,30
13277,2451,8911,26
13278,2864,8431,37
13279,1722,9770,28
13280,5536,5736,9
13281,4337,8326,28
13282,1243,7332,39
13283,3649,7266,26
13284,5639,9669,37
13285,5373,8624,21
13286,5646,5182,16
13287,1403,5208,34
13288,2454,7471,30
13289,1997,6194,17
13290,5172,9235,10
13291,4151,9350,7
13292,5414,6190,15
13293,4502,9665,47
13294,2187,6659,14
13295,2382,5426,15
13296,5425,8578,20
13297,2855,6430,24
13298,2905,9858,46
13299,4667,5569,48
13300,2949,7627,23
13301,5034,5231,13
13302,5572,5995,40
13303,4528,6657,19
13304,2753,9040,27
13305,2738,5790,25
13306,2814,7626,43
13307,2955,6037,9
13308,5010,9439,26
13309,1538,6613,35
13310,3391,5339,19
13311,2790,5586,32
13312,2191,5422,42
13313,4937,6314,19
13314,2496,6314,23
13315,3188,8843,39
13316,5524,6178,22
13317,4371,6739,14
13318,2260,6667,19
13319,5076,9224,28
13320,4031,9529,24
13321,5696,5515,41
13322,1097,8330,15
13323,5574,9598,13
13324,5587,5989,9
13325,2320,9513,15
13326,5502,9196,43
13327,1715,6418,31
13328,3495,9975,6
13329,3747,7726,24
13330,5044,7197,25
13331,1585,7015,34
13332,1954,5451,5
13333,3898,5534,39
13334,3031,7916,30
13335,1594,9819,36
13336,2832,9960,13
13337,1356,6544,44
13338,2677,5819,25
13339,4119,6690,20
13340,1112,7294,16
13341,4735,6473,40
13342,5471,7202,41
13343,1845,5246,31
13344,3174,5815,11
13345,4079,8115,34
13346,3610,5393,28
13347,2384,9259,34
13348,4971,9562,24
13349,1362,9608,44
13350,1679,6171,49
13351,3812,9944,32
13352,3823,8228,8
13353,2732,7563,16
13354,2288,7194,7
13355,5896,8584,41
13356,1275,8341,8
13357,1906,7344,19
13358,2883,7362,32
13359,1492,7617,41
13360,5755,7525,13
13361,1541,6143,18
13362,3887,7582,36
13363,5416,8635,7
13364,1456,9570,22
13365,1651,9824,18
13366,2313,5588,29
13367,2305,6190,43
13368,5513,9576,30
13369,4610,5061,10
13370,1804,6841,30
13371,1798,6303,45
13372,4385,9684,5
13373,5705,9305,25
13374,3013,5037,18
13375,3841,6158,12
13376,4063,9831,29
13377,2081,7960,22
13378,2314,6421,19
13379,3646,8324,46
13380,4635,5507,24
13381,3054,6615,20
13382,4515,6268,11
13383,1310,9926,33
13384,1785,5973,35
13385,2615,5450,33
13386,1823,9216,21
13387,2328,8381,9
13388,1058,9730,22
13389,2249,5212,18
13390,2450,7332,35
13391,1518,8602,22
13392,3078,6065,29
13393,1151,6447,15
13394,5644,8017,30
13395,3158,6533,9
13396,4674,7954,20
13397,3514,6834,12
13398,3285,7408,17
13399,2395,8306,36
13400,2706,9742,31
13401,2173,6357,30
13402,3422,7254,13
13403,1600,8998,11
13404,4505,7137,12
13405,3300,5936,6
13406,5016,6123,22
13407,2497,6510,40
13408,4118,5711,28
13409,5703,5994,38
13410,1435,5055,46
13411,3659,6641,42
13412,4700,7362,15
13413,3324,8176,14
13414,3896,6757,33
13415,2532,5776,44
13416,4167,5356,10
13417,5763,8451,14
13418,1782,7743,34
13419,2426,5564,32
13420,5929,7395,33
13421,3552,7893,29
13422,4487,6527,40
13423,3324,9121,31
13424,5422,9188,38
13425,1557,7377,38
13426,1513,6562,36
13427,4219,8020,48
13428,5152,9698,8
13429,5116,9438,38
13430,4542,7945,20
13431,3900,8992,15
13432,5097,5542,19
13433,3961,7574,42
13434,5944,6154,34
13435,2253,8590,31
13436,1725,6747,20
13437,2307,6173,5
13438,1760,6300,29
13439,1227,8733,32
13440,5798,8268,47
13441,1308,9505,18
13442,4379,9979,38
13443,4010,5071,8
13444,2518,6223,18
13445,2532,9641,20
13446,2845,9915,19
13447,3669,5602,38
13448,5749,6489,17
13449,1797,8162,21
13450,5576,9981,32
13451,2780,7895,14
13452,5993,6812,21
13453,1586,6773,12
13454,2379,5001,6
13455,5358,9645,5
13456,5791,7182,9
13457,4811,8324,39
13458,5032,9965,26
13459,3725,7778,47
13460,2848,9617,20
13461,3238,5909,13
13462,2042,6923,40
13463,5840,6987,13
13464,4486,9043,18
13465,1243,6838,14
13466,3101,8642,26
13467,2250,5501,20
13468,2738,6823,45
13469,4670,6332,7
13470,2919,9347,32
13471,5415,7953,34
13472,3755,6627,33
13473,2393,6228,5
13474,1248,7056,32
13475,5273,7156,26
13476,2686,6878,36
13477,2932,9062,15
13478,5017,7865,30
13479,5109,7571,35
13480,4433,6397,24
13481,5385,9482,24
13482,5527,9279,37
13483,4985,7970,9
13484,4823,8590,45
13485,3082,6892,7
13486,2348,6274,48
13487,5737,7246,38
13488,1133,8711,35
13489,4624,5037,46
13490,2855,7941,11
13491,3945,5421,34
13492,1401,8080,22
13493,1606,9216,20
13494,5707,9840,17
13495,1132,8809,37
13496,5489,7420,11
13497,5909,7281,34
13498,5677,7335,15
13499,5507,5738,10
13500,5441,6419,25
13501,1804,9548,36
13502,4268,7042,9
13503,5290,6786,46
13504,4634,6063,33
13505,3677,8569,39
13506,2216,5372,16
13507,3478,7597,41
13508,3265,6003,48
13509,1970,7524,26
13510,1601,9501,15
13511,5456,6419,27
13512,2333,9677,49
13513,3717,8202,14
13514,5517,5627,46
13515,1782,6822,28
13516,4809,9437,20
13517,2435,9308,16
13518,5339,7962,36
13519,2017,6647,28
13520,3220,7000,8
13521,3703,7636,46
13522,4907,7344,37
13523,3817,8160,22
13524,4992,6010,21
13525,1460,8219,25
13526,4641,9151,5
13527,1532,7813,48
13528,2978,8741,29
13529,4278,9977,35
13530,4765,9039,47
13531,1291,8835,24
13532,4576,6800,30
13533,5755,7885,23
13534,5650,6323,34
13535,3476,7610,29
13536,1513,5725,40
13537,2640,7412,22
13538,1255,6316,8
13539,5817,6413,31
13540,3638,9849,37
13541,2966,8543,10
13542,1051,6555,11
13543,1800,5426,5
13544,1100,8950,42
13545,2748,9495,39
13546,3512,5304,27
13547,1237,5104,20
13548,1472,5364,38
13549,3205,9663,38
13550,1139,7848,35
13551,3863,7724,47
13552,2384,8949,35
13553,4096,6109,15
13554,5502,7416,12
13555,2713,6898,28
13556,1951,9821,27
13557,4797,5715,36
13558,3374,7873,19
13559,2358,6203,32
13560,5425,5092,24
13561,2700,6524,18
13562,3137,9720,30
13563,5111,8980,41
13564,4373,5169,6
13565,1634,6320,38
13566,2884,7241,38
13567,3317,5870,38
13568,2129,7767,13
13569,3387,8358,48
13570,1392,8288,7
13571,1169,5975,34
13572,4089,9457,23
13573,3053,9139,35
13574,4966,7229,20
13575,4209,7559,47
13576,5715,7510,28
13577,2186,7334,19
13578,5865,6321,26
13579,3728,6580,36
13580,4510,6909,15
13581,5478,6785,33
13582,5578,6916,46
13583,4427,7981,28
13584,5721,5257,23
13585,2714,6241,9
13586,3513,7570,45
13587,4262,5750,42
13588,5590,8323,5
13589,3679,8287,34
13590,1282,9753,16
13591,5927,5734,8
13592,1430,7387,19
13593,3629,9324,21
13594,5954,6260,16
13595,5349,7414,5
13596,5659,7906,17
13597,4213,7497,34
13598,5633,7555,14
13599,3946,8705,40
13600,3318,7110,10
13601,4985,8403,13
13602,4433,9283,6
13603,3664,6529,10
13604,1936,5851,15
13605,3343,7302,30
13606,2689,9675,32
13607,1883,9410,17
13608,3520,8624,42
13609,1817,8296,16
13610,4233,9527,23
13611,4867,6380,22
13612,3847,8499,23
13613,5976,6416,32
13614,1678,7270,16
13615,3255,7808,36
13616,3984,6800,17
13617,3490,8609,27
13618,3315,7814,40
13619,3447,7003,34
13620,2889,7120,26
13621,2721,5456,42
13622,2904,8147,49
13623,1224,9706,46
13624,5761,7885,7
13625,1935,5939,13
13626,2313,6685,19
13627,2309,7566,34
13628,1226,8410,30
13629,1200,7086,34
13630,5600,7367,9
13631,5107,5140,35
13632,3885,5427,26
13633,3325,7903,45
13634,4994,7018,19
13635,4934,6219,49
13636,2598,9311,39
13637,1005,6913,23
13638,1280,9637,38
13639,4020,8682,22
13640,3365,7437,18
13641,1127,6453,26
13642,5400,6718,28
13643,3797,7200,17
13644,5827,8175,12
13645,4250,6429,46
13646,4902,6312,6
13647,5586,5747,46
13648,5533,7790,31
13649,4702,8107,38
13650,1483,7915,33
13651,4040,5754,30
13652,5411,5484,27
13653,2508,8593,40
13654,4169,5388,13
13655,1939,6789,25
13656,1017,5545,46
13657,5543,7907,40
13658,5375,7966,7
13659,4943,7747,11
13660,5548,9677,27
13661,3714,6162,36
13662,5702,9227,27
13663,4886,8323,20
13664,4618,6659,9
13665,2034,9462,17
13666,2812,5421,14
13667,3008,9520,6
13668,5197,6809,20
13669,1470,8988,5
13670,2325,9066,10
13671,4278,7210,23
13672,2625,9191,37
13673,2236,6186,32
13674,1119,9931,9
13675,2884,6820,16
13676,3005,9559,34
13677,1788,5931,21
13678,3476,9777,23
13679,3768,8387,44
13680,2428,6354,46
13681,1243,5657,29
13682,5039,6206,39
13683,5723,7868,13
13684,4914,5456,36
13685,1016,9371,43
13686,5612,7085,42
13687,3783,7491,19
13688,2824,5875,49
13689,5924,8108,41
13690,1011,9164,30
13691,1279,6434,35
13692,3943,9456,34
13693,5429,8193,6
13694,3792,8739,11
13695,3086,9030,34
13696,2107,5575,37
13697,1032,6096,43
13698,4126,7896,42
13699,1737,6989,24
13700,2849,5290,23
13701,4033,7468,13
13702,4609,6589,26
13703,5141,6479,36
13704,3678,5805,34
13705,1294,5612,10
13706,4197,5472,21
13707,2572,6970,41
13708,4049,9465,19
13709,3940,5410,11
13710,5263,6626,18
13711,1269,8960,24
13712,2148,8575,34
13713,4343,5161,22
13714,1880,7726,26
13715,1059,8867,29
13716,3498,9109,28
13717,4892,8479,35
13718,1217,6987,22
13719,5340,6879,38
13720,5613,8427,22
13721,3312,8318,18
13722,5957,9535,8
13723,1734,5421,11
13724,3503,8894,11
13725,5640,5500,5
13726,3422,5246,44
13727,4378,9442,28
13728,1374,5480,36
13729,1112,6334,14
13730,3541,7568,13
13731,1294,9266,43
13732,3470,9215,7
13733,3199,5758,48
13734,4269,7111,39
13735,1168,5109,9
13736,4154,5746,11
13737,1070,6517,16
13738,2426,6624,27
13739,3573,9513,29
13740,2655,6349,21
13741,3260,8312,18
13742,1102,5710,39
13743,2732,8588,5
13744,2362,9714,26
13745,1333,9348,32
13746,3253,5738,27
13747,5325,7552,22
13748,4261,7202,49
13749,2123,9694,48
13750,2958,6442,41
13751,2960,5684,7
13752,1460,6921,18
13753,2218,7208,43
13754,5986,8352,11
13755,1931,7220,21
13756,1311,8985,10
13757,3890,8416,23
13758,2759,5271,19
13759,5342,6890,43
13760,1472,9725,9
13761,5418,6280,19
13762,5237,8995,49
13763,4181,8465,30
13764,3361,7831,43
13765,2145,6568,49
13766,1099,7038,17
13767,4650,5794,35
13768,1494,6031,17
13769,3158,5860,27
13770,5580,9535,44
13771,3178,5551,36
13772,2424,6566,41
13773,5936,5678,8
13774,1506,5462,21
13775,5306,6523,24
13776,1361,6235,15
13777,1154,6137,46
13778,1533,9213,37
13779,3012,9659,43
13780,3358,7249,10
13781,3784,5124,43
13782,2970,9252,42
13783,5972,9505,22
13784,3348,9562,6
13785,5437,9850,45
13786,1635,9868,42
13787,3602,8931,21
13788,2193,8777,28
13789,5516,7885,34
13790,1737,9490,47
13791,3437,7098,28
13792,2209,7773,8
13793,3059,6802,11
13794,1608,8674,19
13795,4066,5144,34
13796,4750,5166,33
13797,5327,8139,48
13798,3038,5069,49
13799,3186,7502,17
13800,1997,5025,44
13801,3579,8929,43
13802,2180,7358,33
13803,5703,9108,30
13804,2921,5577,40
13805,4232,9330,39
13806,2333,7883,23
13807,3745,5591,6
13808,3261,6668,18
13809,4499,6299,20
13810,4414,9709,40
13811,1206,9248,44
13812,2810,8524,45
13813,1900,7264,35
13814,1748,9755,39
13815,5973,8864,26
13816,3630,9406,25
13817,3443,9245,32
13818,5433,8528,21
13819,2762,8347,22
13820,5877,8019,36
13821,5375,6205,27
13822,3297,8877,10
13823,5929,7252,33
13824,2732,9560,10
13825,4999,5974,37
13826,3960,9423,36
13827,1939,9245,21
13828,5620,6301,8
13829,5556,9009,35
13830,3165,5035,26
13831,3874,5001,31
13832,2451,7516,25
13833,2204,7651,24
13834,2873,6941,38
13835,5492,6021,27
13836,4025,5092,48
13837,3056,9690,20
13838,3192,8892,10
13839,2679,7147,20
13840,5383,9094,11
13841,3538,7558,18
13842,2666,6589,7
13843,5729,6877,37
13844,5825,8664,40
13845,5127,8896,43
13846,4012,8415,33
13847,1244,5962,43
13848,1140,9342,8
13849,3449,7849,43
13850,1725,8544,44
13851,2565,9375,45
13852,5260,7822,26
13853,1104,5853,19
13854,5048,8582,8
13855,1063,9527,22
13856,3063,7490,48
13857,4870,8832,27
13858,4566,8533,42
13859,3227,7313,8
13860,2547,7493,8
13861,5823,7271,22
13862,5073,9903,5
13863,5834,5269,36
13864,4647,7699,25
13865,2791,8403,42
13866,1130,9078,30
13867,4016,5433,45
13868,1927,5803,25
13869,2981,9996,47
13870,2726,6304,33
13871,2820,7929,45
13872,5545,9664,47
13873,3208,5743,36
13874,4289,5683,8
13875,5784,8059,17
13876,3896,6850,39
13877,2757,6302,31
13878,3538,6796,5
13879,3328,5896,43
13880,3129,5481,18
13881,4197,9038,41
13882,3218,5291,34
13883,4654,7695,18
13884,4162,8811,15
13885,3428,6975,35
13886,5956,9015,32
13887,5260,5190,31
13888,1415,5377,7
13889,5095,5259,10
13890,5251,5827,43
13891,2836,7420,23
13892,3069,6831,45
13893,3871,8017,38
13894,2023,7153,32
13895,1399,6450,16
13896,3978,7925,43
13897,3920,8333,14
13898,4971,8118,29
13899,1129,9740,27
13900,2533,8598,30
13901,2051,7315,23
13902,3953,6558,42
13903,1344,6717,24
13904,2425,8468,49
13905,1604,6173,48
13906,2591,7328,22
13907,5829,9621,15
13908,5252,7912,29
13909,3149,6508,47
13910,1748,6965,5
13911,1500,9894,36
13912,4357,8136,37
13913,1386,9518,11
13914,5234,8730,35
13915,5344,5905,30
13916,2736,9822,11
13917,3558,8200,40
13918,5823,7342,28
13919,2179,8399,9
13920,1880,7852,26
13921,2506,6146,48
13922,2007,8595,40
13923,4658,5384,7
13924,3306,6987,41
13925,1273,7331,42
13926,3896,7812,10
13927,4096,5967,29
13928,3873,9938,27
13929,2607,5619,16
13930,5691,6020,32
13931,3448,6954,48
13932,3852,9045,44
13933,2325,5206,36
13934,3058,8793,29
13935,4903,5639,38
13936,4123,8618,34
13937,3767,5064,41
13938,3155,8089,22
13939,5867,8833,39
13940,2730,8177,41
13941,5586,8929,45
13942,3723,8692,10
13943,5571,8806,23
13944,5677,9324,26
13945,3895,9798,36
13946,4364,9024,31
13947,2841,5395,20
13948,2962,6237,30
13949,5425,7781,43
13950,5863,6860,8
13951,5602,6021,20
13952,3676,8473,23
13953,2940,9649,32
13954,5574,7770,21
13955,1014,5333,49
13956,5823,9426,6
13957,4059,7958,6
13958,1746,6289,28
13959,3011,7219,31
13960,3614,7049,8
13961,5571,5876,40
13962,3947,7909,24
13963,5620,7289,16
13964,4183,9680,32
13965,4487,8857,33
13966,5507,9053,37
13967,5079,9697,22
13968,2908,7189,16
13969,4992,8405,14
13970,2648,9783,28
13971,5777,9487,21
13972,3664,6079,47
13973,2883,9586,36
13974,1329,6356,29
13975,5368,5270,11
13976,5271,9458,24
13977,3206,9241,33
13978,5718,5589,23
13979,2688,6153,15
13980,5330,5375,37
13981,5237,6647,19
13982,3167,8073,35
13983,1382,8439,17
13984,4593,7586,23
13985,2434,6652,10
13986,5145,8106,32
13987,4882,9414,26
13988,4442,8816,32
13989,4405,9681,20
13990,5245,7611,37
13991,3205,8283,45
13992,3200,6751,49
13993,4533,7601,30
13994,5472,9407,27
13995,3730,7972,5
13996,1596,9190,33
13997,4911,9285,12
13998,4497,9743,46
13999,4120,6742,43
14000,4801,8586,7
14001,3637,6515,17
14002,4071,8825,24
14003,3824,8842,47
14004,2493,9190,9
14005,4317,7362,49
14006,4903,6967,16
14007,3310,8645,21
14008,5938,5360,18
14009,5585,5982,30
14010,4861,6810,34
14011,4214,9494,46
14012,4297,9633,49
14013,4593,5394,36
14014,2524,6380,34
14015,4556,5048,16
14016,5260,6456,40
14017,1975,7749,23
14018,2671,7101,48
14019,5230,7289,29
14020,5806,8131,37
14021,4895,6210,46
14022,3804,6165,25
14023,2532,7023,6
14024,4817,6081,41
14025,3213,9546,25
14026,5657,8540,30
14027,5080,9529,36
14028,1582,6704,31
14029,4558,9943,21
14030,4530,8412,8
14031,3383,6538,43
14032,3685,7230,19
14033,1231,6326,37
14034,2884,5183,18
14035,5099,9028,30
14036,2912,6534,6
14037,1685,8486,24
14038,5177,5156,30
14039,2956,7145,6
14040,2299,6393,6
14041,5484,9885,21
14042,5923,5858,22
14043,2369,9278,8
14044,3267,9008,21
14045,1652,9859,37
14046,3111,7980,27
14047,4099,9679,17
14048,3756,8668,11
14049,4736,9977,45
14050,5049,9404,5
14051,2178,6700,44
14052,3258,8617,46
14053,2043,7101,35
14054,3557,7264,40
14055,4685,5714,29
14056,3936,7086,49
14057,2624,6452,45
14058,3085,6398,44
14059,3455,9896,34
14060,3472,5425,42
14061,5779,6029,25
14062,3386,5691,23
14063,2295,9011,20
14064,5069,8580,37
14065,1919,7828,10
14066,5748,8525,46
14067,2604,5200,41
14068,3996,5776,12
14069,4387,5226,5
14070,2082,9567,17
14071,1376,7066,30
14072,2409,6779,20
14073,3104,5629,43
14074,1017,7058,32
14075,1433,5041,27
14076,5051,7092,11
14077,1237,7245,28
14078,1307,5299,12
14079,5529,9305,49
14080,1024,5459,5
14081,4310,5879,8
14082,2014,6811,47
14083,1681,5789,45
14084,2849,8896,23
14085,2516,5383,26
14086,1952,6451,40
14087,1415,8416,5
14088,5849,7596,23
14089,2424,9603,33
14090,5512,8590,23
14091,5972,5330,47
14092,5986,8055,10
14093,5773,7536,29
14094,3448,9910,43
14095,3189,6020,27
14096,4192,8509,5
14097,1450,8822,19
14098,3936,9530,29
14099,4177,6828,8
14100,5946,9112,49
14101,1092,5620,48
14102,5517,5689,5
14103,3600,7113,44
14104,3952,9671,25
14105,4126,5820,47
14106,4719,7252,14
14107,2538,7302,6
14108,4169,8644,21
14109,2896,7661,17
14110,1185,7243,31
14111,2457,7299,45
14112,2495,8555,32
14113,2149,5955,14
14114,4406,8942,14
14115,2288,9749,13
14116,5948,9371,38
14117,3239,6248,43
14118,2874,9635,8
14119,2751,6274,49
14120,2245,5013,8
14121,3247,9706,8
14122,1174,7240,45
14123,5313,5698,15
14124,4278,7067,5
14125,3022,7387,49
14126,2397,9675,25
14127,1174,7074,29
14128,4395,8078,13
14129,3624,8213,29
14130,3889,8814,22
14131,3247,6051,11
14132,4079,7153,30
14133,4052,8928,22
14134,5730,7832,5
14135,2700,7351,13
14136,1963,8149,14
14137,4092,8090,15
14138,4785,8642,36
14139,2845,7690,25
14140,5694,5174,40
14141,4252,6425,36
14142,2751,8904,23
14143,1893,5449,12
14144,1215,6451,39
14145,4430,9174,26
14146,5980,7487,8
14147,4645,5782,33
14148,3616,8569,35
14149,1606,5172,12
14150,1552,8770,16
14151,5415,7409,9
14152,3514,7284,34
14153,5825,5433,39
14154,2178,7786,41
14155,5447,9946,8
14156,2484,6860,47
14157,4312,6351,25
14158,5286,8920,20
14159,2546,7675,22
14160,2497,5549,35
14161,5783,8575,42
14162,1073,8639,36
14163,5037,5167,37
14164,3227,8513,23
14165,2091,8761,24
14166,2617,7401,14
14167,5173,8171,30
14168,5803,6648,22
14169,1988,8190,49
14170,3116,8746,49
14171,2592,9449,19
14172,1588,7622,40
14173,1843,8402,22
14174,4650,9835,35
14175,4617,5543,19
14176,2566,6340,42
14177,4610,8585,33
14178,3930,5568,46
14179,1722,8539,19
14180,2805,7746,5
14181,5420,8675,41
14182,4195,6941,45
14183,1655,9779,27
14184,1145,6761,15
14185,2697,7230,42
14186,5240,8946,20
14187,3712,7702,34
14188,1893,6029,33
14189,3565,9481,45
14190,5291,8704,7
14191,4555,5742,44
14192,2661,6776,21
14193,4547,7235,30
14194,5914,6614,13
14195,3777,8537,21
14196,4921,5558,41
14197,2137,9211,35
14198,2300,6368,35
14199,3524,5858,15
14200,4250,8022,42
14201,2661,9335,26
14202,2315,6811,7
14203,1434,7357,32
14204,5513,9066,36
14205,2859,9158,8
14206,1711,9802,44
14207,1138,8440,42
14208,4561,8507,15
14209,2754,9388,5
14210,3857,5747,20
14211,2185,5241,38
14212,1734,6153,49
14213,2852,5953,36
14214,2354,8940,48
14215,1395,7575,37
14216,3518,8301,15
14217,4328,8216,40
14218,5055,9838,17
14219,3067,5176,24
14220,5904,6077,29
14221,1247,5335,10
14222,4139,9995,41
14223,1342,9755,30
14224,3972,8312,8
14225,4769,9539,49
14226,3435,6731,30
14227,1342,8854,22
14228,1108,9862,17
14229,5729,6725,12
14230,5692,5803,37
14231,2797,5912,47
14232,5681,9167,20
14233,3525,7979,46
14234,3385,8505,43
14235,4532,8068,35
14236,3361,5336,44
14237,1609,9515,27
14238,3642,8881,20
14239,3348,9333,14
14240,3740,7016,40
14241,5824,8660,35
14242,5332,9602,48
14243,1211,5399,36
14244,1286,7659,25
14245,3471,8395,20
14246,1494,9098,33
14247,2018,8257,49
14248,4491,5016,20
14249,3885,9375,19
14250,3815,6577,12
14251,2990,7935,19
14252,1523,5378,25
14253,5915,6380,25
14254,3367,8314,11
14255,4451,5754,23
14256,2657,6308,26
14257,4065,6659,42
14258,3743,9533,17
14259,1590,9775,30
14260,1635,9621,48
14261,5041,5054,26
14262,1208,7061,11
14263,3234,8643,39
14264,1977,5080,7
14265,3065,7524,39
14266,2314,8119,20
14267,5350,8603,49
14268,1971,5286,20
14269,5707,8439,6
14270,2480,6577,42
14271,2171,5944,21
14272,5980,5228,42
14273,4186,6977,28
14274,2400,7219,26
14275,5602,6521,27
14276,4394,8317,48
14277,3376,6985,23
14278,5445,8465,48
14279,1199,9620,26
14280,4249,6751,21
14281,2148,8724,6
14282,5707,7346,18
14283,5036,6461,32
14284,3283,9574,17
14285,2726,6209,42
14286,2318,8796,21
14287,5881,7509,13
14288,4969,7482,44
14289,4090,6668,18
14290,2427,6497,6
14291,3429,7844,46
14292,2842,9717,25
14293,5864,6432,39
14294,4894,6921,34
14295,3145,5930,21
14296,2494,9483,43
14297,1705,8413,29
14298,2769,6941,48
14299,2070,9310,43
14300,4875,5592,39
14301,3284,5366,10
14302,1769,7222,7
14303,4724,5273,40
14304,1260,8622,5
14305,3944,8643,38
14306,2588,9586,5
14307,1084,5602,30
14308,5506,8143,22
14309,4562,5612,40
14310,2640,5327,10
14311,3394,6707,15
14312,3971,9443,48
14313,3685,9262,44
14314,3231,7928,34
14315,4399,9848,18
14316,4638,7109,14
14317,1814,6965,35
14318,4748,6210,40
14319,1896,9460,19
14320,1661,6024,34
14321,3850,6755,18
14322,3426,7082,27
14323,2111,9501,21
14324,4746,7945,31
14325,2159,6886,48
14326,3138,7076,17
14327,5916,9029,18
14328,2841,9202,30
14329,2911,8870,47
14330,4665,6823,15
14331,3911,8179,42
14332,1743,6257,5
14333,4161,5196,28
14334,2317,8057,24
14335,5542,9298,12
14336,4806,7157,12
14337,2041,9639,34
14338,2732,5041,22
14339,2656,8815,17
14340,2568,9986,40
14341,2811,5682,23
14342,3329,7860,17
14343,4017,7463,45
14344,2495,7038,30
14345,1605,7420,13
14346,1478,6675,38
14347,5706,7852,35
14348,1142,5364,46
14349,5656,7519,11
14350,3099,5500,13
14351,3571,8054,44
14352,5027,7471,30
14353,2287,5579,37
14354,5805,8865,37
14355,2210,6258,44
14356,1808,7973,8
14357,3129,8986,32
14358,4806,7989,8
14359,5505,6525,38
14360,1974,9454,44
14361,3939,9222,10
14362,1086,5252,37
14363,2797,5382,9
14364,2308,6805,23
14365,1460,6988,22
14366,3509,9813,7
14367,2145,7500,38
14368,4889,7643,6
14369,5665,5024,5
14370,4261,5353,39
14371,5646,9791,8
14372,2410,9089,39
14373,5267,9611,12
14374,2354,5771,48
14375,5131,9754,33
14376,2225,7882,40
14377,2192,6748,18
14378,2533,6051,46
14379,2917,5622,34
14380,4318,5019,11
14381,2248,7576,17
14382,3618,5794,26
14383,5633,8342,49
14384,3026,8740,6
14385,4512,6903,12
14386,5640,9638,25
14387,4693,9713,24
14388,5841,6941,15
14389,5629,6207,38
14390,4484,9081,48
14391,4324,5165,9
14392,2939,8758,34
14393,2016,7912,37
14394,3584,8166,16
14395,1928,6212,9
14396,2512,8160,5
14397,2738,6482,39
14398,4039,6496,29
14399,2722,6793,8
14400,3767,7420,13
14401,5703,8728,48
14402,4420,5365,7
14403,3826,9215,34
14404,5422,5409,24
14405,3735,5363,14
14406,1219,8441,24
14407,1522,9419,44
14408,1405,5758,7
14409,1580,8366,15
14410,5886,8552,19
14411,2855,7992,32
14412,5422,5448,48
14413,4698,8202,39
14414,2836,7752,11
14415,1158,6792,37
14416,4176,7390,46
14417,2622,9571,42
14418,4678,5291,23
14419,1806,5172,48
14420,2306,5301,33
14421,3195,8167,6
14422,1514,8977,48
14423,1504,8015,23
14424,5509,7305,13
14425,3640,6747,10
14426,1766,5515,21
14427,1237,5679,6
14428,5492,8980,43
14429,3005,8422,10
14430,2800,7253,18
14431,4388,9786,30
14432,5000,5344,22
14433,2447,5029,10
14434,1132,8448,16
14435,4676,7153,42
14436,3035,5107,26
14437,5214,9198,18
14438,5734,7600,17
14439,3045,8361,13
14440,5435,5490,46
14441,2459,8761,36
14442,3023,9163,14
14443,2949,8223,31
14444,2621,5278,18
14445,5772,9077,13
14446,4814,6374,13
14447,3162,5628,30
14448,5402,7696,36
14449,2758,6171,45
14450,5719,9461,39
14451,5151,5678,30
14452,1524,8718,45
14453,3482,8362,49
14454,5286,8402,46
14455,5485,7443,7
14456,1346,5555,34
14457,3313,5803,33
14458,2699,6163,24
14459,1141,5424,8
14460,5335,6277,18
14461,2122,5416,49
14462,3884,7993,43
14463,2035,7006,25
14464,5274,7745,11
14465,1983,9673,10
14466,3445,7864,44
14467,4461,7013,10
14468,3585,9276,29
14469,5734,6831,8
14470,3314,9310,41
14471,2157,9249,29
14472,2578,8941,22
14473,4033,8872,38
14474,2308,6618,29
14475,5235,6644,26
14476,5165,7800,18
14477,3853,6804,41
14478,3225,5954,15
14479,4445,8315,31
14480,5641,9884,30
14481,2252,8208,39
14482,2672,6183,20
14483,2396,9248,44
14484,2015,5909,24
14485,5742,8626,19
14486,4215,9430,18
14487,1757,5463,12
14488,3032,6493,28
14489,3621,6050,37
14490,3430,8238,20
14491,5567,8438,31
14492,2232,9902,32
14493,5025,9535,48
14494,1035,9490,18
14495,4675,8539,13
14496,1021,5267,17
14497,3313,6559,26
14498,4472,7169,34
14499,1457,6885,36
14500,3998,9739,20
14501,5479,8540,29
14502,3583,7867,27
14503,2063,9279,41
14504,2591,7547,32
14505,2866,8519,7
14506,1047,8249,27
14507,5842,7118,37
14508,5635,6800,43
14509,5775,5123,29
14510,4989,5392,29
14511,2654,8299,43
14512,1045,7416,25
14513,5371,9554,35
14514,4765,9041,34
14515,4033,8144,43
14516,4383,7560,49
14517,5328,6096,49
14518,1086,7772,46
14519,4177,9142,38
14520,5273,9689,42
14521,2614,7988,11
14522,4292,5773,31
14523,1588,9578,17
14524,1603,6199,33
14525,4517,6451,27
14526,2257,9751,12
14527,3162,7285,25
14528,5680,8039,17
14529,4036,6164,30
14530,3418,5064,47
14531,4023,7327,14
14532,3120,5050,33
14533,5956,9311,31
14534,3401,6675,8
14535,1810,7479,46
14536,3789,5505,35
14537,1638,6592,21
14538,1153,9345,12
14539,3434,5734,41
14540,3739,7853,24
14541,1139,5468,14
14542,1726,7809,48
14543,4543,5510,38
14544,3366,7774,43
14545,1019,7858,15
14546,2437,8230,16
14547,2962,8166,14
14548,3455,6510,17
14549,2852,9070,38
14550,1863,8511,34
14551,1101,5166,19
14552,1593,8527,12
14553,4925,8442,42
14554,5462,6402,40
14555,3510,9004,44
14556,2956,6415,26
14557,2655,6376,9
14558,5428,8154,36
14559,5781,8060,24
14560,2689,5063,27
14561,1911,7750,44
14562,5642,8975,6
14563,2182,9651,23
14564,3957,8858,30
14565,1605,7196,40
14566,3371,6543,18
14567,3011,9404,11
14568,5136,6829,20
14569,1203,5098,14
14570,1243,6326,47
14571,2530,9850,26
14572,4741,8456,30
14573,3722,8176,9
14574,1660,7638,16
14575,1713,7025,28
14576,4896,7982,28
14577,2175,5679,19
14578,1247,6306,28
14579,1731,8102,28
14580,4928,6790,46
14581,4944,8975,30
14582,2561,7967,38
14583,1985,7897,22
14584,1496,8221,47
14585,3663,6100,41
14586,3127,9503,10
14587,3576,8653,49
14588,2083,9645,29
14589,3754,6671,21
14590,5995,8203,20
14591,3959,5513,33
14592,1544,6084,5
14593,4064,9998,49
14594,2903,6863,46
14595,5315,8615,49
14596,4172,6800,24
14597,3151,8959,30
14598,1884,9103,25
14599,3678,9009,31
14600,3803,6977,40
14601,4976,6159,39
14602,1007,6458,20
14603,3436,5654,33
14604,2546,8794,11
14605,5924,5483,11
14606,3090,6661,38
14607,5192,7539,9
14608,3294,8393,12
14609,5210,5951,12
14610,3592,5412,47
14611,5426,5354,33
14612,4575,7480,14
14613,5041,9099,5
14614,4225,9081,42
14615,2241,9227,32
14616,4830,6099,11
14617,4494,6348,21
14618,4591,8550,28
14619,1717,6974,39
14620,1264,6024,13
14621,1318,9256,46
14622,3208,8856,7
14623,3525,6419,48
14624,1641,9452,8
14625,1859,6056,36
14626,5244,7937,48
14627,2471,7531,17
14628,1975,6910,28
14629,2286,6648,11
14630,1052,7821,23
14631,5354,5857,31
14632,2020,9892,31
14633,4623,8010,22
14634,5344,5802,34
14635,2913,5342,32
14636,1288,9502,33
14637,5640,6397,13
14638,5739,6310,43
14639,4902,5577,43
14640,5109,9317,25
14641,5934,9029,49
14642,3581,7195,42
14643,4517,9051,11
14644,2550,6204,49
14645,5935,5491,29
14646,3667,7129,30
14647,3454,9966,10
14648,2568,7482,24
14649,4753,8361,22
14650,1288,5740,24
14651,3474,5510,44
14652,1436,5594,22
14653,1990,7528,5
14654,4560,8668,37
14655,3406,5755,43
14656,1255,6463,27
14657,3010,9060,18
14658,2835,9442,32
14659,5262,8003,25
14660,1465,5105,48
14661,5352,6593,41
14662,1423,9884,11
14663,5294,8753,16
14664,5653,8823,41
14665,2896,7843,43
14666,2289,5393,32
14667,2349,7033,11
14668,1555,9977,49
14669,1007,9314,21
14670,2766,7201,41
14671,3092,5690,18
14672,4244,9808,47
14673,4174,6661,8
14674,5831,8747,26
14675,2658,8963,21
14676,1812,6403,39
14677,2229,7673,36
14678,2963,8925,42
14679,1491,9188,35
14680,1318,8253,29
14681,5314,8350,14
14682,3549,8331,6
14683,2841,7350,31
14684,2217,9584,16
14685,1333,8826,20
14686,2177,9580,20
14687,3601,9744,7
14688,4095,5551,29
14689,3264,6945,22
14690,2067,5303,43
14691,4433,5418,46
14692,3791,7116,44
14693,3462,7105,36
14694,4490,9297,7
14695,3670,7647,12
14696,2674,5830,9
14697,3364,8111,24
14698,4969,6138,48
14699,4724,6740,29
14700,4502,7183,10
14701,3815,7911,32
14702,1349,9870,27
14703,3123,9055,28
14704,5134,7643,14
14705,4518,5787,14
14706,1212,7550,37
14707,4530,8247,13
14708,5881,9267,22
14709,4637,7468,7
14710,5101,8609,37
14711,2267,7069,14
14712,1148,7338,31
14713,2710,7670,39
14714,4023,6817,22
14715,4991,7155,11
14716,4465,6803,11
14717,4837,6811,26
14718,4322,7993,14
14719,5524,6922,31
14720,1369,9717,49
14721,4981,7831,8
14722,5744,8403,16
14723,2471,5728,7
14724,4094,9228,47
14725,3598,9435,7
14726,5635,5221,29
14727,4354,9878,30
14728,2303,7897,44
14729,4325,8848,11
14730,2895,9173,38
14731,5063,7653,14
14732,3525,8951,7
14733,2089,9688,32
14734,2327,6367,15
14735,5270,5332,36
14736,2284,7726,12
14737,4357,6405,24
14738,2103,5958,9
14739,2068,8512,45
14740,1745,7369,17
14741,4075,5529,15
14742,3491,5868,38
14743,3127,6937,48
14744,4765,5741,7
14745,3863,6307,19
14746,4079,8417,37
14747,1883,6758,47
14748,3561,6257,14
14749,5792,8942,7
14750,4835,6376,45
14751,3775,5716,18
14752,1077,5433,37
14753,4115,8386,37
14754,4229,8050,40
14755,2013,7018,27
14756,5286,5257,5
14757,1875,7837,31
14758,5358,7305,36
14759,4557,7207,25
14760,3326,8843,48
14761,2726,9299,24
14762,4989,7038,31
14763,3355,9784,40
14764,4968,9178,45
14765,3655,6470,36
14766,4228,6049,43
14767,5396,9114,33
14768,3395,8569,27
14769,5522,5961,39
14770,1042,9117,19
14771,5734,6172,47
14772,2849,7686,14
14773,3125,7985,19
14774,5192,5736,29
14775,3867,5633,21
14776,5833,9542,35
14777,2647,5287,15
14778,1205,9964,24
14779,4335,9761,35
14780,4660,6349,20
14781,1655,9244,40
14782,3363,7269,43
14783,2393,9324,15
14784,4669,9402,24
14785,5840,5179,30
14786,1285,6912,30
14787,2341,6500,46
14788,1512,6998,10
14789,4056,9513,49
14790,5125,7658,39
14791,4812,7676,12
14792,4366,7171,11
14793,4079,7333,41
14794,5638,8990,20
14795,3263,7755,13
14796,5723,7051,15
14797,5024,5262,25
14798,1215,6495,11
14799,4242,5332,16
14800,3269,9357,44
14801,4332,7820,25
14802,3309,9543,9
14803,2838,9869,10
14804,1566,7617,47
14805,4692,7643,30
14806,4899,9296,33
14807,1801,9764,7
14808,2279,6159,15
14809,2302,5294,27
14810,4631,7925,29
14811,5742,9181,16
14812,4505,5293,5
14813,1992,6162,8
14814,5725,5411,5
14815,3526,5509,10
14816,3430,8956,38
14817,5915,8290,31
14818,3601,9714,49
14819,4161,7140,20
14820,3140,9880,15
14821,1377,6394,18
14822,2105,7619,42
14823,3148,9867,14
14824,2614,6977,17
14825,3848,5707,49
14826,4468,6299,38
14827,1023,7952,37
14828,3704,8859,37
14829,5012,8108,43
14830,5866,9720,17
14831,4349,5741,21
14832,4770,9293,13
14833,1919,8900,17
14834,2980,7338,20
14835,1377,9862,41
14836,2251,6435,34
14837,2197,6322,43
14838,2671,6011,37
14839,4141,9184,44
14840,4353,5176,10
14841,3911,7326,16
14842,5966,6321,6
14843,2357,7472,37
14844,2767,6440,19
14845,2366,9129,21
14846,3365,5209,39
14847,4977,5248,35
14848,4842,8450,34
14849,4245,7895,42
14850,1544,8775,20
14851,4272,5790,46
14852,4664,9081,49
14853,1776,9114,44
14854,2621,7261,21
14855,5313,6747,11
14856,1532,7562,9
14857,5545,6118,44
14858,1889,5857,31
14859,2914,7970,5
14860,5057,7855,6
14861,1393,6041,8
14862,2622,8203,5
14863,4458,5298,33
14864,3364,5998,25
14865,2349,7845,46
14866,3861,8202,39
14867,1318,7664,38
14868,5475,8342,43
14869,1705,7316,6
14870,4772,9596,29
14871,2042,8559,10
14872,3875,5914,12
14873,5245,9313,39
14874,5654,8429,23
14875,3510,9742,13
14876,5007,6005,37
14877,4811,6310,12
14878,4025,7594,42
14879,5791,7771,36
14880,5643,8403,27
14881,3128,7741,38
14882,5614,9880,27
14883,3750,5922,36
14884,1244,6721,5
14885,1009,8069,11
14886,4655,8184,47
14887,3694,6516,28
14888,2324,8610,6
14889,3297,7310,22
14890,3371,9743,23
14891,3604,8853,46
14892,4534,7737,40
14893,1393,6134,32
14894,2252,6503,39
14895,3967,9720,36
14896,5665,6637,17
14897,5340,6810,10
14898,4129,5267,33
14899,2167,9874,14
14900,3567,5668,44
14901,4008,5054,14
14902,1193,7822,38
14903,1327,8946,24
14904,5121,9491,37
14905,5198,9608,15
14906,1663,5801,28
14907,5313,9421,37
14908,5838,9192,26
14909,5026,7027,16
14910,5363,5174,34
14911,5258,9440,36
14912,5774,5055,48
14913,1886,5710,23
14914,4954,6641,49
14915,3295,6815,44
14916,4468,6714,6
14917,2033,7350,18
14918,2472,8277,37
14919,3645,9316,36
14920,5072,9524,45
14921,2149,9237,23
14922,1041,7503,18
14923,4757,9254,8
14924,4757,5105,6
14925,4411,7790,14
14926,3967,6950,33
14927,4797,9385,19
14928,4281,9728,35
14929,4448,6209,37
14930,1085,9375,33
14931,5303,7996,15
14932,4419,9321,49
14933,5257,6907,44
14934,5546,8894,13
14935,3164,6711,33
14936,5458,8249,41
14937,3960,9180,25
14938,3231,6592,35
14939,3724,7140,26
14940,3640,5008,22
14941,2031,8734,6
14942,1931,8646,26
14943,5859,6655,41
14944,3660,5479,24
14945,2822,9204,8
14946,4810,8928,30
14947,2594,8698,24
14948,2121,7285,26
14949,2682,7015,47
14950,2925,7577,24
14951,3441,6628,33
14952,5564,9725,35
14953,4443,6411,27
14954,2208,6243,48
14955,2167,6173,42
14956,1062,7102,20
14957,1163,6882,23
14958,5648,8185,15
14959,2084,5427,16
14960,1239,7546,40
14961,3616,6316,17
14962,3794,5511,6
14963,4787,5441,15
14964,3041,6656,5
14965,4113,8675,45
14966,1438,7770,14
14967,1529,8045,7
14968,1105,7658,12
14969,5478,9886,20
14970,2239,8608,40
14971,4977,5396,47
14972,3265,8147,44
14973,1151,5828,43
14974,2794,8591,24
14975,1631,8005,12
14976,5518,9661,14
14977,5742,5792,41
14978,2968,5503,36
14979,1207,8893,31
14980,3823,9877,35
14981,1834,9430,7
14982,4774,9587,43
14983,4742,7049,10
14984,2501,7675,21
14985,3636,8409,14
14986,5322,7235,25
14987,1804,9022,33
14988,2858,8503,33
14989,4148,8611,24
14990,5612,9045,19
14991,2847,7171,6
14992,5283,9648,37
14993,4720,6243,16
14994,5035,6440,17
14995,3587,8838,48
14996,5744,6210,48
14997,3066,8636,43
14998,5381,8277,43
14999,3980,9432,42
15000,4971,8874,49
15001,3953,5390,25
15002,5746,6703,45
15003,2243,6536,20
15004,3692,6998,38
15005,2968,6798,31
15006,3405,9322,47
15007,1256,6845,7
15008,3656,7561,13
15009,2837,5029,48
15010,1179,9700,38
15011,5184,5981,23
15012,5941,8055,42
15013,4467,8584,30
15014,1028,6659,27
15015,3745,9821,22
15016,1054,9785,49
15017,1321,7605,44
15018,4631,8962,45
15019,4306,7327,49
15020,4825,5840,42
15021,1332,7415,14
15022,2718,9427,47
15023,4544,5397,14
15024,1317,5385,25
15025,4552,8583,42
15026,3909,8979,42
15027,3918,7606,11
15028,5317,9359,16
15029,2363,8167,45
15030,1148,5944,37
15031,2733,6786,29
15032,3629,5847,32
15033,5574,6482,28
15034,5019,8116,35
15035,2210,6387,22
15036,1170,7206,27
15037,2568,6281,11
15038,5397,6599,12
15039,4436,6983,19
15040,2878,5313,42
15041,5053,8860,32
15042,4036,7165,31
15043,4249,6700,25
15044,4874,8069,48
15045,3192,6779,31
15046,1523,9270,46
15047,4553,8703,45
15048,3707,5749,18
15049,3533,6808,25
15050,1822,6534,18
15051,4509,8797,47
15052,1195,7282,10
15053,1466,8423,16
15054,4026,7210,32
15055,4148,8663,33
15056,3538,7739,41
15057,1100,5292,42
15058,1116,9223,7
15059,5476,7741,37
15060,3872,6951,16
15061,3111,7436,16
15062,2272,7828,15
15063,3691,5181,32
15064,2435,6171,39
15065,2903,7744,38
15066,4024,6136,26
15067,3776,6711,43
15068,3594,7345,27
15069,5940,9787,16
15070,5394,9658,23
15071,5392,8975,35
15072,4599,8504,17
15073,5211,8951,23
15074,5048,7359,40
15075,3927,5390,26
15076,4214,8059,48
15077,3667,9626,34
15078,2827,5159,8
15079,2026,6680,17
15080,1786,8551,24
15081,5131,5230,43
15082,2801,6726,10
15083,4290,8409,48
15084,1361,9788,16
15085,5390,9229,20
15086,4398,6681,49
15087,2227,6296,21
15088,3641,7581,12
15089,4650,8877,37
15090,5357,7985,48
15091,4204,9917,43
15092,2801,6824,16
15093,4397,7329,30
15094,2417,5359,23
15095,5498,6013,17
15096,1336,7895,14
15097,4010,7696,38
15098,2962,9097,35
15099,1844,9042,31
15100,2641,7363,7
15101,5141,6270,48
15102,2125,6264,9
15103,5712,8344,9
15104,3310,5848,41
15105,1765,9885,11
15106,2701,7362,44
15107,3340,8641,46
15108,4728,7187,17
15109,5630,5498,38
15110,2093,7169,40
15111,2605,7412,38
15112,2270,6522,7
15113,5671,9257,14
15114,5333,5664,47
15115,4403,5967,39
15116,1531,5550,41
15117,3791,6074,10
15118,3513,9843,25
15119,2253,7137,49
15120,4942,5893,9
15121,3430,7769,7
15122,5223,6249,24
15123,1658,7434,34
15124,2865,6191,16
15125,2169,6738,39
15126,3601,5654,36
15127,3487,5337,23
15128,3456,9686,19
15129,3844,5435,14
15130,2731,6272,30
15131,4812,9583,10
15132,5043,6832,30
15133,4239,6501,6
15134,3690,7157,36
15135,4334,6768,7
15136,4333,9639,23
15137,2199,5805,40
15138,2381,6993,24
15139,5866,9779,34
15140,2191,8181,41
15141,2343,7312,49
15142,2655,9386,24
15143,5754,9241,38
15144,4407,5529,48
15145,1989,7386,21
15146,4546,6589,46
15147,4217,8983,27
15148,2078,6645,45
15149,1122,6593,13
15150,4196,8732,31
15151,3215,8609,21
15152,3992,5078,45
15153,1834,9195,21
15154,2679,7694,6
15155,3070,6339,19
15156,2885,8295,15
15157,5057,8024,41
15158,2963,9972,45
15159,5024,7821,13
15160,1408,9875,18
15161,5578,8926,12
15162,3370,7088,47
15163,3163,9572,16
15164,3320,6138,11
15165,4240,5679,7
15166,2893,9934,30
15167,3298,9628,7
15168,4839,5230,8
15169,2490,7829,36
15170,3053,7124,18
15171,5010,7313,7
15172,2901,8333,17
15173,2822,6393,12
15174,3911,8736,42
15175,5361,7025,6
15176,2273,9178,42
15177,2887,6661,35
15178,2833,5230,43
15179,3867,7694,31
15180,1697,6622,21
15181,5837,6579,39
15182,3365,8788,28
15183,5870,5281,5
15184,5215,7516,33
15185,2770,9626,30
15186,3842,7456,48
15187,3250,9319,39
15188,4125,5769,48
15189,3365,8087,28
15190,4745,5546,37
15191,2118,8252,30
15192,4164,9247,41
15193,1813,9863,43
15194,1038,5014,30
15195,3461,6402,42
15196,5339,7255,42
15197,4720,7667,15
15198,1855,7783,33
15199,4947,9876,33
15200,3249,6099,7
15201,3355,8205,13
15202,5043,5431,39
15203,2798,5795,10
15204,1175,8967,13
15205,2713,8508,12
15206,4020,5208,31
15207,4064,7152,38
15208,1672,7512,28
15209,1694,9566,9
15210,1548,5580,14
15211,2123,9346,24
15212,4298,9699,26
15213,4987,7831,16
15214,3597,9499,48
15215,5369,7767,33
15216,4024,7989,35
15217,1784,9106,10
15218,2210,6634,11
15219,1940,9095,37
15220,5548,6521,19
15221,2529,8482,17
15222,1094,8349,28
15223,2331,5096,34
15224,2762,8885,37
15225,3222,8511,24
15226,3743,6532,23
15227,2097,9876,23
15228,3104,5615,42
15229,3743,9938,28
15230,5730,8487,9
15231,3292,9227,26
15232,5300,7146,26
15233,4663,6060,32
15234,1016,8018,21
15235,1126,6773,35
15236,4423,6995,11
15237,5175,6667,21
15238,4573,7742,16
15239,1789,9124,11
15240,3353,7717,33
15241,2512,5522,49
15242,5221,5923,12
15243,5714,9031,8
15244,5838,9205,44
15245,4718,9926,20
15246,1081,7656,20
15247,2645,9754,26
15248,1175,6205,15
15249,1676,9306,45
15250,1348,8121,15
15251,2913,6497,9
15252,2391,9762,46
15253,2559,9869,42
15254,2439,5329,16
15255,3926,8992,44
15256,5820,6465,29
15257,5704,8193,49
15258,4793,7035,17
15259,1358,8591,30
15260,4398,5503,15
15261,2089,5489,44
15262,1293,8838,27
15263,1991,6427,17
15264,4403,6600,37
15265,3577,6835,32
15266,1820,9761,8
15267,4491,6041,32
15268,5226,5039,38
15269,4621,7713,14
15270,4429,7915,12
15271,3508,5039,13
15272,5689,5187,22
15273,3990,5750,6
15274,2925,7832,22
15275,5710,7410,44
15276,5635,9558,6
15277,5357,5669,26
15278,4645,7754,20
15279,4208,9874,41
15280,3657,7050,36
15281,2685,8547,14
15282,2251,9749,45
15283,2813,5182,38
15284,2843,8242,20
15285,1228,5977,38
15286,4899,7355,41
15287,3306,7924,44
15288,3874,7097,38
15289,4292,6446,48
15290,2260,6309,17
15291,4461,5380,41
15292,3393,6856,16
15293,3698,9887,19
15294,3515,9600,34
15295,5285,9880,35
15296,4440,5556,33
15297,4170,9668,38
15298,1665,6223,36
15299,5117,5109,48
15300,2184,5065,27
15301,5525,8201,14
15302,3633,7316,12
15303,4066,6433,25
15304,2890,7135,15
15305,4119,9063,16
15306,5319,8928,43
15307,1960,8466,23
15308,1158,7498,38
15309,3008,7977,42
15310,5897,5741,38
15311,1722,5471,30
15312,2255,6666,44
15313,3346,8716,20
15314,5541,8991,23
15315,1105,9861,33
15316,2662,5110,49
15317,5979,8881,42
15318,2092,9390,40
15319,1538,7263,25
15320,3721,5960,14
15321,5897,6560,27
15322,2065,6117,48
15323,2572,5681,48
15324,4016,6052,11
15325,4447,8774,42
15326,2430,9362,9
15327,1242,9992,23
15328,2363,9381,37
15329,3068,6951,28
15330,2879,9695,47
15331,3889,9763,27
15332,1301,6929,26
15333,5261,7068,40
15334,3829,8836,25
15335,4763,6909,22
15336,4689,6372,42
15337,3401,9146,31
15338,4159,7115,41
15339,2021,7961,29
15340,2550,8171,43
15341,3919,9757,34
15342,1878,6993,47
15343,4081,8232,18
15344,4535,9124,38
15345,4608,7514,36
15346,2321,6862,35
15347,4104,6222,6
15348,5527,7314,43
15349,3837,5770,39
15350,3118,8563,27
15351,2135,6433,10
15352,4161,6958,25
15353,5098,7305,30
15354,4128,6360,34
15355,3718,9954,45
15356,3592,6257,46
15357,1190,5073,34
15358,3770,6183,12
15359,4555,5483,43
15360,4380,6240,37
15361,5118,7243,14
15362,4558,8384,22
15363,2570,5403,40
15364,4926,5765,45
15365,2488,6836,15
15366,1568,7590,48
15367,4824,5804,12
15368,4505,9202,5
15369,3623,9218,12
15370,5902,8003,9
15371,1914,7763,5
15372,5864,7820,7
15373,1048,8125,31
15374,1744,8196,49
15375,3734,5310,27
15376,3673,8828,48
15377,5477,9653,43
15378,5406,7961,44
15379,1542,7257,15
15380,5863,5435,49
15381,2207,8124,15
15382,1184,5850,40
15383,5010,5107,42
15384,2982,7672,35
15385,5735,5120,28
15386,5690,8035,23
15387,2257,9810,36
15388,3752,6893,44
15389,5097,7162,42
15390,4577,8717,21
15391,5815,5760,39
15392,4781,6647,16
15393,1283,9550,19
15394,4601,5232,43
15395,2210,6595,17
15396,1441,5562,34
15397,4808,6807,46
15398,5735,5876,23
15399,1474,6639,13
15400,2858,5993,32
15401,3780,8736,48
15402,5756,6557,47
15403,5388,9354,29
15404,5343,9819,44
15405,2942,7477,45
15406,5284,8572,8
15407,2547,5677,41
15408,4356,8757,11
15409,1557,5425,45
15410,5343,6601,8
15411,4478,6341,27
15412,4231,5630,48
15413,4339,9230,48
15414,2827,8009,10
15415,3199,7066,49
15416,4357,9464,13
15417,5076,5168,13
15418,5220,9006,25
15419,4812,9013,7
15420,2895,5017,17
15421,2753,6546,42
15422,5755,6531,22
15423,4802,8814,35
15424,3656,6498,33
15425,4519,5543,6
15426,2481,5727,35
15427,3579,5379,42
15428,5821,9436,11
15429,2554,9303,44
15430,1646,8494,14
15431,2827,8464,17
15432,2550,5846,5
15433,2699,8853,41
15434,4571,9822,29
15435,5614,5674,34
15436,4427,8521,6
15437,4705,8040,40
15438,4225,7058,28
15439,5425,9446,16
15440,5786,5738,9
15441,5575,8959,19
15442,1391,9313,46
15443,5508,8450,11
15444,2282,6725,6
15445,5965,7654,7
15446,1507,6062,8
15447,2723,9684,20
15448,1958,6319,31
15449,2735,5830,26
15450,1763,8586,7
15451,3556,8222,21
15452,3612,8385,26
15453,4694,7148,11
15454,2760,6303,34
15455,3890,8076,12
15456,2343,9806,23
15457,5081,6961,11
15458,2637,6701,5
15459,4510,8021,20
15460,1550,6025,44
15461,3006,5600,35
15462,3184,6442,43
15463,3566,9106,31
15464,1759,7423,14
15465,1324,5646,38
15466,2926,6992,18
15467,1111,8197,6
15468,2824,8373,43
15469,4622,9748,26
15470,2139,6647,30
15471,2721,8142,48
15472,1724,9320,9
15473,3413,6755,42
15474,1767,5751,20
15475,5928,5843,16
15476,4382,8415,45
15477,3161,8429,48
15478,2294,8511,46
15479,3368,7304,21
15480,5018,7715,29
15481,5271,6506,28
15482,2959,6428,15
15483,5222,8855,22
15484,1995,7743,40
15485,2852,9072,7
15486,3977,8275,23
15487,4872,7609,10
15488,4224,7375,27
15489,5011,7465,44
15490,5295,8806,11
15491,2223,8936,48
15492,5783,6384,13
15493,2477,8621,6
15494,5878,8277,49
15495,1941,7951,15
15496,4252,5280,7
15497,1818,8979,46
15498,4917,7271,34
15499,3071,7156,12
15500,1637,5684,41
15501,5807,5602,25
15502,3377,7044,12
15503,4676,6533,15
15504,4402,5961,45
15505,3521,8078,38
15506,3526,5507,43
15507,3636,6823,20
15508,5215,6195,11
15509,1260,5875,8
15510,3997,7316,36
15511,1756,9289,41
15512,5102,7804,26
15513,1066,7808,11
15514,5078,7118,17
15515,3779,8191,22
15516,2170,8789,46
15517,5125,9606,38
15518,2667,5734,17
15519,1660,9556,38
15520,5996,6662,33
15521,6000,9554,9
15522,4542,9663,35
15523,1361,9135,15
15524,4798,5970,42
15525,3074,5262,8
15526,4362,9280,11
15527,3119,9616,27
15528,4934,8600,35
15529,4761,8960,21
15530,1177,5386,14
15531,5041,9349,26
15532,2313,6035,34
15533,5671,6540,33
15534,5000,6807,21
15535,4048,9164,47
15536,1531,7475,25
15537,4556,7057,26
15538,4506,9633,43
15539,5589,6601,44
15540,4418,8688,26
15541,4651,9791,31
15542,2262,5801,27
15543,3887,7070,8
15544,5943,8276,30
15545,5389,9251,43
15546,1256,8595,21
15547,2779,7858,7
15548,5761,6486,21
15549,5361,9174,47
15550,2981,9815,44
15551,2588,9859,23
15552,4553,9153,43
15553,1401,5339,22
15554,5873,5274,32
15555,4638,8962,19
15556,2215,6893,30
15557,2148,8757,39
15558,4949,9529,20
15559,3451,7439,19
15560,4394,6922,9
15561,4143,8414,28
15562,1874,6284,6
15563,1374,9092,40
15564,2195,7222,49
15565,4528,6748,35
15566,5958,8267,34
15567,4482,8513,16
15568,5397,8379,41
15569,3150,9404,25
15570,3058,7643,16
15571,4113,5556,44
15572,3418,7255,41
15573,1126,6141,39
15574,3833,8805,26
15575,5479,6786,49
15576,1450,6114,40
15577,5619,8100,12
15578,2010,8616,31
15579,4779,6241,31
15580,1942,8893,40
15581,4604,5071,11
15582,4981,9126,7
15583,5369,7869,8
15584,1502,9767,28
15585,4819,6545,12
15586,2251,7371,49
15587,3389,7418,17
15588,3320,6180,13
15589,4196,7714,24
15590,3958,6107,24
15591,2197,7453,9
15592,4275,9709,9
15593,2057,8352,39
15594,3259,5281,5
15595,5909,6716,46
15596,4049,6114,19
15597,4123,7177,21
15598,2907,9405,16
15599,3940,6988,40
15600,4479,9581,47
15601,1541,8179,19
15602,1518,8022,18
15603,5229,8071,31
15604,1424,6529,26
15605,1858,7840,13
15606,5178,9379,25
15607,3837,6131,7
15608,2753,8405,35
15609,2667,9966,17
15610,2864,9357,6
15611,5462,8302,18
15612,3414,6930,11
15613,3119,9317,33
15614,5422,5693,8
15615,2350,7446,8
15616,3892,5714,28
15617,2071,7845,46
15618,2754,9726,25
15619,3137,9725,49
15620,4859,7757,32
15621,2421,6730,42
15622,4488,6828,12
15623,3942,6522,46
15624,5266,5301,21
15625,2389,9093,13
15626,1620,6029,24
15627,4400,8919,9
15628,2257,6820,39
15629,5778,9123,45
15630,4719,6711,33
15631,2011,8187,16
15632,3684,9474,36
15633,1426,9193,35
15634,5025,6160,35
15635,1217,5388,5
15636,1610,6904,47
15637,5454,9260,9
15638,1186,6899,40
15639,1725,6439,16
15640,5966,9777,20
15641,1824,6002,20
15642,2768,6160,25
15643,2978,9254,37
15644,5775,5813,30
15645,4890,6390,7
15646,2185,8011,27
15647,5380,7397,29
15648,1184,9490,24
15649,4609,6348,40
15650,4767,7996,39
15651,2620,6538,47
15652,5327,9939,37
15653,3436,6487,9
15654,1735,8147,8
15655,1158,6783,12
15656,2342,7549,15
15657,4493,6751,47
15658,4255,7014,31
15659,2076,7236,14
15660,2862,8565,49
15661,3630,9461,24
15662,6000,7549,36
15663,3965,7225,31
15664,1889,9725,22
15665,2134,5970,30
15666,5239,5273,39
15667,5303,6587,32
15668,1166,7825,5
15669,4757,8519,38
15670,5490,7389,30
15671,1121,9021,10
15672,3998,9601,29
15673,5509,9957,21
15674,4212,8821,30
15675,2976,7785,25
15676,4156,5629,36
15677,1421,9346,29
15678,2730,9608,36
15679,3836,5345,45
15680,5364,9643,23
15681,3086,5556,6
15682,3386,9011,39
15683,2778,7920,20
15684,3378,5460,20
15685,5295,7789,37
15686,3858,7812,28
15687,5101,7536,35
15688,2456,8116,46
15689,1989,7550,27
15690,5991,5060,21
15691,2891,9673,37
15692,3483,8186,41
15693,1650,6795,40
15694,2829,9445,23
15695,3429,6965,25
15696,5675,9770,43
15697,3318,6494,44
15698,1047,9772,23
15699,5461,7597,12
15700,3116,9234,30
15701,3255,9914,45
15702,1073,7666,22
15703,4458,9177,18
15704,3023,9399,22
15705,5086,8070,41
15706,3078,7457,32
15707,2027,7768,37
15708,2544,7413,10
15709,5617,8063,11
15710,5497,7137,9
15711,3037,9341,31
15712,5750,6804,12
15713,1848,6097,42
15714,5081,8749,37
15715,2496,5211,16
15716,1935,5534,41
15717,2396,5941,41
15718,1539,8938,19
15719,4420,6266,21
15720,1071,5012,41
15721,1256,7002,46
15722,3195,5517,33
15723,1902,9890,7
15724,1670,9443,15
15725,2884,7068,30
15726,1140,6725,44
15727,3703,7184,49
15728,3669,9542,10
15729,2447,5173,39
15730,3919,9255,28
15731,4904,6815,43
15732,5160,6676,38
15733,2295,5004,28
15734,1868,6611,23
15735,3883,7794,17
15736,5609,7421,47
15737,2417,9378,13
15738,4073,7791,23
15739,4333,7331,36
15740,5964,6501,25
15741,5874,9331,36
15742,3583,6726,16
15743,1359,8929,33
15744,2501,9434,37
15745,2939,5456,5
15746,1815,8970,8
15747,1596,6919,17
15748,1227,6383,27
15749,3996,9506,32
15750,4836,6989,47
15751,5913,5558,16
15752,4319,9558,23
15753,3065,9287,37
15754,3352,8991,22
15755,2538,6169,38
15756,2365,6368,34
15757,3829,8688,47
15758,2085,6600,10
15759,1267,5157,8
15760,2271,8380,16
15761,1035,9990,27
15762,5882,9958,32
15763,1068,6048,15
15764,1189,5931,32
15765,5137,6125,44
15766,5704,6282,38
15767,1683,9757,38
15768,3955,6129,25
15769,4139,8653,40
15770,2332,7083,32
15771,4191,9435,38
15772,1853,9816,45
15773,4059,6177,33
15774,1757,5506,30
15775,4997,5225,17
15776,2695,8839,38
15777,2308,9053,23
15778,3596,5180,12
15779,2219,9515,33
15780,1484,6329,47
15781,5684,9752,44
15782,4989,5742,20
15783,4550,9410,32
15784,2122,8890,34
15785,1282,5308,27
15786,1630,6267,33
15787,3467,6269,24
15788,5319,8681,21
15789,5176,8029,30
15790,5922,9048,43
15791,3730,6054,37
15792,4465,6644,18
15793,3382,7029,35
15794,3937,7774,20
15795,2352,7026,25
15796,3306,7031,39
15797,4439,8009,23
15798,1837,7664,10
15799,4450,7009,27
15800,5551,9594,30
15801,3067,6663,13
15802,4002,8415,17
15803,1433,5033,48
15804,5348,7282,19
15805,5892,5530,36
15806,4915,9983,43
15807,4634,9915,48
15808,3958,9524,21
15809,3786,6290,49
15810,1221,6319,33
15811,3161,6464,44
15812,5656,6585,22
15813,3245,5570,38
15814,4809,5151,29
15815,1780,9974,16
15816,3263,5345,49
15817,5732,6660,19
15818,2040,5934,47
15819,3281,9717,28
15820,2804,9246,13
15821,2389,9841,44
15822,4509,9363,24
15823,3119,9243,29
15824,4784,9999,28
15825,5056,6509,30
15826,2583,8576,18
15827,5018,7552,9
15828,4446,6012,33
15829,1458,9167,12
15830,5307,7309,21
15831,3819,9792,47
15832,4332,5861,26
15833,1677,6435,22
15834,3143,6440,31
15835,2414,8417,6
15836,1906,8954,5
15837,4392,9579,45
15838,4992,6462,12
15839,3223,5162,25
15840,1112,5639,28
15841,4380,6058,6
15842,4874,6454,48
15843,4152,9827,42
15844,2945,7785,32
15845,3501,8368,38
15846,1413,9268,16
15847,5069,8236,9
15848,3652,9295,49
15849,1186,7098,40
15850,2577,6466,12
15851,4159,9426,34
15852,5078,9390,14
15853,1051,7328,25
15854,2170,9460,38
15855,5451,9042,38
15856,1036,7619,8
15857,1277,9250,15
15858,3465,6755,26
15859,1889,5698,45
15860,1404,8958,27
15861,5610,9368,38
15862,3614,7491,34
15863,3489,5513,29
15864,4986,5809,28
15865,4040,6039,29
15866,3123,5544,34
15867,2173,8777,43
15868,5610,7302,48
15869,3588,9842,20
15870,1290,5710,14
15871,3229,6314,35
15872,3314,9402,15
15873,5179,9268,13
15874,2885,9424,40
15875,4837,9249,23
15876,2584,7756,9
15877,2670,9703,16
15878,3247,6773,14
15879,1648,6440,18
15880,4155,9407,24
15881,1266,8316,24
15882,4489,5409,48
15883,3918,9815,40
15884,3779,9723,29
15885,5957,9334,45
15886,1019,7454,9
15887,4602,6583,45
15888,5467,6222,31
15889,4095,5563,6
15890,4828,8778,16
15891,5715,9183,32
15892,1643,6756,48
15893,2546,7838,17
15894,3427,5745,25
15895,1817,5370,47
15896,3872,7092,12
15897,3138,6321,16
15898,3192,5466,45
15899,3669,8494,48
15900,1864,5473,15
15901,5300,6297,23
15902,4628,9269,12
15903,4592,5236,31
15904,4373,8464,11
15905,2931,6679,25
15906,3201,9329,31
15907,1529,5266,18
15908,5063,7405,36
15909,5435,5139,33
15910,4584,9643,28
15911,2533,6366,32
15912,1556,6953,28
15913,4893,5073,6
15914,3801,5163,35
15915,1931,5223,16
15916,3599,5185,5
15917,5194,5095,25
15918,1793,8873,33
15919,3470,5684,34
15920,5036,8381,46
15921,5176,5976,5
15922,5384,8220,26
15923,3895,8694,46
15924,2770,7545,12
15925,4918,8233,17
15926,4151,5061,18
15927,5167,6461,46
15928,5359,5482,5
15929,1712,9211,36
15930,3578,9079,42
15931,5881,9650,16
15932,5306,8652,49
15933,5051,6175,20
15934,3165,7596,28
15935,4149,9236,48
15936,5411,8807,24
15937,2947,5490,47
15938,2573,6931,48
15939,5357,5897,36
15940,4646,9301,31
15941,1200,7343,38
15942,3378,7909,26
15943,5069,7719,7
15944,1090,8256,21
15945,1591,5018,18
15946,1092,8907,31
15947,4658,9717,43
15948,3104,9739,24
15949,4816,9077,35
15950,2966,5542,45
15951,5157,5198,35
15952,3165,6266,33
15953,1590,9884,46
15954,5332,5977,47
15955,3081,5609,36
15956,4639,5465,34
15957,4315,6028,47
15958,1786,6262,31
15959,5117,7600,23
15960,2889,7957,32
15961,5046,7030,49
15962,4785,8401,14
15963,2178,6818,20
15964,2278,5241,35
15965,3966,7857,14
15966,1302,8882,14
15967,3345,6762,32
15968,5869,6183,16
15969,4216,7091,37
15970,4316,6941,32
15971,5515,7923,22
15972,1062,5413,32
15973,1858,8224,32
15974,1538,6104,47
15975,2341,8209,43
15976,5792,6410,18
15977,1818,5165,12
15978,4108,9805,34
15979,1975,9870,40
15980,5638,6072,7
15981,4653,6151,14
15982,4304,5368,13
15983,2712,7555,44
15984,1790,5613,17
15985,3081,5077,26
15986,1581,7755,28
15987,3042,8273,11
15988,1352,9164,17
15989,3303,6052,10
15990,2074,7984,14
15991,3032,7105,15
15992,5369,6227,33
15993,2883,9663,20
15994,5346,8155,24
15995,2261,6275,25
15996,1232,7390,33
15997,1957,9535,18
15998,5730,5872,45
15999,5338,6962,20
16000,3182,7181,13
16001,2095,8941,10
16002,4930,7477,42
16003,4537,6568,33
16004,4493,7316,22
16005,4382,7155,28
16006,2303,9162,21
16007,5315,6076,40
16008,1697,7036,25
16009,1307,5390,23
16010,3024,9825,27
16011,1314,7735,31
16012,4475,7957,15
16013,2403,8863,30
16014,5377,8565,15
16015,4399,9078,47
16016,1035,7569,26
16017,3118,5362,23
16018,1360,5059,12
16019,1408,9581,27
16020,5676,6125,27
16021,5702,6781,44
16022,4110,5340,13
16023,4934,9582,28
16024,3093,7737,16
16025,1137,6040,16
16026,3871,5121,36
16027,1979,8814,6
16028,5916,5745,10
16029,2485,9482,8
16030,3415,9544,17
16031,4377,7952,40
16032,1467,8955,45
16033,5934,6023,43
16034,1975,9961,42
16035,5719,8362,22
16036,2923,6776,19
16037,3598,6909,37
16038,3652,8033,46
16039,2800,7656,34
16040,2016,5588,40
16041,2749,7031,29
16042,4318,5383,8
16043,1685,5690,22
16044,4151,5204,49
16045,2457,9082,37
16046,1369,9122,24
16047,5447,6877,46
16048,5614,6701,25
16049,2345,6591,5
16050,5118,5868,38
16051,1179,9370,13
16052,3756,7065,5
16053,2133,6488,31
16054,2480,7346,19
16055,4067,7641,28
16056,5029,6051,29
16057,5627,7044,38
16058,3412,9279,48
16059,2921,8588,14
16060,3473,8404,34
16061,1959,6608,49
16062,4288,9516,45
16063,2072,9900,29
16064,2489,9535,7
16065,5768,6021,26
16066,2934,5523,44
16067,3017,5571,28
16068,5975,9810,31
16069,4938,8340,30
16070,4036,9209,20
16071,4262,7453,42
16072,3200,8474,45
16073,2400,8186,8
16074,3303,5847,27
16075,5854,8393,23
16076,5283,6335,19
16077,1879,7898,35
16078,5769,6912,28
16079,5972,5300,15
16080,5214,9959,14
16081,4695,6086,12
16082,1871,5084,7
16083,1706,9057,23
16084,3690,6377,8
16085,3260,6693,33
16086,5582,8575,49
16087,4868,5924,45
16088,2578,9986,25
16089,2968,6499,49
16090,2253,7027,13
16091,2253,9599,22
16092,4050,8871,23
16093,5439,9790,21
16094,4129,7147,48
16095,2667,6726,47
16096,5390,7811,28
16097,1028,7295,10
16098,4610,7313,35
16099,2620,6593,31
16100,3907,5425,38
16101,2345,9891,31
16102,4914,7372,31
16103,4786,7840,39
16104,5669,9944,16
16105,4769,5062,33
16106,4830,8559,10
16107,1928,6785,41
16108,2779,7917,11
16109,4104,8445,10
16110,3445,5515,23
16111,4089,9844,18
16112,5466,9713,25
16113,1164,5099,18
16114,5000,5323,44
16115,3758,7640,18
16116,4574,9251,36
16117,1351,9638,30
16118,1201,8683,7
16119,3553,9242,19
16120,4929,7974,25
16121,2052,6498,34
16122,5433,9960,18
16123,1287,7750,43
16124,3679,9885,41
16125,2796,6932,45
16126,4559,9353,32
16127,1107,5439,6
16128,3554,5537,26
16129,4514,7223,11
16130,1117,5713,48
16131,2269,7539,36
16132,1741,9315,20
16133,1023,9153,40
16134,1361,9839,6
16135,5094,7767,21
16136,5796,5990,7
16137,2451,9068,27
16138,1217,5302,41
16139,3755,6013,43
16140,1628,8651,32
16141,4268,5247,49
16142,1567,7064,45
16143,4759,6359,12
16144,3491,9307,37
16145,3021,6610,8
16146,4531,8602,11
16147,3507,6046,15
16148,4556,9215,44
16149,3192,6552,12
16150,5410,8256,24
16151,3923,6539,47
16152,1729,6516,43
16153,4329,9602,32
16154,1474,8707,15
16155,5781,6779,26
16156,1606,5437,40
16157,4571,5803,10
16158,2243,9199,11
16159,4603,9801,14
16160,4755,5825,44
16161,5371,8806,8
16162,4879,5304,13
16163,2900,5494,42
16164,4744,5087,23
16165,5848,8298,37
16166,3265,8320,42
16167,4146,8577,26
16168,1676,8821,43
16169,5054,6050,5
16170,1710,8602,25
16171,1923,9227,11
16172,4400,9866,11
16173,1408,7984,26
16174,5244,8121,17
16175,2110,9920,27
16176,4593,5528,26
16177,5599,5034,30
16178,2789,7080,22
16179,4960,5010,11
16180,2491,6728,6
16181,4585,7779,23
16182,4851,8421,18
16183,5201,8228,29
16184,2482,8099,37
16185,2281,9045,43
16186,4943,6177,24
16187,5855,9724,48
16188,1875,6274,9
16189,1112,7477,25
16190,1202,8578,17
16191,5714,7342,18
16192,3654,9540,20
16193,1995,9384,49
16194,5121,7354,45
16195,5753,8143,32
16196,2532,7211,5
16197,2390,7636,6
16198,1531,8415,12
16199,2618,7028,17
16200,5142,9727,42
16201,1365,9895,23
16202,4372,7000,6
16203,3825,9705,35
16204,2373,6025,14
16205,3858,6622,9
16206,3238,9572,27
16207,4475,8012,34
16208,5445,5911,36
16209,5469,5615,5
16210,4577,9081,49
16211,4363,9518,48
16212,5044,6005,46
16213,4976,8223,7
16214,1985,6016,34
16215,3159,8487,41
16216,2527,5007,32
16217,4373,8766,25
16218,2037,8538,17
16219,5619,9200,44
16220,4174,9051,30
16221,2990,7512,44
16222,3245,8636,34
16223,3103,7896,28
16224,3231,8801,42
16225,2043,8906,45
16226,5459,7414,9
16227,3521,6917,20
16228,5105,9278,46
16229,3708,7291,20
16230,2330,9316,14
16231,4656,6892,22
16232,4906,9131,42
16233,2081,8864,21
16234,4606,5675,45
16235,1824,7910,44
16236,4620,6901,35
16237,4251,8943,30
16238,3116,9504,30
16239,4568,9100,44
16240,1048,9457,16
16241,2441,8038,22
16242,4736,5590,38
16243,1945,6890,39
16244,4269,7383,15
16245,4642,8363,34
16246,4120,7333,49
16247,2984,6060,15
16248,1355,8396,8
16249,4306,5395,40
16250,5533,5567,14
16251,5796,6073,38
16252,2918,7511,35
16253,5186,7403,36
16254,1369,7103,32
16255,3987,8384,47
16256,2193,9938,41
16257,2387,9356,36
16258,4994,9973,36
16259,4003,5915,21
16260,2897,6112,38
16261,3548,10000,39
16262,5800,8462,43
16263,2554,8924,25
16264,3811,7318,36
16265,4033,5966,38
16266,1112,8532,38
16267,5073,6150,12
16268,2064,7233,20
16269,5198,5365,39
16270,2393,8614,27
16271,2198,9816,26
16272,4898,6032,35
16273,1341,5654,33
16274,3862,8796,42
16275,5292,8868,23
16276,2206,9087,49
16277,2575,8204,40
16278,4307,9419,13
16279,5601,7150,39
16280,2541,9891,5
16281,4585,6490,37
16282,5054,9840,21
16283,2927,8875,30
16284,4520,9984,17
16285,2406,8639,9
16286,3014,6278,23
16287,1448,9823,46
16288,2721,9907,13
16289,4868,9425,10
16290,5094,8371,25
16291,1034,7418,26
16292,1497,8743,43
16293,3912,5259,9
16294,2404,9473,26
16295,4220,5145,11
16296,3711,8111,30
16297,2603,7754,29
16298,5686,5709,9
16299,5773,5246,36
16300,4713,9429,12
16301,4603,6612,13
16302,5097,7813,32
16303,3335,9374,24
16304,2280,6388,8
16305,4246,8524,7
16306,5950,6735,48
16307,1050,5252,45
16308,3665,7944,46
16309,2775,7006,15
16310,4589,8314,33
16311,5047,6277,47
16312,1066,6028,26
16313,5224,6397,12
16314,3745,6449,38
16315,1188,6203,35
16316,5674,5012,8
16317,5040,6317,19
16318,3889,5770,22
16319,5858,7307,15
16320,1667,9525,31
16321,1933,6357,23
16322,2971,8184,13
16323,4853,6974,29
16324,5141,7254,26
16325,3177,7270,27
16326,1618,6037,41
16327,5859,7553,14
16328,1793,7649,21
16329,2251,6755,17
16330,4994,8287,8
16331,3445,9039,36
16332,3323,9618,32
16333,5234,8801,34
16334,2351,6145,44
16335,3831,6699,25
16336,3276,7353,19
16337,3207,5220,7
16338,2918,6633,21
16339,4835,5611,19
16340,3078,9230,37
16341,2122,9924,9
16342,1609,9945,12
16343,1769,9243,13
16344,1784,8185,30
16345,3930,5433,6
16346,3390,8438,41
16347,1168,8106,40
16348,5780,5062,16
16349,4257,9183,23
16350,3480,5891,31
16351,5135,8707,28
16352,1980,8922,6
16353,3435,7973,20
16354,5023,6340,6
16355,3817,9495,25
16356,1791,7861,14
16357,5838,7379,46
16358,2475,9859,21
16359,4187,7083,16
16360,5002,5778,11
16361,3449,6407,13
16362,4675,8758,14
16363,4381,7758,20
16364,2127,6747,5
16365,2751,8568,13
16366,5198,7125,17
16367,5751,7422,20
16368,4162,5053,38
16369,4190,9354,45
16370,1752,7180,34
16371,2233,6735,17
16372,1859,8467,12
16373,5415,9691,15
16374,4861,5928,35
16375,5729,9345,47
16376,4942,9017,15
16377,3700,9750,11
16378,3001,6447,5
16379,1240,7700,27
16380,3191,5340,36
16381,5215,7422,19
16382,5692,9981,22
16383,3016,8947,32
16384,1163,7564,18
16385,5750,8340,17
16386,1350,9000,38
16387,1031,6381,24
16388,3139,9943,28
16389,3176,7356,32
16390,3827,8939,15
16391,4620,5602,32
16392,1848,6672,26
16393,1792,7780,34
16394,1509,8766,42
16395,5841,7539,21
16396,5836,5639,26
16397,5333,7686,5
16398,2013,9076,24
16399,4025,9803,9
16400,4071,6375,37
16401,2075,6727,49
16402,1469,5657,5
16403,2916,7963,48
16404,5484,9914,13
16405,1736,7876,36
16406,5750,5580,30
16407,3857,5160,49
16408,5478,8573,46
16409,1096,6490,10
16410,1912,7896,34
16411,5883,8929,44
16412,5389,7546,27
16413,4307,5464,43
16414,5437,7390,29
16415,1719,5508,29
16416,4005,6308,17
16417,2374,6022,29
16418,3429,7623,21
16419,4682,7934,48
16420,3810,7943,31
16421,4220,9792,15
16422,3614,8394,10
16423,1505,7844,19
16424,3266,5666,41
16425,5061,8644,36
16426,3985,5768,28
16427,3797,7231,15
16428,5932,5384,46
16429,4927,9121,33
16430,4809,6338,12
16431,1489,7086,41
16432,3259,9398,14
16433,3714,9043,14
16434,5355,9060,5
16435,2251,6393,49
16436,4961,7148,27
16437,2415,6412,22
16438,1992,7707,27
16439,1400,6816,9
16440,5405,9151,42
16441,5056,7632,35
16442,5100,7175,46
16443,2568,9052,43
16444,4818,8393,24
16445,3274,8468,33
16446,2126,9249,37
16447,4324,6173,43
16448,3604,5226,36
16449,4500,9934,29
16450,2566,7740,48
16451,1919,6334,31
16452,5620,5419,27
16453,5622,9611,6
16454,2316,9385,8
16455,5120,7249,29
16456,2655,9969,49
16457,4459,7715,27
16458,2614,7817,45
16459,1242,5168,40
16460,5299,6699,45
16461,5333,6319,27
16462,1951,8083,37
16463,4070,7405,32
16464,1294,6995,12
16465,5306,7179,37
16466,1788,9700,33
16467,2633,8386,19
16468,4074,5111,19
16469,5071,5247,41
16470,3277,9508,23
16471,5506,7621,47
16472,4315,9546,25
16473,2492,6986,39
16474,5554,6445,30
16475,3602,6480,32
16476,3261,7792,26
16477,2832,9221,40
16478,1386,7989,20
16479,1528,7308,16
16480,2412,5535,32
16481,4351,5080,11
16482,5198,9368,37
16483,1390,8637,28
16484,2226,5402,15
16485,4639,8125,19
16486,4793,9368,23
16487,1841,5896,19
16488,2378,8764,13
16489,1235,9467,17
16490,1114,8897,33
16491,4139,7760,30
16492,1809,7240,27
16493,3151,5980,21
16494,1411,8095,9
16495,2319,6576,20
16496,5087,8982,43
16497,5904,6360,34
16498,2588,6554,25
16499,2061,7536,9
16500,1067,6188,30
16501,3254,9068,47
16502,1341,6384,34
16503,4978,8241,26
16504,3474,7396,49
16505,1956,9862,6
16506,5305,8284,48
16507,3011,6909,16
16508,2889,7625,46
16509,1369,7578,31
16510,2763,8162,30
16511,1994,6038,49
16512,1082,5019,48
16513,2188,5621,29
16514,1377,8612,23
16515,1003,8932,31
16516,1684,6514,21
16517,4190,7385,10
16518,4728,7334,27
16519,1764,9350,22
16520,1266,7645,47
16521,3483,8557,48
16522,3730,6302,6
16523,1725,8407,49
16524,3841,8282,23
16525,3424,5638,8
16526,3414,6264,37
16527,5863,5919,38
16528,3476,9916,36
16529,2065,5681,22
16530,3292,7864,48
16531,3893,9933,13
16532,5399,5473,41
16533,5466,6793,40
16534,5947,7744,7
16535,3323,9325,22
16536,1047,8480,44
16537,3165,8471,29
16538,4662,6708,6
16539,3565,8665,48
16540,4326,9145,5
16541,5928,9823,28
16542,3667,8012,28
16543,1756,8167,46
16544,4245,7166,44
16545,2453,9706,8
16546,1905,6098,39
16547,3455,9133,39
16548,4488,8402,16
16549,5061,6450,27
16550,4764,9283,26
16551,1779,7507,30
16552,2791,8039,8
16553,5928,5778,11
16554,2602,6333,27
16555,5740,6450,35
16556,5509,8464,11
16557,4844,7900,26
16558,4676,9504,43
16559,4858,9167,44
16560,2006,7197,23
16561,3701,6461,34
16562,1232,8871,30
16563,4654,6381,45
16564,5587,7957,26
16565,3134,6329,13
16566,4837,6140,33
16567,2691,9817,36
16568,2224,8123,22
16569,5971,6096,35
16570,3204,8995,36
16571,1898,6664,13
16572,2870,7809,34
16573,1152,7874,41
16574,2352,9239,36
16575,1172,6191,12
16576,2430,8142,28
16577,5858,8592,8
16578,4434,6187,21
16579,4200,6599,25
16580,2899,8359,13
16581,2360,8325,9
16582,1693,5706,9
16583,1100,8881,34
16584,4443,9353,10
16585,4050,7890,42
16586,2921,6530,12
16587,1428,9716,37
16588,1587,8964,19
16589,3968,6849,41
16590,4205,8577,13
16591,1256,6547,7
16592,2474,8802,35
16593,1721,7607,43
16594,3001,9034,11
16595,4008,5345,20
16596,3628,7427,32
16597,5503,9228,39
16598,3290,6235,19
16599,5211,9813,11
16600,2732,6619,39
16601,5902,9173,35
16602,3178,6164,42
16603,2581,8200,12
16604,4227,5754,42
16605,1994,6591,20
16606,2997,9163,38
16607,5591,9568,5
16608,2853,9247,23
16609,1082,9100,18
16610,4851,8090,23
16611,4013,7572,27
16612,3717,9352,8
16613,2456,8107,38
16614,2198,9686,6
16615,4113,6887,16
16616,3917,9419,27
16617,2312,9549,47
16618,1561,8904,22
16619,3105,7909,36
16620,3054,9455,21
16621,2599,9129,35
16622,1945,6352,40
16623,1579,5436,30
16624,1915,8491,16
16625,1162,8988,39
16626,1775,9945,20
16627,1057,7861,8
16628,2190,9173,32
16629,5045,6074,42
16630,1546,7490,37
16631,3981,5670,41
16632,5907,5463,14
16633,5143,5377,35
16634,2414,7594,18
16635,3416,5436,9
16636,5084,6021,14
16637,4389,5724,29
16638,4204,7940,45
16639,2413,7203,49
16640,3630,9365,21
16641,1572,8624,24
16642,2741,7208,37
16643,4928,9216,13
16644,1348,8386,35
16645,1845,7094,9
16646,3666,7517,33
16647,5593,8454,8
16648,5792,7670,35
16649,4591,9027,8
16650,3500,6145,22
16651,1543,8009,22
16652,1216,6313,44
16653,3901,7560,38
16654,5394,8630,18
16655,2370,9662,30
16656,1286,6028,27
16657,4060,9087,37
16658,5222,6937,21
16659,1051,9848,46
16660,2726,6616,36
16661,5567,9297,39
16662,2400,9352,47
16663,4437,5199,34
16664,4304,7121,19
16665,3718,5951,11
16666,2330,7736,10
16667,5534,7267,13
16668,4323,6760,17
16669,3899,6457,44
16670,3390,5407,22
16671,1749,5795,39
16672,1524,7841,5
16673,1655,6117,28
16674,5602,6104,40
16675,5495,9188,20
16676,3954,7580,22
16677,4190,7131,7
16678,3109,9506,46
16679,2939,7492,41
16680,2205,7178,12
16681,5040,9867,22
16682,5083,8943,33
16683,5063,9280,41
16684,1265,7713,31
16685,4335,5365,48
16686,1712,5196,33
16687,1913,9306,8
16688,2735,9231,16
16689,2446,9690,17
16690,3137,8655,18
16691,1332,9600,18
16692,4850,9573,14
16693,4835,9540,26
16694,1152,7732,13
16695,1708,7171,28
16696,1421,6986,21
16697,1253,7542,28
16698,1999,8991,9
16699,4556,9486,38
16700,1293,7111,46
16701,2241,8966,5
16702,1169,8481,31
16703,3782,7568,44
16704,1037,9341,12
16705,2445,9380,10
16706,5392,8893,9
16707,3368,6912,22
16708,1923,5711,11
16709,2821,9091,40
16710,3443,6591,37
16711,5745,9751,38
16712,5379,6341,36
16713,2663,5822,7
16714,1999,7245,5
16715,5182,9381,25
16716,5303,6617,17
16717,4947,8181,12
16718,3525,8867,48
16719,1131,9211,34
16720,5232,5753,12
16721,4418,6932,31
16722,3218,7554,43
16723,4017,5331,27
16724,2187,8044,12
16725,5295,9050,19
16726,5835,5667,11
16727,3813,8387,16
16728,2518,9678,40
16729,5199,5691,42
16730,5644,6704,47
16731,1006,8078,34
16732,1711,9867,14
16733,1012,9378,23
16734,3151,7338,22
16735,2714,7253,48
16736,5523,7952,24
16737,5267,7380,6
16738,5185,6257,34
16739,4419,5032,48
16740,5951,5192,47
16741,4283,9503,47
16742,4605,7651,15
16743,3648,7083,26
16744,4597,8970,46
16745,4983,7380,23
16746,1178,9113,7
16747,3611,5854,8
16748,5514,7057,39
16749,1554,6302,42
16750,4390,6828,13
16751,1242,9263,12
16752,5000,6617,38
16753,2380,9123,35
16754,2597,5118,44
16755,4530,7787,23
16756,3005,7400,41
16757,2947,6297,36
16758,2301,5317,48
16759,4090,8601,48
16760,4396,6720,32
16761,2071,6072,45
16762,5918,6040,22
16763,4785,6494,29
16764,2789,8777,14
16765,5288,6307,9
16766,2773,7062,19
16767,4806,6372,29
16768,3215,5367,24
16769,1057,9324,14
16770,1238,6652,42
16771,1733,8445,45
16772,4890,8890,32
16773,3825,5736,10
16774,2228,8613,15
16775,5238,9049,23
16776,3455,8477,20
16777,5912,8132,36
16778,5306,5867,6
16779,1768,5660,43
16780,4384,8124,30
16781,3425,6860,25
16782,4425,7366,42
16783,5549,8733,19
16784,1714,9712,17
16785,1086,5489,11
16786,2579,9747,7
16787,3017,6980,19
16788,4487,7732,24
16789,4428,7172,7
16790,4715,5706,31
16791,5740,9555,19
16792,2272,9773,7
16793,4814,8999,32
16794,2625,6412,5
16795,3409,7694,24
16796,5846,5178,15
16797,3852,6359,29
16798,2398,9632,8
16799,2966,8602,23
16800,5157,8933,32
16801,4242,6696,14
16802,2531,8294,25
16803,1775,6638,40
16804,3462,7906,20
16805,1116,7376,37
16806,2350,9697,49
16807,3746,9766,17
16808,4244,8486,33
16809,3848,7820,8
16810,1627,9919,46
16811,5619,7337,31
16812,2640,8421,12
16813,3223,6090,45
16814,3946,7162,12
16815,3422,8925,29
16816,5728,6828,30
16817,1237,6620,5
16818,4058,7324,47
16819,1968,7933,37
16820,5539,5786,23
16821,3832,8937,24
16822,4928,7962,22
16823,2020,8059,30
16824,3007,8663,43
16825,3894,8715,13
16826,2563,9851,31
16827,1842,9576,10
16828,5731,8498,24
16829,3204,5017,42
16830,1813,9143,5
16831,4900,9488,42
16832,4762,6064,20
16833,4198,5916,8
16834,2710,8916,7
16835,2065,6692,26
16836,5282,5284,13
16837,3509,8006,12
16838,2719,8402,11
16839,4333,6750,16
16840,3594,6378,5
16841,2473,6833,16
16842,1699,9847,20
16843,1945,8126,18
16844,1137,8854,34
16845,2226,8377,47
16846,5989,7367,23
16847,3703,9817,23
16848,5717,6069,17
16849,3205,7410,48
16850,4327,9103,14
16851,3229,9056,33
16852,3457,8261,32
16853,5949,7503,17
16854,4803,9638,49
16855,4100,5369,19
16856,4735,9775,21
16857,5967,7434,27
16858,5708,9779,47
16859,2539,5396,14
16860,2569,5540,40
16861,4271,7668,18
16862,5165,6171,36
16863,1602,6308,38
16864,3065,8676,35
16865,5975,6531,43
16866,4907,6498,36
16867,1546,8814,20
16868,1184,7758,30
16869,1838,9672,21
16870,2893,7907,26
16871,2389,5885,40
16872,2942,5503,39
16873,2458,7985,27
16874,4271,9146,29
16875,3801,8594,9
16876,4304,6994,10
16877,3771,5225,30
16878,2454,7130,42
16879,4636,7230,10
16880,4287,5522,23
16881,2173,9999,47
16882,2712,8432,23
16883,1781,7976,35
16884,2029,9331,41
16885,5724,6491,27
16886,3251,9843,16
16887,5150,7594,17
16888,5384,9139,26
16889,4670,9478,7
16890,2069,6157,16
16891,1284,9499,41
16892,1833,8442,35
16893,5678,9150,17
16894,4489,5654,27
16895,5368,7609,17
16896,4213,9875,10
16897,1917,5159,7
16898,1571,5138,11
16899,3800,5533,14
16900,3095,9993,35
16901,4239,8374,8
16902,5568,5715,48
16903,5907,8691,10
16904,1621,8146,22
16905,5773,7325,11
16906,1771,5421,38
16907,5794,8045,27
16908,4348,7105,12
16909,2615,9665,28
16910,1065,9165,32
16911,4699,8270,49
16912,1202,6176,7
16913,5238,5720,17
16914,4170,9284,43
16915,3865,6687,37
16916,2158,8119,20
16917,3310,8572,15
16918,1102,5180,33
16919,1377,6773,29
16920,1206,5008,21
16921,4725,9256,41
16922,5857,7518,10
16923,3058,9101,18
16924,4664,7888,23
16925,2635,9477,41
16926,2061,7003,47
16927,3824,8756,16
16928,1890,5973,23
16929,2563,9400,25
16930,4196,7821,33
16931,5499,8036,32
16932,1811,8743,21
16933,2059,9368,6
16934,2261,9219,10
16935,3547,9607,29
16936,1512,7327,23
16937,2847,8439,10
16938,5413,7839,5
16939,5399,9816,38
16940,2126,6874,25
16941,4661,5397,25
16942,5178,7349,48
16943,1658,8466,31
16944,1053,9699,27
16945,5441,9312,40
16946,2109,5001,40
16947,1987,6195,36
16948,5737,8041,43
16949,1211,6100,49
16950,5960,8552,21
16951,1776,7672,18
16952,1915,5762,26
16953,5279,9363,21
16954,1506,5096,33
16955,4299,9017,42
16956,2858,7801,30
16957,5189,6574,35
16958,5426,9408,38
16959,3238,5267,31
16960,3914,8665,21
16961,4002,6122,27
16962,1261,7605,38
16963,1710,8206,22
16964,2952,9651,25
16965,3371,6118,24
16966,1088,8252,36
16967,4390,6895,16
16968,4295,7304,8
16969,3735,8006,13
16970,3257,7802,15
16971,2073,8917,34
16972,4608,6653,49
16973,4922,9654,30
16974,3970,9777,36
16975,3311,7438,32
16976,4278,7774,44
16977,4753,9833,41
16978,4569,9046,46
16979,4970,7096,45
16980,3718,7659,20
16981,2489,7843,12
16982,2659,8334,7
16983,3068,7301,7
16984,3616,6727,14
16985,4018,5513,16
16986,2132,5796,19
16987,3188,9960,31
16988,1271,9252,15
16989,2597,6627,10
16990,4527,8282,16
16991,5380,9420,22
16992,1366,6065,29
16993,3532,5362,38
16994,1003,7420,30
16995,4052,7999,28
16996,1784,7683,20
16997,3212,8734,40
16998,5484,5752,40
16999,2033,6337,25
17000,3060,6302,34
17001,5170,9418,24
17002,1238,6961,46
17003,4884,9651,23
17004,4180,8106,15
17005,2986,9210,18
17006,2463,5002,40
17007,1872,5750,20
17008,2222,8080,7
17009,2667,7849,26
17010,4437,8602,47
17011,2657,9669,9
17012,2132,9179,6
17013,2972,6034,16
17014,1811,5434,49
17015,1056,5618,6
17016,4524,5790,41
17017,3663,8623,23
17018,4280,7918,28
17019,2534,9417,9
17020,5012,5798,30
17021,1934,6779,32
17022,1663,7927,39
17023,4846,8758,23
17024,4024,8241,35
17025,3678,5652,23
17026,1144,6297,47
17027,4276,7754,48
17028,5325,9465,23
17029,1240,5472,24
17030,3005,9852,46
17031,4770,6319,21
17032,5247,9975,16
17033,4397,5984,39
17034,1803,9744,30
17035,1353,7651,12
17036,2975,8610,44
17037,2134,6612,29
17038,5562,7595,29
17039,2064,5207,49
17040,2396,9885,26
17041,2549,8237,17
17042,2531,5124,46
17043,1053,9369,19
17044,4152,5474,27
17045,3787,5354,32
17046,2145,7145,17
17047,3113,5537,36
17048,1296,6085,15
17049,3990,6118,48
17050,5743,8028,18
17051,2581,5962,39
17052,3426,5758,47
17053,3628,7937,39
17054,5806,6789,44
17055,5163,6320,27
17056,2594,5682,44
17057,1510,5852,17
17058,2892,8910,10
17059,2462,5750,33
17060,3000,9266,46
17061,2971,5863,19
17062,2552,7347,9
17063,4852,5708,37
17064,1102,8968,44
17065,2461,9953,6
17066,3847,7716,37
17067,1734,5920,29
17068,4093,7857,31
17069,3435,6341,29
17070,1533,6675,9
17071,1092,5264,47
17072,2820,8733,44
17073,2157,5480,8
17074,5935,7854,18
17075,1505,6120,21
17076,5937,6418,45
17077,5783,9620,31
17078,3196,8427,40
17079,1934,5402,38
17080,2256,6495,14
17081,1884,7700,26
17082,4237,8851,45
17083,5410,8938,26
17084,3705,9629,32
17085,5060,8759,24
17086,5319,8149,6
17087,5512,5710,27
17088,3110,8427,38
17089,5720,6940,20
17090,3424,5980,32
17091,3647,5425,18
17092,5501,9180,5
17093,2279,5792,45
17094,1390,9753,19
17095,2649,7949,19
17096,1766,9153,29
17097,1348,6636,47
17098,4574,8784,9
17099,2346,5969,12
17100,4006,9497,26
17101,3565,5952,43
17102,1330,5522,42
17103,4535,6975,43
17104,4794,6883,47
17105,1974,9613,18
17106,2246,9545,23
17107,3238,8132,30
17108,3620,8152,42
17109,1205,9096,37
17110,3260,7654,16
17111,5185,7475,33
17112,4003,8625,16
17113,1363,5522,33
17114,4443,9322,45
17115,1332,9197,45
17116,3969,9652,24
17117,5804,5223,38
17118,1422,6750,34
17119,1763,7799,33
17120,3784,7476,43
17121,3758,8137,44
17122,1249,8326,6
17123,4547,5882,30
17124,1483,7342,5
17125,4476,5221,32
17126,4859,7361,12
17127,4233,9678,35
17128,3296,8649,43
17129,5415,5252,23
17130,4012,6788,17
17131,1700,5280,20
17132,5627,9390,27
17133,5092,9275,15
17134,4828,7237,28
17135,2948,7102,14
17136,4862,8650,9
17137,2368,6651,16
17138,1123,7364,40
17139,1750,7231,30
17140,5415,8332,32
17141,2598,5024,20
17142,1586,9947,6
17143,1544,5256,30
17144,3201,6238,8
17145,3704,8943,33
17146,1015,8568,20
17147,2467,6064,26
17148,4376,5795,47
17149,1245,6487,10
17150,3615,7484,32
17151,1899,6235,15
17152,2479,8986,46
17153,2383,7855,25
17154,1052,6995,30
17155,3059,7334,43
17156,5919,7292,26
17157,3275,5762,34
17158,3162,9239,34
17159,4609,6785,37
17160,1604,5320,44
17161,5044,8993,34
17162,5689,9529,41
17163,4493,8651,34
17164,3999,9218,30
17165,4593,9890,10
17166,2005,7780,8
17167,4129,9846,19
17168,4135,8616,40
17169,2812,6997,7
17170,5821,6297,20
17171,1815,8246,20
17172,1532,7286,44
17173,1759,5110,31
17174,1006,5412,10
17175,1585,5071,25
17176,5715,8728,17
17177,4677,5718,13
17178,2535,7471,45
17179,5893,7289,47
17180,2485,8675,12
17181,5452,5719,32
17182,3267,5127,49
17183,3415,5426,23
17184,5985,7326,33
17185,1561,7542,35
17186,5460,7436,37
17187,2414,7819,10
17188,2319,5536,48
17189,3553,8534,8
17190,3861,7335,20
17191,2078,7493,7
17192,3867,6145,29
17193,2835,6722,21
17194,3527,8491,26
17195,1722,8871,22
17196,2245,6780,36
17197,2346,8148,22
17198,5677,5906,30
17199,1746,7132,29
17200,1878,7924,32
17201,1134,6848,44
17202,5814,5307,27
17203,2048,8517,12
17204,3425,8731,17
17205,3700,9433,48
17206,2463,5517,14
17207,2348,5101,45
17208,2365,7148,7
17209,2232,7221,14
17210,5262,7830,19
17211,4706,6909,28
17212,5083,5028,14
17213,2580,9853,25
17214,4420,8337,42
17215,3018,7363,43
17216,5018,9134,46
17217,4038,8677,32
17218,1762,8225,45
17219,4973,7376,6
17220,5745,5048,45
17221,5647,8714,8
17222,1599,5006,47
17223,3203,5770,7
17224,4744,6363,36
17225,1417,8341,38
17226,4434,5817,20
17227,4418,8829,8
17228,3565,5008,22
17229,2083,9873,32
17230,1588,9759,46
17231,5868,7533,10
17232,3808,7760,47
17233,4659,5329,46
17234,3224,9496,5
17235,5418,9876,20
17236,3184,6913,41
17237,3022,7386,13
17238,5776,8981,21
17239,4614,7467,40
17240,3370,8038,38
17241,2360,6195,35
17242,1781,5101,38
17243,2537,7462,41
17244,1171,5323,38
17245,5225,9125,49
17246,3728,8650,41
17247,5493,9847,5
17248,3109,8077,19
17249,2659,5607,35
17250,2796,5517,18
17251,3786,6109,48
17252,1397,9336,38
17253,1804,5839,5
17254,4005,6122,39
17255,4770,8966,15
17256,4290,8342,21
17257,1655,6337,9
17258,2877,6260,21
17259,1268,8281,22
17260,2093,6862,29
17261,2469,5645,39
17262,2322,7229,20
17263,2498,5597,27
17264,5994,7811,44
17265,4080,9537,25
17266,2755,5468,33
17267,2509,5965,40
17268,1822,6638,14
17269,4976,7787,24
17270,3136,7814,11
17271,2165,5227,34
17272,3573,7809,33
17273,5922,6305,5
17274,5671,5514,25
17275,1687,5212,11
17276,1975,5770,48
17277,4288,8312,8
17278,1506,5431,43
17279,2771,8259,19
17280,1074,5260,38
17281,5902,6755,6
17282,1581,7398,41
17283,4141,9803,7
17284,1223,5046,8
17285,5008,5877,47
17286,1897,7918,40
17287,3434,6956,31
17288,4953,6601,8
17289,3170,7275,40
17290,1733,6740,23
17291,2465,8191,38
17292,1823,5334,20
17293,1457,6531,49
17294,3212,5556,44
17295,4335,7049,26
17296,3140,5731,36
17297,4850,9824,6
17298,3384,9034,21
17299,5682,6164,27
17300,1314,6300,48
17301,3650,9463,16
17302,2890,9720,17
17303,4880,7021,14
17304,2490,8687,8
17305,2665,6941,11
17306,3609,9397,6
17307,3533,8072,19
17308,1656,8500,40
17309,4719,6211,13
17310,4983,9254,28
17311,3675,6355,10
17312,5016,8329,11
17313,1201,7131,20
17314,5530,9110,21
17315,1138,8268,34
17316,4064,6236,12
17317,2076,9204,7
17318,2749,9727,29
17319,2476,7779,33
17320,5958,9261,25
17321,4414,7909,10
17322,4905,9443,27
17323,5232,6049,15
17324,4147,6960,10
17325,1449,6579,31
17326,1069,8699,31
17327,5909,5350,17
17328,4633,6479,13
17329,2191,6821,12
17330,2741,6242,49
17331,4733,8931,31
17332,3020,5876,36
17333,4193,8721,33
17334,4893,6542,37
17335,1097,8706,9
17336,5473,8702,42
17337,2515,8539,13
17338,2077,5820,17
17339,1009,8910,37
17340,4053,9017,34
17341,1251,5209,29
17342,1360,6885,10
17343,3397,9503,43
17344,1124,7129,14
17345,5730,8989,40
17346,5295,5107,23
17347,1829,7696,15
17348,2435,7486,21
17349,3078,8086,6
17350,2116,9787,11
17351,1596,9030,45
17352,4087,6426,35
17353,3703,9606,35
17354,3508,6118,21
17355,2745,7130,19
17356,1023,9057,11
17357,1326,5241,34
17358,5973,5165,43
17359,1263,6497,18
17360,4501,8102,35
17361,2586,7507,13
17362,1433,5304,13
17363,1560,9775,6
17364,3556,9891,48
17365,5145,5912,26
17366,2703,7973,20
17367,3489,9020,6
17368,5690,7762,19
17369,5324,5606,10
17370,1214,6039,27
17371,2666,5407,32
17372,3656,6072,47
17373,4479,9210,21
17374,4816,9622,40
17375,3798,9918,23
17376,2042,9444,9
17377,5563,6453,27
17378,3392,7454,48
17379,3372,7988,23
17380,2084,7790,5
17381,5958,8670,31
17382,3726,5201,47
17383,2951,5783,29
17384,1848,7761,10
17385,5672,9922,40
17386,1545,8714,21
17387,5154,5939,16
17388,4890,8117,29
17389,3112,8618,14
17390,5995,7421,43
17391,3173,5764,28
17392,3109,7895,15
17393,1380,6255,28
17394,2162,9620,7
17395,1066,6799,44
17396,1798,9967,24
17397,2817,6270,27
17398,1632,9194,9
17399,2368,7841,40
17400,4776,5713,17
17401,4259,5674,40
17402,1227,9605,10
17403,1192,5942,6
17404,3800,5943,33
17405,2150,9472,9
17406,4004,8744,19
17407,4546,6917,12
17408,5195,8837,38
17409,5440,7429,41
17410,1020,8375,30
17411,4701,6190,13
17412,3407,9857,12
17413,1433,7954,18
17414,2000,7314,29
17415,3659,8625,38
17416,3535,6253,7
17417,4963,6910,36
17418,5426,7247,40
17419,2691,7675,9
17420,1335,8325,19
17421,3554,7603,32
17422,3511,5155,22
17423,3051,7848,49
17424,3717,7675,15
17425,3223,8866,14
17426,2872,9054,8
17427,2605,8642,24
17428,2557,7380,9
17429,3346,9504,5
17430,3166,6528,17
17431,1789,5626,26
17432,1642,5686,17
17433,5302,6466,19
17434,4107,7464,13
17435,2452,8472,7
17436,3990,9237,6
17437,5919,5870,16
17438,3305,8078,28
17439,3230,8814,22
17440,5304,6932,40
17441,1879,5905,29
17442,4713,6851,19
17443,3390,7023,5
17444,2613,6243,12
17445,5474,7627,41
17446,5507,7712,11
17447,5479,6295,39
17448,4465,7786,42
17449,1571,9159,49
17450,2175,5864,20
17451,1280,6557,21
17452,3671,7561,42
17453,3553,7303,34
17454,3154,5737,41
17455,5110,5779,22
17456,3053,8523,40
17457,4067,9716,16
17458,4711,9184,32
17459,1858,6415,15
17460,4801,9785,47
17461,5562,9737,10
17462,5842,9369,30
17463,2857,9733,20
17464,5228,5522,42
17465,1777,7848,13
17466,4763,9112,22
17467,3464,7416,37
17468,5440,9890,23
17469,4449,9456,13
17470,2556,5231,48
17471,4368,9708,46
17472,1578,8465,13
17473,5441,7565,48
17474,3523,5519,9
17475,5621,5484,27
17476,1046,7113,46
17477,2935,7267,38
17478,1981,8852,42
17479,4295,9272,26
17480,3071,8865,9
17481,3115,6034,5
17482,1626,5766,30
17483,4555,8361,22
17484,4650,5988,30
17485,4725,5016,19
17486,1258,6571,6
17487,5044,9428,19
17488,3011,5079,15
17489,3594,8089,49
17490,1253,6819,24
17491,2213,6045,46
17492,3125,6612,21
17493,1725,5432,9
17494,3417,7604,37
17495,5664,7076,48
17496,3672,5613,29
17497,2178,9351,11
17498,3203,5272,38
17499,3842,8708,19
17500,1271,9658,17
17501,1562,9432,36
17502,4140,5758,43
17503,3180,9304,18
17504,2694,9131,24
17505,1845,5114,20
17506,4754,6963,34
17507,4854,8066,45
17508,5316,8949,23
17509,4624,5834,26
17510,5995,5929,41
17511,2103,7083,14
17512,1751,7916,12
17513,3368,6344,33
17514,5414,9314,18
17515,2773,7092,15
17516,5684,6198,34
17517,3087,8851,37
17518,4271,5198,46
17519,5201,5857,38
17520,4866,9398,43
17521,1507,6979,41
17522,5666,8171,46
17523,1329,9501,41
17524,2715,5994,9
17525,1222,5846,45
17526,3704,6748,47
17527,4888,9966,9
17528,5247,6568,21
17529,3771,5346,23
17530,4940,5156,30
17531,1979,8811,6
17532,4094,5142,18
17533,3925,5104,32
17534,1621,6239,8
17535,4466,9050,7
17536,2632,9204,19
17537,4407,8532,26
17538,2838,8876,46
17539,5936,6253,23
17540,2561,9723,38
17541,1044,5208,14
17542,5693,9823,38
17543,5118,8691,20
17544,5322,6763,41
17545,5645,5718,40
17546,5470,8909,49
17547,2028,6429,26
17548,2986,9277,36
17549,2727,5641,48
17550,1833,6823,21
17551,4394,8049,13
17552,3587,8228,37
17553,5468,6920,37
17554,2389,6411,6
17555,1913,5471,18
17556,2093,9100,41
17557,2270,7252,37
17558,1758,6402,5
17559,2789,9679,26
17560,3834,9700,34
17561,4763,6498,31
17562,4062,8463,37
17563,3088,6721,20
17564,4111,5579,14
17565,3793,7484,31
17566,5662,7111,41
17567,4244,7601,6
17568,5398,5743,34
17569,2725,9271,47
17570,1934,8905,23
17571,1555,7031,23
17572,1004,8108,39
17573,2285,9261,15
17574,5069,7229,36
17575,5977,8265,20
17576,4621,9399,21
17577,5506,6735,33
17578,1088,9944,24
17579,5195,7456,40
17580,2641,9110,28
17581,1217,6455,47
17582,1191,7127,8
17583,2734,8956,9
17584,5713,5001,23
17585,2206,5647,28
17586,3643,7543,5
17587,4231,6869,39
17588,4307,8187,6
17589,3848,7624,14
17590,4458,8346,10
17591,5626,5708,44
17592,4356,8396,42
17593,5167,5603,24
17594,3165,7832,23
17595,1100,9494,40
17596,1600,8662,33
17597,1860,9845,45
17598,4892,8384,28
17599,3682,9110,13
17600,3105,7157,36
17601,3241,8910,44
17602,1994,7091,9
17603,4911,7873,25
17604,4582,7406,21
17605,2177,9571,28
17606,5126,6099,31
17607,4441,6951,22
17608,4463,8379,26
17609,2377,8825,10
17610,1572,7553,32
17611,5162,7883,46
17612,3214,9993,24
17613,2516,7011,20
17614,4725,5494,23
17615,5660,6852,12
17616,1180,9944,22
17617,1726,7159,41
17618,5873,9637,49
17619,2041,7295,35
17620,1082,9842,42
17621,4112,8387,6
17622,4019,6419,36
17623,2206,8827,19
17624,4968,8923,15
17625,4798,7890,9
17626,3982,9790,46
17627,3782,5241,33
17628,4846,9792,24
17629,5653,7903,24
17630,4447,7401,22
17631,2491,5094,16
17632,3289,8399,21
17633,3382,6744,8
17634,1048,9011,23
17635,5009,9149,27
17636,1463,9466,31
17637,3365,8969,46
17638,3420,7658,49
17639,2794,6469,18
17640,4541,7678,8
17641,2034,8362,8
17642,1588,7406,28
17643,5519,7109,27
17644,4010,6276,40
17645,3775,9856,15
17646,1476,9872,37
17647,5341,9662,42
17648,3740,6070,9
17649,5584,6142,31
17650,3901,6567,41
17651,2826,7527,31
17652,5849,5916,35
17653,2898,9374,16
17654,4757,9537,10
17655,4567,8857,16
17656,2349,7905,18
17657,3358,6816,26
17658,3086,7930,15
17659,5609,6802,44
17660,4543,7852,43
17661,3447,8818,42
17662,2601,8794,17
17663,4078,6661,10
17664,3237,6619,24
17665,2687,5594,6
17666,5756,7071,15
17667,5124,5648,12
17668,3002,6330,34
17669,1135,6424,31
17670,2790,5881,8
17671,5401,6235,11
17672,3543,6618,28
17673,5820,7144,36
17674,4352,6457,23
17675,3908,7831,46
17676,5988,6073,39
17677,3271,8733,46
17678,4675,6079,7
17679,3028,9947,22
17680,1828,9619,41
17681,2344,9915,26
17682,5295,6969,37
17683,4128,5088,42
17684,1407,9452,43
17685,2462,6089,38
17686,2775,7239,27
17687,2371,5654,39
17688,1486,8110,33
17689,1363,6398,6
17690,4802,9761,18
17691,1212,7428,48
17692,5797,7085,12
17693,3662,5739,5
17694,1916,8000,32
17695,2461,8951,7
17696,5239,8207,11
17697,4357,9107,38
17698,2094,9430,36
17699,2734,7467,13
17700,2552,5881,39
17701,2334,7356,23
17702,1865,9677,19
17703,2287,9266,35
17704,5156,8221,20
17705,5618,6537,41
17706,1309,8979,11
17707,2544,9618,39
17708,2406,5440,33
17709,2573,7047,6
17710,3002,7195,38
17711,1900,5886,39
17712,2108,5298,35
17713,4306,7857,16
17714,5858,5894,5
17715,5336,5660,33
17716,4795,5124,5
17717,5321,8483,5
17718,5375,8852,19
17719,4885,5248,7
17720,3477,6486,18
17721,1402,6406,14
17722,3094,6130,7
17723,4248,7930,24
17724,4072,9774,40
17725,4857,6474,31
17726,4702,7528,40
17727,2808,5469,15
17728,2390,7827,7
17729,5400,6919,28
17730,3399,5339,43
17731,5801,8698,14
17732,1092,8834,30
17733,4233,9451,36
17734,3180,7053,12
17735,3817,5246,17
17736,2313,5987,7
17737,5554,5647,19
17738,5030,5444,25
17739,1899,5287,46
17740,4173,9308,33
17741,4093,8609,31
17742,1249,5849,34
17743,3240,6509,18
17744,3633,5335,45
17745,4385,5887,19
17746,5264,9042,46
17747,4705,9268,48
17748,2198,5875,18
17749,2992,7567,29
17750,5504,8687,31
17751,1501,6331,48
17752,2162,7201,6
17753,1099,9583,21
17754,4129,6774,19
17755,3295,7028,31
17756,1713,8754,14
17757,4915,9507,47
17758,1107,6445,13
17759,1046,9596,7
17760,3444,5568,28
17761,4132,6698,5
17762,3664,9765,42
17763,1950,8144,10
17764,4569,6101,9
17765,3722,5046,8
17766,4799,7853,7
17767,4290,7807,49
17768,5725,6539,34
17769,4335,7784,40
17770,4222,5761,27
17771,4318,6513,11
17772,5597,5661,36
17773,2818,5698,47
17774,5045,6031,14
17775,3222,5825,41
17776,5689,7340,37
17777,5268,5979,30
17778,1958,6304,47
17779,5905,7584,49
17780,5719,9408,35
17781,5815,8797,34
17782,3386,6725,27
17783,2435,7539,33
17784,4170,7332,12
17785,3985,8830,20
17786,4257,5557,13
17787,2437,6123,8
17788,5474,7116,23
17789,2433,7126,43
17790,2775,8218,48
17791,1418,5075,45
17792,1983,5514,17
17793,2139,9862,16
17794,3929,9230,13
17795,2234,8091,16
17796,5543,7740,28
17797,1831,7877,17
17798,5094,7032,39
17799,5289,8192,36
17800,3861,8407,42
17801,2969,8991,18
17802,3472,5531,6
17803,5802,9166,25
17804,5744,5434,35
17805,5891,6630,39
17806,5837,8734,20
17807,5338,8708,44
17808,2510,8294,30
17809,1773,5067,42
17810,4673,7855,7
17811,4987,7279,41
17812,5197,5668,40
17813,3858,8969,42
17814,3681,5150,6
17815,2779,6133,26
17816,3020,9915,7
17817,3925,9711,44
17818,1589,5540,46
17819,1273,6822,30
17820,3930,5475,31
17821,3035,7302,42
17822,2502,8625,48
17823,3106,7541,12
17824,4577,7713,27
17825,5483,7619,10
17826,5141,7850,29
17827,2282,8239,20
17828,1815,7157,30
17829,2270,8489,19
17830,5336,7804,36
17831,4485,9374,44
17832,2152,8483,23
17833,2738,7715,18
17834,5372,5250,48
17835,3466,5559,39
17836,3255,6586,30
17837,2576,8447,41
17838,1833,8695,17
17839,2370,7332,12
17840,4903,9840,18
17841,1568,6725,30
17842,5256,6587,34
17843,5192,9837,44
17844,4997,6906,46
17845,4188,7793,17
17846,4284,5417,40
17847,1599,7579,15
17848,1044,8614,6
17849,4530,5804,34
17850,2882,7951,28
17851,4544,9212,22
17852,2884,8179,27
17853,1381,6570,10
17854,3163,8250,15
17855,2659,5298,11
17856,5484,8233,37
17857,3893,5782,14
17858,3983,8033,25
17859,1876,9508,13
17860,4516,9722,34
17861,1028,5423,29
17862,1636,6118,29
17863,3016,9639,28
17864,3125,9851,16
17865,1587,8972,11
17866,4623,7886,38
17867,5330,5536,7
17868,4471,7266,10
17869,5425,6378,31
17870,4715,8649,23
17871,4077,6124,12
17872,3396,5421,40
17873,5010,7363,43
17874,4471,5315,40
17875,2283,7487,22
17876,1391,6601,11
17877,2944,8149,5
17878,2951,7618,9
17879,3638,5100,46
17880,1004,5891,18
17881,3691,5812,5
17882,5105,8533,16
17883,4539,6422,23
17884,3748,9044,6
17885,2675,5245,18
17886,4535,8453,7
17887,1932,7100,39
17888,1125,8263,17
17889,3866,7170,7
17890,1259,8483,18
17891,4669,6014,38
17892,4134,9390,49
17893,1972,5246,13
17894,5375,9068,14
17895,2147,6208,12
17896,5685,8521,33
17897,3320,7394,43
17898,5049,8240,37
17899,5598,6640,27
17900,4341,8477,12
17901,1893,7649,44
17902,3616,8596,42
17903,5314,7084,27
17904,4624,6040,40
17905,3207,7722,47
17906,1360,7760,24
17907,2489,5987,16
17908,1291,7471,40
17909,4027,5960,13
17910,5956,7253,37
17911,3114,9253,10
17912,3205,9927,36
17913,4859,5299,5
17914,4548,5019,28
17915,2567,6523,33
17916,3405,7186,12
17917,5627,5700,17
17918,1480,9139,29
17919,5893,5625,33
17920,2100,7417,28
17921,3236,9075,31
17922,4763,6153,30
17923,1476,6299,24
17924,4378,5376,8
17925,1917,8993,26
17926,5745,6383,11
17927,3210,5852,22
17928,5898,6308,14
17929,3072,8179,35
17930,2360,5483,30
17931,2308,6048,49
17932,3222,5919,30
17933,5975,7529,29
17934,3822,9084,22
17935,5326,7366,28
17936,1703,7191,48
17937,1118,9612,19
17938,3101,7048,12
17939,4264,6735,47
17940,5668,6537,29
17941,2961,7373,39
17942,5619,6550,28
17943,1772,6246,44
17944,3830,7534,42
17945,5209,6815,25
17946,2288,8527,5
17947,2368,6132,30
17948,4595,9466,14
17949,1099,7960,30
17950,2047,9489,6
17951,5335,9215,44
17952,4804,6774,18
17953,4756,9450,37
17954,5483,5766,43
17955,1606,8005,5
17956,3170,6581,34
17957,1563,6662,41
17958,5001,6671,22
17959,1020,6088,34
17960,5638,8948,31
17961,4961,8490,34
17962,2324,9378,49
17963,4542,7601,40
17964,4158,7490,25
17965,4741,8382,20
17966,3160,6437,21
17967,2315,5816,22
17968,3427,5232,38
17969,4954,6485,25
17970,1940,8656,16
17971,1238,6479,35
17972,1644,9485,14
17973,1185,6332,45
17974,2831,6281,8
17975,2786,7422,19
17976,2449,8624,46
17977,5578,7240,45
17978,2382,8595,32
17979,1362,6406,11
17980,2060,6888,15
17981,1516,7183,33
17982,1330,5179,38
17983,4142,5551,34
17984,4740,9652,31
17985,1293,9075,29
17986,1360,9905,42
17987,2610,8367,44
17988,3572,9253,27
17989,2361,5201,33
17990,1624,8896,15
17991,2566,6347,8
17992,2921,9441,40
17993,2512,7464,35
17994,5714,7145,14
17995,1575,5621,20
17996,3002,6778,34
17997,1397,8881,39
17998,3709,9975,48
17999,5498,6133,21
18000,2512,5955,9
18001,3094,5132,7
18002,5783,5605,20
18003,5250,9662,8
18004,5357,6401,13
18005,3693,8267,8
18006,3033,9354,25
18007,2355,9076,14
18008,5735,8940,35
18009,3753,7894,21
18010,2293,7549,20
18011,4736,8884,43
18012,5253,6886,10
18013,4740,5339,34
18014,5710,7067,19
18015,3477,5911,47
18016,2909,8997,35
18017,3900,9819,34
18018,2276,5854,41
18019,5363,9271,20
18020,1059,9087,48
18021,4924,9615,40
18022,1617,5897,6
18023,4672,5233,32
18024,3219,7759,44
18025,2712,9630,21
18026,2343,5825,45
18027,5753,5125,42
18028,5933,8657,40
18029,2024,5698,36
18030,1734,6062,29
18031,1398,5248,17
18032,4087,9096,18
18033,1969,7007,48
18034,1462,6920,29
18035,1138,6612,39
18036,1762,5141,33
18037,3198,9193,19
18038,1863,8664,19
18039,5877,8328,44
18040,1593,6378,21
18041,3348,9041,29
18042,2447,7864,27
18043,2443,6551,36
18044,3807,7018,35
18045,4326,5808,27
18046,4757,7846,42
18047,2337,8440,21
18048,1802,9631,33
18049,3358,7313,6
18050,4258,5672,15
18051,4940,5305,20
18052,5080,7477,21
18053,4296,9880,25
18054,5670,6312,25
18055,1596,7841,10
18056,3048,8934,49
18057,1027,9133,27
18058,3429,9397,36
18059,1131,5136,43
18060,4068,8313,49
18061,4352,9271,42
18062,3333,7852,33
18063,1737,8033,35
18064,4848,7407,29
18065,2299,8978,6
18066,2092,7305,26
18067,1233,8066,41
18068,1222,6242,48
18069,1453,8168,19
18070,5400,8671,10
18071,1936,5131,37
18072,2344,5627,15
18073,3312,5288,16
18074,1365,7708,28
18075,3790,7104,7
18076,2251,7048,34
18077,1456,7382,23
18078,2764,6635,49
18079,4893,6596,47
18080,5424,8256,11
18081,4733,5687,16
18082,1819,7712,33
18083,5093,9905,12
18084,2966,9100,25
18085,4392,6612,17
18086,1736,7483,31
18087,4607,9878,8
18088,2468,9063,36
18089,4515,5995,28
18090,4776,6402,45
18091,5662,6554,13
18092,1820,7876,14
18093,2715,8228,15
18094,1516,8571,37
18095,2429,5660,11
18096,4591,5965,15
18097,1844,7075,49
18098,5131,5988,32
18099,4474,5613,42
18100,4136,7131,34
18101,3616,8215,12
18102,5325,6277,31
18103,4980,7145,26
18104,2277,9967,46
18105,2512,8507,36
18106,5901,5229,18
18107,5660,6019,30
18108,3963,6221,48
18109,1895,7880,15
18110,1854,8358,11
18111,5436,8105,49
18112,3411,9873,34
18113,1180,6547,6
18114,1589,6612,39
18115,3046,8978,30
18116,4226,9150,29
18117,3400,7379,5
18118,4037,9601,33
18119,1565,9244,28
18120,5765,9613,42
18121,5054,7328,5
18122,5465,9512,29
18123,3707,5556,38
18124,5790,5206,46
18125,4967,6002,48
18126,5455,8864,9
18127,4927,5118,45
18128,2641,7528,16
18129,2651,8852,12
18130,1503,8762,46
18131,3406,7901,18
18132,1062,6459,24
18133,4450,7702,44
18134,5548,9637,13
18135,4287,6049,9
18136,2693,8001,5
18137,1357,7226,15
18138,1596,7188,8
18139,2625,6106,42
18140,2130,9528,21
18141,3442,7994,8
18142,5967,5531,36
18143,3031,9464,9
18144,4173,9863,26
18145,2832,7101,18
18146,4954,9643,25
18147,4302,8441,22
18148,3571,9763,7
18149,1093,8651,15
18150,5900,6997,43
18151,3201,5742,40
18152,5450,6075,31
18153,1879,7963,42
18154,5704,7704,29
18155,2897,5867,46
18156,1983,8783,43
18157,3965,7133,39
18158,3963,6193,19
18159,2111,9022,25
18160,1383,7078,7
18161,4811,6171,28
18162,2548,9184,48
18163,3919,9924,9
18164,3459,5591,41
18165,4444,8492,37
18166,2107,7225,28
18167,1431,9878,10
18168,4544,7640,49
18169,4434,9846,11
18170,3460,6617,23
18171,3083,8269,25
18172,4728,9905,10
18173,3123,9899,44
18174,3859,7496,7
18175,1284,6205,18
18176,1727,5165,24
18177,2782,7484,18
18178,1337,8602,6
18179,4603,8861,29
18180,1586,8328,8
18181,2915,6857,45
18182,1567,7001,37
18183,3366,9573,6
18184,5971,9453,27
18185,2652,7365,48
18186,2321,6211,25
18187,2791,8014,19
18188,3882,6799,28
18189,1955,5547,24
18190,3067,9955,42
18191,4952,5042,29
18192,3862,6749,26
18193,3238,8227,8
18194,1063,6561,20
18195,2014,8778,47
18196,2990,7567,11
18197,2903,9292,28
18198,2805,6768,38
18199,4326,6321,43
18200,4699,9531,33
18201,2026,8945,48
18202,1878,6756,30
18203,4358,8864,18
18204,1132,9944,24
18205,3653,9577,11
18206,1993,5283,22
18207,2071,9693,47
18208,2760,8811,14
18209,3597,5827,34
18210,4100,9004,7
18211,3950,5290,48
18212,1902,5564,5
18213,4485,9598,34
18214,5438,5654,49
18215,1066,8131,6
18216,5703,6081,19
18217,4765,6656,15
18218,4142,8109,36
18219,3794,8770,10
18220,4333,5467,10
18221,3580,9896,32
18222,2420,8860,29
18223,5454,8535,27
18224,2416,7028,16
18225,1376,8257,14
18226,1178,8693,21
18227,1235,8416,6
18228,3913,7901,49
18229,1762,6968,21
18230,4879,7661,13
18231,2283,7253,11
18232,2264,7027,17
18233,4575,9554,14
18234,4614,7735,26
18235,5447,6255,32
18236,5637,6292,46
18237,4384,5946,18
18238,4010,6787,23
18239,2623,5489,5
18240,3879,9136,31
18241,1030,9826,8
18242,1309,5748,28
18243,2510,6623,18
18244,3094,5356,41
18245,4431,7740,27
18246,1137,6616,9
18247,1775,8591,24
18248,2599,7811,26
18249,2455,8149,44
18250,3604,5716,48
18251,3481,8931,39
18252,1847,9767,40
18253,1207,9497,9
18254,3494,9326,37
18255,4131,8394,28
18256,2230,9163,38
18257,5692,6683,41
18258,3797,8294,29
18259,4230,6447,41
18260,2128,6520,29
18261,5948,9311,26
18262,5651,7538,49
18263,2203,9999,9
18264,3406,5340,12
18265,2288,5112,45
18266,5851,9478,31
18267,1549,8738,39
18268,4946,9182,5
18269,4930,9457,24
18270,2388,5484,11
18271,2274,9570,49
18272,4264,5881,7
18273,1807,8103,46
18274,2928,5168,13
18275,4134,8292,18
18276,4982,6736,23
18277,3100,9463,31
18278,2746,6549,10
18279,5409,9668,11
18280,4989,5847,41
18281,5484,7953,30
18282,2226,5888,17
18283,3067,6917,41
18284,1095,6312,37
18285,1130,9054,37
18286,4269,8127,45
18287,2954,8315,13
18288,3308,7201,19
18289,1987,9265,9
18290,4111,6818,33
18291,4573,8181,11
18292,1817,7944,35
18293,3601,8937,38
18294,3170,8746,15
18295,2780,8846,46
18296,1757,8743,23
18297,2168,6763,9
18298,3595,6184,27
18299,4105,7858,6
18300,1406,8897,47
18301,2853,7377,8
18302,3412,7606,21
18303,4028,5344,35
18304,5088,5635,34
18305,1163,6238,6
18306,3812,8230,28
18307,5647,9260,14
18308,1131,9378,32
18309,4168,7178,47
18310,3701,7924,36
18311,4056,6329,37
18312,3318,7094,22
18313,3952,6237,28
18314,5883,6434,41
18315,3413,9088,34
18316,2934,7002,9
18317,4506,6857,27
18318,3659,6533,34
18319,4133,7050,8
18320,3980,9838,45
18321,2347,6871,28
18322,4801,6728,7
18323,3637,9964,19
18324,1045,7301,5
18325,1347,6496,14
18326,5810,7876,49
18327,4794,5089,30
18328,5743,6929,16
18329,3417,6039,5
18330,5454,8237,6
18331,3543,6868,15
18332,1060,8996,16
18333,3346,9714,32
18334,5327,6443,37
18335,3845,8906,46
18336,4767,8774,7
18337,1448,5469,45
18338,3416,5641,23
18339,5079,8932,22
18340,5650,5437,41
18341,4036,9301,32
18342,3325,5956,35
18343,5927,9618,11
18344,5058,8693,42
18345,1038,6686,9
18346,2231,5285,23
18347,1289,9933,17
18348,5798,7485,43
18349,3382,6163,32
18350,1204,9755,6
18351,2044,7963,10
18352,2621,6438,19
18353,3960,6572,32
18354,3444,9010,41
18355,4837,9873,29
18356,4124,9743,36
18357,4732,5390,41
18358,4258,7246,40
18359,4757,5557,34
18360,5449,7001,49
18361,2138,7505,28
18362,3562,8526,22
18363,1546,6111,5
18364,5378,9320,7
18365,1673,6277,11
18366,1760,8267,37
18367,2345,6401,25
18368,1520,9226,18
18369,5206,7036,41
18370,4616,6457,7
18371,5776,9635,41
18372,2602,6353,29
18373,4615,5932,37
18374,2823,6885,17
18375,3025,7948,37
18376,2185,9181,33
18377,4774,9965,23
18378,1380,9303,30
18379,3128,5412,42
18380,2295,8994,13
18381,1616,5121,34
18382,1436,6481,26
18383,4150,5009,47
18384,2548,9408,8
18385,5891,8276,11
18386,2135,9925,22
18387,1452,5500,10
18388,5356,7698,33
18389,3706,9241,9
18390,1712,9497,10
18391,4690,7975,38
18392,2979,5686,38
18393,4961,5755,5
18394,4798,9579,22
18395,3700,7148,31
18396,1167,7653,14
18397,5589,9882,43
18398,3120,7315,6
18399,3547,9602,23
18400,2109,9057,31
18401,2841,7298,26
18402,3939,9535,14
18403,3855,8680,48
18404,4215,5387,31
18405,1891,6486,16
18406,2335,7544,19
18407,4441,9712,5
18408,2720,9752,42
18409,3861,5137,45
18410,1971,7628,28
18411,4513,9269,10
18412,1067,7050,33
18413,4846,5857,10
18414,1838,9594,42
18415,1927,6144,19
18416,4606,7838,12
18417,1341,5149,33
18418,4750,9951,6
18419,1102,7267,15
18420,4386,7564,13
18421,2134,5570,20
18422,3390,5198,28
18423,1828,8446,38
18424,3727,8098,47
18425,3182,7506,28
18426,1385,7757,42
18427,1598,9007,42
18428,1009,5712,29
18429,5232,5927,45
18430,2314,8770,37
18431,1979,9271,48
18432,4724,9375,47
18433,3091,5208,21
18434,4177,9871,11
18435,2848,7353,31
18436,4103,7776,40
18437,4754,5992,45
18438,4745,8427,23
18439,2789,7079,19
18440,2243,5125,10
18441,3008,9527,40
18442,1113,5861,9
18443,4767,5708,49
18444,4332,6315,9
18445,4543,9555,6
18446,2364,6058,47
18447,3920,8599,22
18448,4996,9437,36
18449,3294,7887,33
18450,4376,6361,24
18451,4960,6170,23
18452,4433,6574,20
18453,2350,5320,15
18454,1308,9470,32
18455,2347,5371,26
18456,1867,6809,31
18457,5807,7464,21
18458,2513,6617,12
18459,3284,9014,12
18460,5025,9679,27
18461,4779,9979,36
18462,1868,8901,48
18463,2383,5871,19
18464,4615,5300,31
18465,3073,7270,8
18466,3863,5934,44
18467,1984,8688,36
18468,2025,9329,41
18469,3406,7226,14
18470,1118,5074,32
18471,3527,6370,36
18472,3161,9149,36
18473,2219,6456,19
18474,2044,7513,10
18475,3506,7817,13
18476,4815,6895,42
18477,4520,9214,34
18478,3688,7266,45
18479,4157,6801,44
18480,1576,7849,20
18481,4346,5282,29
18482,3848,8370,14
18483,1403,5714,34
18484,1253,5938,13
18485,2630,5816,44
18486,3710,6776,11
18487,5765,7228,47
18488,5824,6179,44
18489,4332,6963,16
18490,5044,8794,21
18491,3660,7432,29
18492,1979,7915,11
18493,4817,7332,23
18494,3727,6802,21
18495,1569,7499,36
18496,5639,9573,27
18497,5615,6168,49
18498,5106,5257,36
18499,5253,7436,30
18500,3773,6749,12
18501,5237,5132,26
18502,5055,7675,12
18503,3687,7452,9
18504,4999,9415,16
18505,1137,9563,31
18506,5787,5803,24
18507,2424,7164,15
18508,2466,5813,40
18509,4339,9760,6
18510,5772,5498,14
18511,4833,7553,46
18512,2537,5152,11
18513,3325,8284,16
18514,4756,6350,20
18515,2380,6126,35
18516,1933,6398,31
18517,4846,7813,36
18518,2068,5281,46
18519,3939,9561,44
18520,1211,6477,31
18521,3391,5273,29
18522,3807,8988,44
18523,5604,5521,9
18524,1232,6727,8
18525,1804,9200,48
18526,2194,6107,47
18527,4476,6476,19
18528,1234,9998,17
18529,3568,5917,37
18530,3148,6983,9
18531,3356,9313,10
18532,3851,7334,49
18533,2724,8922,29
18534,5483,5661,29
18535,2147,8735,14
18536,1132,7046,16
18537,3110,5670,7
18538,1832,6980,33
18539,4762,7322,33
18540,1732,8828,47
18541,1403,7733,28
18542,2618,6853,28
18543,5110,7107,29
18544,1270,6646,41
18545,2155,6430,9
18546,3349,8442,15
18547,3752,5920,44
18548,2984,7113,47
18549,5523,8952,26
18550,3164,9096,19
18551,3284,5412,13
18552,5164,9394,10
18553,3791,8300,30
18554,5063,7859,10
18555,5487,6221,36
18556,3152,7291,47
18557,3662,7751,24
18558,1773,5754,39
18559,2967,6487,47
18560,3352,9354,7
18561,3427,9247,22
18562,4247,6441,39
18563,4477,8372,14
18564,5184,7207,40
18565,3678,6931,34
18566,5721,7370,30
18567,3925,6772,34
18568,4893,8771,35
18569,3780,7253,8
18570,3463,7163,28
18571,1455,6092,5
18572,4635,7470,30
18573,4247,6411,33
18574,5305,5844,42
18575,4385,6663,40
18576,3419,9766,13
18577,3851,5878,46
18578,3134,9043,36
18579,5743,9696,41
18580,3869,8632,44
18581,4338,7851,22
18582,2722,8908,28
18583,3027,6562,44
18584,2187,6112,22
18585,2151,7155,43
18586,3875,9333,12
18587,5213,5204,43
18588,2430,9677,15
18589,1649,7640,47
18590,1356,5864,39
18591,3824,8710,28
18592,4386,9969,17
18593,4967,8022,35
18594,4935,9633,34
18595,4935,5534,33
18596,2192,5740,46
18597,4484,6839,10
18598,5165,9407,7
18599,1267,7313,32
18600,5911,7930,14
18601,2881,5374,38
18602,2549,8949,5
18603,1382,7659,16
18604,2636,8495,40
18605,5470,9316,36
18606,1685,6501,15
18607,5602,5520,5
18608,3285,5363,10
18609,4659,6477,31
18610,3373,9720,19
18611,3638,7013,14
18612,5850,8325,28
18613,2952,6953,12
18614,2446,9309,21
18615,5828,9970,28
18616,1021,5531,17
18617,5401,9544,13
18618,4425,9148,10
18619,5700,7703,33
18620,2010,6578,27
18621,5541,6632,26
18622,2082,7387,25
18623,3649,5847,21
18624,5853,5896,38
18625,5420,6841,30
18626,3464,6357,29
18627,4757,6620,42
18628,3453,6871,7
18629,4995,7247,7
18630,4968,6463,18
18631,4742,7198,46
18632,4914,6963,14
18633,4797,6364,6
18634,1385,9732,11
18635,5105,8603,18
18636,3563,5859,21
18637,3218,8218,14
18638,1147,5778,39
18639,4590,5050,49
18640,2927,7609,31
18641,4755,8683,7
18642,1080,5376,29
18643,5900,5023,11
18644,4538,7673,17
18645,2760,9379,43
18646,1978,6030,47
18647,5903,9376,29
18648,3805,7646,47
18649,2586,5393,33
18650,5391,8518,23
18651,2154,6094,43
18652,1613,6498,26
18653,3931,5484,6
18654,2811,7858,26
18655,4579,9924,39
18656,5165,8923,38
18657,5652,7224,9
18658,3957,5231,31
18659,5596,5087,22
18660,4207,9485,7
18661,1830,6644,25
18662,5598,5719,28
18663,1974,9833,30
18664,4417,7230,24
18665,1730,7470,17
18666,1901,7249,10
18667,1660,5583,30
18668,1761,9120,47
18669,1332,5873,34
18670,1959,7384,18
18671,4492,8722,41
18672,2759,6493,42
18673,5409,9237,34
18674,2856,8319,19
18675,4210,6095,23
18676,1355,9008,15
18677,3273,9488,24
18678,5710,7296,29
18679,5195,6129,42
18680,5891,7306,47
18681,3439,5406,34
18682,4163,6655,44
18683,4881,9982,27
18684,1204,8076,48
18685,4966,6588,21
18686,2774,7055,5
18687,1609,9097,46
18688,3681,9435,18
18689,2141,8770,43
18690,5162,8774,22
18691,3179,9446,45
18692,5875,7103,20
18693,5997,8853,14
18694,5924,5796,48
18695,1739,7947,13
18696,3701,7320,18
18697,4724,7905,6
18698,1658,6454,46
18699,3727,5879,25
18700,2110,9473,46
18701,4213,5387,6
18702,3165,8682,10
18703,1147,7435,15
18704,5056,6181,45
18705,5632,9520,7
18706,4230,5787,15
18707,5515,9373,8
18708,3619,8220,19
18709,4601,6839,30
18710,4376,6774,48
18711,4639,8186,40
18712,3318,7043,19
18713,1922,6625,26
18714,5788,8573,41
18715,5908,6249,14
18716,4540,9243,24
18717,4891,6626,36
18718,5338,6472,13
18719,5030,8753,35
18720,3979,6347,48
18721,2088,6115,44
18722,4167,5014,35
18723,3097,6172,32
18724,3193,6827,15
18725,1917,8543,40
18726,5494,5409,45
18727,5867,9480,8
18728,5767,9153,18
18729,1428,7562,33
18730,4089,8650,32
18731,5177,7393,29
18732,3232,6903,27
18733,1709,8159,37
18734,4664,5405,34
18735,2982,9341,13
18736,2389,5859,42
18737,1203,6998,29
18738,4303,5209,22
18739,5695,7191,47
18740,5102,6823,11
18741,3405,5546,28
18742,4521,5804,44
18743,4218,6128,25
18744,3103,9093,39
18745,1147,5247,47
18746,5682,7578,15
18747,1980,5465,6
18748,1736,5620,19
18749,1695,6959,19
18750,1854,8036,9
18751,1248,7416,44
18752,3180,6230,20
18753,5538,5357,48
18754,3304,7379,25
18755,2410,8352,49
18756,3553,5885,13
18757,4772,9597,11
18758,3464,6759,31
18759,4738,9840,21
18760,1986,7921,6
18761,5055,6458,44
18762,4135,5551,30
18763,5001,5200,49
18764,2933,6391,12
18765,2421,8743,49
18766,5897,9435,44
18767,1123,6444,20
18768,3318,9775,24
18769,1686,5277,36
18770,2662,5054,36
18771,2921,5164,39
18772,3876,7124,19
18773,4633,7790,46
18774,5432,9518,36
18775,5957,9673,34
18776,4901,6254,23
18777,3164,6330,28
18778,3839,5986,6
18779,4461,8189,25
18780,2920,6081,46
18781,3098,5659,20
18782,2172,7266,44
18783,1555,9642,43
18784,4208,7035,40
18785,4290,5849,45
18786,5009,5466,6
18787,5602,9662,20
18788,2817,9600,33
18789,2878,6375,11
18790,1189,9637,19
18791,2441,6807,27
18792,2221,7127,9
18793,3598,5419,5
18794,3869,6460,9
18795,3062,9533,17
18796,3908,7214,30
18797,2716,5598,17
18798,4536,6190,36
18799,1612,8907,33
18800,3510,9046,22
18801,3926,5446,6
18802,1284,9750,31
18803,3671,5047,46
18804,5095,8929,7
18805,2628,6513,34
18806,2612,6287,14
18807,1717,7702,13
18808,5630,6949,7
18809,1682,5943,26
18810,4440,7702,42
18811,5257,7291,15
18812,5270,8726,10
18813,2523,9951,9
18814,2360,5904,34
18815,3074,7660,18
18816,2790,6132,6
18817,4576,7369,37
18818,4371,9570,41
18819,3485,7756,12
18820,2819,8545,14
18821,3059,5467,25
18822,3667,9058,23
18823,2434,9851,39
18824,4406,9035,22
18825,4385,6136,11
18826,4073,6479,17
18827,1523,9384,16
18828,2694,5341,44
18829,5184,5660,28
18830,3290,5186,22
18831,2156,7077,42
18832,1598,6432,16
18833,2646,9993,7
18834,3159,5747,29
18835,3337,8835,39
18836,2858,5533,20
18837,2715,7976,49
18838,4739,9210,17
18839,5897,6122,28
18840,3785,8094,16
18841,4177,6145,6
18842,1203,5211,30
18843,3899,8774,14
18844,4573,7864,23
18845,2265,7434,26
18846,3460,9997,28
18847,2238,6924,30
18848,2555,8125,9
18849,4743,6892,20
18850,1053,5641,41
18851,4583,6615,38
18852,4160,6485,42
18853,1672,8793,32
18854,5105,6926,16
18855,1691,6880,49
18856,1083,7999,49
18857,5321,6332,25
18858,4569,7261,36
18859,3478,9280,29
18860,2452,7141,18
18861,3021,6644,39
18862,3126,7293,13
18863,2176,8711,34
18864,2080,6796,46
18865,3405,6678,33
18866,2283,7753,43
18867,1535,6404,35
18868,4849,5239,18
18869,5667,5319,21
18870,5674,5562,29
18871,3454,7808,46
18872,3163,7378,41
18873,2827,8414,31
18874,4999,9705,22
18875,4693,9039,33
18876,2840,7660,22
18877,5060,6508,8
18878,1331,9962,24
18879,3773,7021,5
18880,2528,5155,49
18881,5184,5542,28
18882,1574,9256,46
18883,4696,9886,28
18884,1524,6605,9
18885,2172,6685,30
18886,3554,7537,22
18887,5180,6280,40
18888,2422,9152,5
18889,3232,7900,14
18890,3217,5869,21
18891,3156,8014,39
18892,1852,8167,8
18893,2180,8311,48
18894,4596,5683,31
18895,5368,7264,15
18896,2860,6462,7
18897,1738,8830,32
18898,3813,5146,15
18899,3793,6975,7
18900,3819,6821,40
18901,5895,5605,7
18902,3164,6607,29
18903,4077,9240,16
18904,5162,8200,16
18905,1527,6548,36
18906,1449,7773,44
18907,4221,6988,14
18908,5162,6386,23
18909,2852,8644,47
18910,1120,7897,11
18911,5485,6820,28
18912,5383,7655,43
18913,3848,7120,36
18914,2791,9718,27
18915,5514,5946,23
18916,4018,6306,7
18917,1351,6902,29
18918,3203,8696,29
18919,4333,5159,10
18920,2553,8795,37
18921,3251,8323,37
18922,4238,6351,19
18923,4510,9721,24
18924,1048,9434,47
18925,3277,6655,46
18926,4797,8031,36
18927,5025,5676,28
18928,4185,5369,7
18929,2893,8176,8
18930,1898,6204,48
18931,2739,8361,10
18932,1969,6472,23
18933,4003,6349,30
18934,4161,8424,29
18935,5742,8017,29
18936,5107,5670,14
18937,4099,6255,42
18938,3504,9420,24
18939,2471,7009,9
18940,4500,5827,46
18941,4753,7312,48
18942,4631,5450,39
18943,3639,5549,9
18944,3562,6635,39
18945,5495,8670,7
18946,4604,7113,45
18947,1387,6639,36
18948,4674,9720,40
18949,1138,9449,34
18950,4752,6008,43
18951,3701,9232,33
18952,5578,8386,30
18953,1300,6011,49
18954,1032,7774,29
18955,3505,7801,16
18956,1542,5310,22
18957,4457,5156,30
18958,4404,6637,19
18959,3092,9462,9
18960,1547,8153,37
18961,1984,8131,45
18962,5141,6261,13
18963,1380,9434,36
18964,1497,9568,17
18965,2916,9385,47
18966,3186,9470,32
18967,5504,8381,27
18968,1185,6631,28
18969,1489,6146,45
18970,3066,7395,35
18971,2721,5036,9
18972,1171,5725,6
18973,1400,6477,34
18974,4593,7507,9
18975,4653,8298,14
18976,1239,5891,40
18977,2341,7850,40
18978,5416,6401,11
18979,4622,6027,33
18980,3570,9102,36
18981,3576,7661,31
18982,2349,9405,5
18983,5855,7407,24
18984,3090,8006,38
18985,1234,8750,40
18986,1556,5676,30
18987,3485,7850,27
18988,2955,5518,37
18989,5772,9480,5
18990,4734,8986,7
18991,4276,7587,39
18992,1803,9704,39
18993,5947,5162,17
18994,1997,5601,37
18995,1846,6560,17
18996,2320,5665,26
18997,5118,9958,9
18998,2711,8782,21
18999,1242,7040,47
19000,3891,9577,14
19001,3626,8791,31
19002,4499,9317,19
19003,1453,6773,49
19004,2630,9606,46
19005,3261,6391,13
19006,4313,9287,11
19007,5718,6718,14
19008,1559,6958,45
19009,5968,6660,17
19010,3716,8089,20
19011,2069,7079,38
19012,3755,7945,12
19013,2261,6828,35
19014,3771,7440,32
19015,5603,6117,11
19016,1450,7006,38
19017,4640,6162,37
19018,2914,9120,8
19019,3798,5168,42
19020,5634,7001,30
19021,3546,5289,6
19022,4255,6038,36
19023,5812,7486,43
19024,5496,8365,46
19025,4462,9824,45
19026,2460,7132,6
19027,1921,9465,30
19028,4219,8974,31
19029,1457,6185,19
19030,2885,9992,25
19031,1645,7354,31
19032,3330,6483,38
19033,5510,8668,15
19034,3211,9806,27
19035,5939,5200,26
19036,5257,5335,27
19037,5351,8414,5
19038,2094,5179,16
19039,3460,5450,29
19040,3762,6725,10
19041,3043,6180,38
19042,1036,9836,32
19043,1470,5868,29
19044,1309,5978,22
19045,4269,8641,5
19046,1481,5666,36
19047,1789,7073,33
19048,1291,7524,24
19049,1430,5783,17
19050,1598,9298,16
19051,5528,9706,12
19052,2558,6488,43
19053,5601,9533,12
19054,1673,9968,22
19055,3855,8551,25
19056,2579,8451,32
19057,2433,7159,35
19058,1041,5123,19
19059,5480,7483,43
19060,3934,9074,37
19061,2315,5960,42
19062,2816,6407,27
19063,5279,8546,20
19064,2896,9605,28
19065,2064,5564,25
19066,4297,5725,12
19067,1138,5247,46
19068,1335,7629,21
19069,5234,9967,19
19070,5584,5405,18
19071,5672,7554,24
19072,3677,6248,36
19073,2634,7395,15
19074,5994,9959,42
19075,2534,6228,36
19076,2109,5633,8
19077,2587,8381,33
19078,4862,9350,9
19079,5955,5659,47
19080,2113,7051,16
19081,2113,8422,47
19082,3267,6124,43
19083,3890,9553,27
19084,1350,5884,37
19085,4963,5697,20
19086,2924,9425,48
19087,5501,5715,15
19088,1043,8990,12
19089,4546,5242,37
19090,3306,9275,38
19091,1852,7228,25
19092,4393,8006,42
19093,2287,9847,21
19094,3483,6340,38
19095,4780,6744,45
19096,5626,7679,7
19097,4369,6461,28
19098,4691,9445,26
19099,3117,9615,14
19100,2049,5387,9
19101,3616,6442,45
19102,1513,5801,35
19103,1183,5607,28
19104,3102,9440,15
19105,2105,6918,18
19106,1160,8110,8
19107,4458,5366,12
19108,1738,9477,11
19109,3312,9042,39
19110,3669,5985,36
19111,4054,6125,26
19112,4381,5491,26
19113,4116,9974,47
19114,1201,8645,30
19115,2308,9225,40
19116,3195,9071,33
19117,4476,7027,8
19118,5807,5021,35
19119,5090,5028,26
19120,2770,7498,12
19121,4256,8564,25
19122,3595,9748,19
19123,2939,9929,8
19124,2233,6454,46
19125,5968,7283,9
19126,1575,7472,40
19127,1082,7130,6
19128,1263,7413,12
19129,4839,9861,8
19130,3971,9836,17
19131,1286,9496,18
19132,1023,6476,13
19133,4668,5936,32
19134,4991,5235,42
19135,4546,5035,16
19136,5302,9735,32
19137,2456,5339,17
19138,1095,9028,25
19139,3523,8526,42
19140,1137,6503,30
19141,3038,8125,29
19142,3250,8684,26
19143,4671,7491,12
19144,5170,9516,41
19145,2346,5706,44
19146,5645,9848,49
19147,3685,9345,26
19148,2000,7341,17
19149,4238,9303,41
19150,2025,6125,18
19151,5387,6600,22
19152,5167,9531,37
19153,5204,5239,11
19154,3646,6148,14
19155,4097,9614,34
19156,2834,8909,38
19157,3251,9245,49
19158,4635,7105,7
19159,2499,7204,44
19160,1569,8669,16
19161,5260,9632,40
19162,2293,7163,35
19163,5276,8606,27
19164,3646,9462,12
19165,1472,8566,5
19166,4622,8618,39
19167,1532,7934,19
19168,2990,8109,32
19169,1609,5465,16
19170,2083,7035,5
19171,1975,7895,15
19172,1975,7786,41
19173,5320,7921,6
19174,4982,5811,49
19175,5285,5399,39
19176,5155,6076,49
19177,2508,7820,12
19178,5921,6863,35
19179,5502,8280,25
19180,1614,5886,49
19181,4544,7567,7
19182,1384,8241,29
19183,1412,6674,45
19184,4377,7750,32
19185,3776,6985,32
19186,3284,6692,6
19187,1663,9154,12
19188,5142,8768,5
19189,5036,5658,25
19190,1222,8257,19
19191,1752,9055,12
19192,4167,6511,44
19193,5914,6069,26
19194,4155,6386,43
19195,2269,7615,24
19196,5106,5772,17
19197,3137,7575,30
19198,3374,7197,43
19199,3334,9716,11
19200,1215,6998,15
19201,1996,7083,35
19202,2872,7429,38
19203,4211,5772,15
19204,4451,7275,28
19205,2665,6164,29
19206,1982,8638,37
19207,1402,9883,33
19208,1612,9432,25
19209,5925,8694,37
19210,1906,8351,49
19211,5453,7380,10
19212,2906,5773,41
19213,5361,5724,6
19214,5096,6219,46
19215,2107,9727,34
19216,1228,5706,32
19217,2989,6282,36
19218,3179,7736,31
19219,5008,9538,43
19220,5641,5611,26
19221,1244,6732,19
19222,2250,6653,47
19223,1444,5902,42
19224,1615,9047,41
19225,4781,8197,40
19226,1825,9897,42
19227,4533,8532,11
19228,1936,5171,35
19229,2745,9406,48
19230,5478,7400,34
19231,3687,9956,18
19232,1522,8964,38
19233,5938,6375,31
19234,2877,6597,27
19235,5033,5996,7
19236,3206,8297,9
19237,1547,5746,46
19238,3554,6810,34
19239,3869,5743,11
19240,1167,8321,45
19241,3070,6494,22
19242,5944,8521,42
19243,3936,8423,14
19244,1017,8156,48
19245,3707,7724,38
19246,3810,7001,37
19247,5351,9269,36
19248,4260,6929,35
19249,1328,9241,32
19250,4452,9858,8
19251,2998,8523,19
19252,1346,7369,6
19253,3355,6172,27
19254,5272,7754,27
19255,1544,7960,39
19256,3383,6665,31
19257,4451,7723,30
19258,4706,8201,38
19259,3749,5683,17
19260,2357,8909,44
19261,2807,6510,14
19262,2367,7264,43
19263,3854,7285,30
19264,1186,7144,8
19265,5206,7960,22
19266,1767,6657,39
19267,1035,8267,21
19268,4916,6274,31
19269,2646,8519,12
19270,4586,7016,17
19271,1798,5918,26
19272,5106,5952,40
19273,4657,8025,47
19274,2660,5155,34
19275,1038,9416,39
19276,2979,5301,49
19277,1887,5195,8
19278,3730,6438,17
19279,4455,5733,10
19280,5675,9942,22
19281,4361,8045,12
19282,3664,6452,45
19283,5237,9710,24
19284,5299,6289,25
19285,4476,8248,36
19286,3850,6376,36
19287,4378,9280,6
19288,3185,8974,46
19289,5871,9595,6
19290,5714,8265,45
19291,3673,6000,36
19292,2140,7043,26
19293,5234,6045,30
19294,3463,8406,45
19295,4233,9894,49
19296,3668,6079,14
19297,1248,9400,43
19298,1526,6558,49
19299,5321,7137,9
19300,2145,7928,16
19301,5831,6835,45
19302,5817,9401,45
19303,1463,8820,36
19304,3964,9380,44
19305,5117,7044,22
19306,2979,5441,14
19307,4401,8955,27
19308,5544,6469,5
19309,2964,6963,46
19310,5351,8449,41
19311,2186,8568,22
19312,1303,7895,34
19313,1777,8936,23
19314,4260,8011,49
19315,1624,8864,42
19316,4857,8456,21
19317,2460,5745,32
19318,4387,5557,26
19319,5776,8801,42
19320,1480,9726,36
19321,5231,6852,29
19322,2062,7420,13
19323,1288,7357,40
19324,4640,8865,41
19325,2144,9198,5
19326,2424,6884,33
19327,1658,9298,19
19328,4086,8844,48
19329,2740,9129,33
19330,3517,5018,25
19331,5989,9968,16
19332,3202,5672,30
19333,1679,6139,49
19334,4458,5208,35
19335,3745,5161,39
19336,3354,8362,18
19337,2649,9415,11
19338,2680,9558,7
19339,4967,6583,45
19340,3742,6986,8
19341,1854,7957,6
19342,1593,5052,39
19343,4407,7666,37
19344,3953,9706,41
19345,2020,6745,45
19346,5994,5964,17
19347,2585,9319,11
19348,5912,8711,43
19349,3615,9933,31
19350,2872,6150,7
19351,2091,7560,21
19352,1627,7178,29
19353,5208,7756,34
19354,5767,6068,18
19355,4179,6830,33
19356,1026,9284,9
19357,4049,9340,11
19358,1622,5923,23
19359,4486,6551,37
19360,1717,7983,25
19361,3661,7045,25
19362,2742,7982,21
19363,4073,9415,27
19364,4734,6598,31
19365,5465,7322,35
19366,3775,9859,19
19367,2846,7022,44
19368,5238,6318,44
19369,1014,8476,5
19370,3759,8556,24
19371,1531,9298,45
19372,3879,6558,38
19373,4405,8799,5
19374,1438,6070,36
19375,1383,5498,26
19376,2290,5105,33
19377,3853,8754,49
19378,3038,9036,15
19379,4717,6848,37
19380,3453,8149,42
19381,1886,6578,5
19382,4495,7573,42
19383,4015,5984,13
19384,4983,7061,17
19385,5175,9630,28
19386,1309,9648,40
19387,1727,6500,24
19388,4105,5127,47
19389,3938,6758,49
19390,2714,9919,5
19391,4872,7270,39
19392,1713,6615,47
19393,1951,7445,24
19394,2436,5099,44
19395,5566,6507,5
19396,2539,8476,10
19397,3613,8258,45
19398,3169,9375,30
19399,3198,5376,33
19400,3201,8475,45
19401,4052,5236,19
19402,2671,9754,41
19403,5670,9164,23
19404,4135,6981,13
19405,4365,6200,45
19406,3116,5617,21
19407,1225,6954,36
19408,1847,5818,32
19409,5070,5053,19
19410,3957,8030,46
19411,5388,9812,32
19412,3262,9488,13
19413,2584,8104,31
19414,1971,5191,23
19415,4973,6719,11
19416,2217,5831,29
19417,2639,8473,34
19418,3122,7099,17
19419,5721,8361,6
19420,3712,7586,22
19421,2287,7326,44
19422,4158,5451,12
19423,1058,9430,24
19424,2685,5765,13
19425,4489,7554,17
19426,2305,5482,25
19427,2631,7408,32
19428,5081,9649,48
19429,5304,5076,11
19430,2167,9769,35
19431,1413,7336,27
19432,2619,6461,17
19433,3778,8249,49
19434,1740,6999,40
19435,5900,7591,6
19436,5515,6884,38
19437,1919,5199,9
19438,3249,7468,6
19439,5083,6098,38
19440,5176,8495,6
19441,2504,9207,24
19442,4228,8966,12
19443,1828,7142,27
19444,4232,5297,41
19445,3874,7309,20
19446,2618,7773,26
19447,2186,8846,12
19448,2685,5318,47
19449,1510,5272,47
19450,1695,6368,30
19451,4280,7451,44
19452,5017,8312,27
19453,3069,6659,20
19454,2247,5443,25
19455,1400,5609,44
19456,3608,6093,33
19457,5585,8785,24
19458,1288,7858,16
19459,2404,6945,41
19460,5533,7872,30
19461,3178,5943,7
19462,1441,6458,22
19463,5886,6365,5
19464,2269,7139,23
19465,3513,5289,17
19466,1186,8345,47
19467,5258,9687,37
19468,4271,7631,34
19469,3449,9644,26
19470,4544,9654,31
19471,2480,5224,17
19472,5887,8651,12
19473,4063,7819,6
19474,5641,6522,23
19475,3461,6655,28
19476,3579,8629,9
19477,2145,9773,12
19478,5165,8859,24
19479,1635,7093,39
19480,2304,9464,6
19481,5662,5737,10
19482,1533,5146,20
19483,2882,7398,40
19484,3698,9895,6
19485,5650,8478,18
19486,1953,6034,42
19487,3806,7282,30
19488,1570,9620,24
19489,5524,6728,33
19490,3823,8001,8
19491,4216,5386,24
19492,1980,7321,28
19493,5131,9020,5
19494,4542,9940,29
19495,3574,7375,18
19496,4387,5514,39
19497,4556,5027,25
19498,3878,5665,40
19499,2738,7188,27
19500,3424,8985,24
19501,3882,6541,30
19502,3704,6756,31
19503,3536,9124,45
19504,4568,8833,18
19505,3401,7632,40
19506,5450,5308,8
19507,4956,8470,30
19508,4553,9230,48
19509,1979,7834,44
19510,1403,8365,20
19511,3805,6994,47
19512,2515,5704,43
19513,2548,5355,24
19514,1394,5547,28
19515,3631,5110,14
19516,1104,6499,6
19517,2744,8672,49
19518,1422,5563,13
19519,5714,8184,22
19520,4178,6588,46
19521,4777,5466,34
19522,5391,5177,7
19523,1276,8199,33
19524,1194,9081,11
19525,5407,7928,29
19526,5716,5895,28
19527,2127,6483,47
19528,5019,9121,10
19529,1250,6209,19
19530,4468,5427,19
19531,3830,6528,44
19532,5392,7795,31
19533,1238,8185,25
19534,4721,6907,49
19535,5010,7620,36
19536,5906,7574,36
19537,3337,5087,16
19538,3585,8568,48
19539,2766,5393,13
19540,4918,5756,24
19541,5617,9314,19
19542,2143,6445,17
19543,3167,5783,12
19544,2115,9642,25
19545,3220,7074,49
19546,5819,5491,29
19547,2140,8990,39
19548,5663,8469,44
19549,5572,6049,34
19550,4517,5199,35
19551,2977,5371,10
19552,2597,9187,15
19553,2146,5399,46
19554,2628,5460,12
19555,2859,7605,12
19556,2246,8247,43
19557,2483,9669,16
19558,2522,6294,7
19559,1370,7760,47
19560,5856,7392,49
19561,4193,8660,20
19562,4233,6199,45
19563,2786,5470,31
19564,1575,9935,20
19565,4704,6965,9
19566,5473,7586,44
19567,3573,7278,16
19568,3116,6730,7
19569,2903,6174,39
19570,5080,7675,49
19571,2157,5166,7
19572,2086,7730,35
19573,1161,6692,28
19574,1759,7623,45
19575,3749,9339,33
19576,1830,7416,37
19577,1849,5627,42
19578,2977,7306,20
19579,5345,8407,37
19580,2530,6132,14
19581,3250,8956,34
19582,3893,6645,38
19583,4625,7295,39
19584,2678,9274,11
19585,5106,8218,10
19586,5811,7086,19
19587,5455,9488,36
19588,2300,9688,6
19589,3172,7842,36
19590,1630,5931,32
19591,5364,9217,25
19592,1278,5337,21
19593,2024,7732,23
19594,5172,7183,18
19595,5622,6260,38
19596,5714,6059,24
19597,2200,8449,25
19598,2718,7417,7
19599,2981,5054,18
19600,2591,6153,25
19601,1270,9377,31
19602,5098,9345,11
19603,3621,6807,46
19604,2387,5587,33
19605,1535,9453,13
19606,2609,5487,44
19607,3399,6709,19
19608,5633,9007,48
19609,3915,9628,32
19610,1464,8031,42
19611,1023,9303,19
19612,1689,6891,19
19613,5067,9381,34
19614,5224,6812,36
19615,2287,5938,44
19616,4861,6871,16
19617,3083,7032,24
19618,3535,7872,31
19619,5197,5883,6
19620,1737,7009,45
19621,5707,8637,26
19622,2341,7558,30
19623,3378,9922,44
19624,1196,8864,12
19625,3462,5061,40
19626,2505,7137,30
19627,3116,7018,41
19628,3919,8150,21
19629,5025,8812,11
19630,1871,5070,5
19631,1185,9781,31
19632,2690,7672,46
19633,2213,6596,30
19634,4646,6255,36
19635,1498,7514,18
19636,2566,6022,23
19637,2663,9528,13
19638,1218,9370,47
19639,5621,8177,48
19640,2362,5233,5
19641,5217,6188,25
19642,2506,9981,24
19643,3159,9899,37
19644,3057,9806,37
19645,5318,5849,22
19646,1797,6630,45
19647,5957,6651,21
19648,5051,6872,17
19649,4720,7302,47
19650,3252,5692,13
19651,3501,5008,5
19652,3309,7083,27
19653,5962,9898,44
19654,2033,6162,38
19655,4845,6704,40
19656,4185,8380,49
19657,1340,5140,18
19658,3095,8433,25
19659,5926,7203,47
19660,5909,5659,47
19661,1489,9409,25
19662,2346,9662,32
19663,1791,8438,36
19664,4517,7749,34
19665,5189,5402,44
19666,2835,5852,16
19667,2187,7709,33
19668,5234,8869,5
19669,4456,8179,30
19670,5408,5783,20
19671,4270,5343,22
19672,2707,6787,37
19673,4600,7904,46
19674,1703,9672,47
19675,2274,5782,27
19676,1539,8749,9
19677,4754,6339,25
19678,5213,8797,5
19679,3940,7871,35
19680,3615,5692,22
19681,1486,8879,25
19682,2387,8917,11
19683,2050,5659,5
19684,1784,5184,27
19685,4060,6204,31
19686,3925,7145,6
19687,1620,6704,38
19688,5510,9432,20
19689,4533,8253,44
19690,5525,5403,14
19691,5339,5236,24
19692,4475,5606,41
19693,2805,5223,29
19694,2099,9011,8
19695,1112,5623,36
19696,5878,8335,49
19697,1970,6834,32
19698,2634,7110,44
19699,1360,6253,17
19700,5863,5239,9
19701,1919,8842,21
19702,1168,6574,11
19703,4322,9703,14
19704,4904,7433,31
19705,3806,6165,39
19706,3261,9668,27
19707,5884,5977,20
19708,2870,5960,31
19709,3840,8179,19
19710,5975,7335,10
19711,1758,9087,46
19712,5784,8425,43
19713,5494,8285,28
19714,4818,5887,27
19715,2974,5694,9
19716,3709,5181,11
19717,1098,6189,26
19718,4077,8168,33
19719,2920,8075,35
19720,3207,6513,39
19721,1087,8277,38
19722,2767,7443,23
19723,4192,9394,38
19724,5539,6190,34
19725,4648,8736,23
19726,4678,8977,22
19727,1682,8474,5
19728,5217,9079,45
19729,5593,7188,20
19730,5708,8375,44
19731,3470,7798,32
19732,1135,6235,15
19733,5411,6653,36
19734,3246,5010,30
19735,4790,8572,14
19736,5107,9167,27
19737,5965,8703,49
19738,4202,7308,43
19739,1735,9324,37
19740,2134,5778,18
19741,4099,9476,13
19742,4472,7380,18
19743,4266,5926,40
19744,2969,8641,45
19745,5112,7465,6
19746,4145,5165,15
19747,2225,7898,18
19748,2188,8268,40
19749,1007,9335,39
19750,3109,7327,46
19751,3533,9090,29
19752,5728,7118,37
19753,4523,6799,13
19754,2438,9115,17
19755,1936,7286,47
19756,1560,8445,14
19757,5187,8387,37
19758,1446,7118,49
19759,2309,5198,13
19760,2417,8334,44
19761,2906,7892,17
19762,4211,5194,28
19763,1330,5132,44
19764,4398,6094,21
19765,4679,5767,37
19766,2554,8769,27
19767,4003,7794,31
19768,4530,6469,48
19769,3566,7419,48
19770,3584,5230,47
19771,3273,9851,30
19772,3620,8645,28
19773,2815,8400,15
19774,4919,8285,33
19775,4214,7231,9
19776,4888,7403,28
19777,2223,9661,13
19778,4108,6619,14
19779,3514,5814,15
19780,5668,8249,35
19781,5534,9547,7
19782,5853,5487,29
19783,5687,6691,47
19784,5977,8321,44
19785,3552,7001,31
19786,4439,9303,5
19787,5984,6268,20
19788,3198,5679,39
19789,5139,7262,19
19790,2321,6108,38
19791,3367,8107,15
19792,5314,7863,13
19793,4791,9165,28
19794,3536,7242,41
19795,3376,7345,39
19796,3307,5557,26
19797,3614,8348,44
19798,5215,6656,42
19799,5386,5967,11
19800,2663,5292,48
19801,1225,9699,34
19802,5990,9422,33
19803,3801,6176,43
19804,2281,5676,45
19805,5341,8284,13
19806,1522,5181,5
19807,2619,5361,7
19808,5215,7472,9
19809,4683,5610,15
19810,2602,5330,8
19811,3307,6250,48
19812,5667,9259,37
19813,4828,6856,37
19814,2216,5813,49
19815,1943,5493,24
19816,4932,6830,41
19817,2154,5471,24
19818,3206,6381,38
19819,4750,9437,25
19820,1261,7203,11
19821,1390,9856,20
19822,5741,8265,36
19823,5228,7633,40
19824,1408,8331,15
19825,3044,8302,33
19826,1567,9322,46
19827,5782,8294,38
19828,4371,6040,14
19829,2980,8869,7
19830,2953,6990,26
19831,3007,7766,36
19832,4839,7506,48
19833,3316,7264,24
19834,1101,5612,6
19835,5757,7584,12
19836,4445,6799,45
19837,1033,9529,29
19838,5332,9336,15
19839,5603,9072,28
19840,1332,9912,30
19841,4517,5102,39
19842,5582,5665,44
19843,5216,8115,9
19844,1158,6591,19
19845,4109,7369,46
19846,5946,9509,18
19847,3192,5928,41
19848,4629,9037,22
19849,4783,9130,16
19850,4822,6851,7
19851,3689,5445,44
19852,1693,9276,37
19853,2052,6855,8
19854,4884,6690,44
19855,3923,5717,30
19856,3099,5969,25
19857,3157,9408,49
19858,1134,9102,20
19859,4751,7596,27
19860,3128,5638,28
19861,3386,9554,13
19862,5528,6765,23
19863,5198,7619,31
19864,5427,8552,44
19865,5472,7116,35
19866,3279,5120,5
19867,2475,5848,17
19868,5860,5875,49
19869,5520,7995,8
19870,2049,8058,29
19871,1416,8317,14
19872,5398,8652,27
19873,3167,6865,47
19874,3379,6321,34
19875,1662,6739,18
19876,5455,9021,36
19877,1289,5934,34
19878,3601,7676,9
19879,2726,8677,49
19880,1575,7662,19
19881,1717,6372,21
19882,4413,5275,37
19883,5023,7678,16
19884,3394,8137,29
19885,5081,5069,23
19886,4063,7775,27
19887,2013,9405,43
19888,3361,7195,9
19889,3134,5578,44
19890,2947,9272,25
19891,4513,7249,40
19892,2352,8408,18
19893,3898,8199,10
19894,4076,6175,23
19895,4905,6185,8
19896,4256,5230,28
19897,3348,6946,30
19898,1528,8985,46
19899,3654,6205,23
19900,3975,5846,36
19901,3697,8789,46
19902,2282,5427,49
19903,5651,8154,39
19904,4280,6428,44
19905,5017,5478,46
19906,5827,6955,6
19907,4295,6057,37
19908,4937,9846,14
19909,2045,7641,49
19910,4440,7915,37
19911,1313,8532,27
19912,1316,5514,38
19913,3451,8490,46
19914,2891,9428,40
19915,4619,6440,34
19916,5222,5533,43
19917,5001,7053,9
19918,1496,8927,25
19919,1981,9400,20
19920,5840,7912,11
19921,5796,8269,13
19922,3029,6278,45
19923,3093,5867,47
19924,5932,7886,28
19925,3908,7054,30
19926,4144,9238,36
19927,1728,9471,47
19928,5194,6707,31
19929,2468,7157,45
19930,2115,7258,23
19931,2678,6226,12
19932,3044,6434,41
19933,3165,7050,10
19934,4965,6822,23
19935,4115,7791,47
19936,5167,7814,27
19937,5854,6135,6
19938,3844,6977,7
19939,3887,6257,6
19940,5822,7235,17
19941,1107,8014,36
19942,5871,9984,47
19943,3342,9307,29
19944,5053,7370,47
19945,2131,5207,17
19946,2110,8979,34
19947,4582,6114,23
19948,2251,9161,28
19949,3642,6023,49
19950,4074,7525,37
19951,3090,6465,17
19952,1081,5370,35
19953,3536,7721,42
19954,1916,7702,12
19955,1262,9528,34
19956,4320,7287,23
19957,4041,9389,36
19958,5904,6842,34
19959,5644,9797,42
19960,3663,5325,21
19961,3995,9526,38
19962,2973,9450,20
19963,3175,6679,41
19964,2328,6520,10
19965,5891,9389,6
19966,4886,7843,9
19967,1840,7672,46
19968,4837,6281,23
19969,4314,9477,5
19970,4649,5225,42
19971,1548,5903,29
19972,5163,9767,20
19973,4667,5607,34
19974,5778,9539,34
19975,3627,9278,14
19976,5933,8572,44
19977,4877,5442,28
19978,2326,7656,25
19979,4792,9363,43
19980,3872,8607,19
19981,1575,7978,9
19982,2102,5801,40
19983,1030,7513,46
19984,2376,5993,26
19985,3811,7180,12
19986,5927,5925,35
19987,4949,7026,5
19988,4805,6775,24
19989,5631,9971,32
19990,5465,7151,35
19991,4732,9778,28
19992,5398,8027,49
19993,4523,8257,11
19994,3355,7114,6
19995,4751,7183,13
19996,4135,9153,23
19997,5933,5790,45
19998,2300,5694,29
19999,5607,6684,27
20000,4066,8908,14
