emp_id,name,dept_id,age,experience_years,salary,city
1001,Allison Hill,4,33,9,78120,Hyderabad
1002,Noah Rhodes,5,61,35,201815,Mumbai
1003,Angie Henderson,3,57,32,186881,Mumbai
1004,Daniel Wagner,5,36,11,97927,Chennai
1005,Cristian Santos,5,49,23,156944,Mumbai
1006,Connie Lawrence,2,39,15,107054,Mumbai
1007,Abigail Shaffer,3,23,1,30000,Mumbai
1008,Gina Moore,3,34,11,88692,Pune
1009,Gabrielle Davis,3,36,14,96452,Delhi
1010,Ryan Munoz,5,41,18,122483,Bangalore
1011,Monica Herrera,4,50,27,162132,Hyderabad
1012,Jamie Arnold,3,63,39,230430,Pune
1013,Lisa Hensley,6,50,24,154798,Delhi
1014,Michele Williams,5,24,2,40078,Delhi
1015,Dylan Miller,2,40,14,94515,Delhi
1016,Brian Ramirez,4,24,0,37015,Hyderabad
1017,Holly Wood,6,35,11,88744,Chennai
1018,Derek Zuniga,6,61,37,209200,Hyderabad
1019,Lisa Jackson,2,25,0,44802,Delhi
1020,Carla Gray,4,32,10,70937,Bangalore
1021,Margaret Hawkins DDS,5,52,27,159399,Chennai
1022,Patty Perez,1,64,42,232823,Bangalore
1023,Ethan Adams,4,53,30,172723,Hyderabad
1024,Tommy Walter,2,48,24,147346,Delhi
1025,Matthew Foster,6,51,29,170817,Bangalore
1026,Judy Baker,5,64,38,223887,Chennai
1027,Justin Baker,4,23,0,35395,Bangalore
1028,Stephanie Ross,1,30,6,49842,Bangalore
1029,Zachary Hicks,1,49,24,146577,Bangalore
1030,Anthony Rodriguez,3,52,27,169466,Mumbai
1031,Rebecca Henderson,3,55,33,196201,Pune
1032,James Ferrell,2,36,11,96842,Delhi
1033,Tricia Valencia,4,46,22,149609,Bangalore
1034,Nathan Maldonado,4,57,35,200447,Bangalore
1035,Debra Davidson,6,29,6,66505,Delhi
1036,Jeffrey Chavez,6,30,5,53988,Hyderabad
1037,Sherri Baker,6,58,33,176303,Delhi
1038,Cassandra Gaines,3,60,38,202259,Pune
1039,Elizabeth Fowler,4,53,27,161085,Hyderabad
1040,Brittany Farmer,4,38,13,88822,Hyderabad
1041,Paula Moreno,1,56,32,185456,Bangalore
1042,Fred Smith,3,58,33,190003,Mumbai
1043,Sherry Decker,5,40,17,123602,Mumbai
1044,Anthony Humphrey,3,50,25,148346,Pune
1045,Angelica Tucker,5,28,2,50324,Delhi
1046,Philip Cannon,1,49,24,148041,Bangalore
1047,John Pierce,2,30,8,64547,Chennai
1048,Shane Henderson,4,49,24,145578,Hyderabad
1049,Joshua Blair,1,27,1,30000,Bangalore
1050,Eric Carney,4,50,28,172586,Chennai
1051,Jessica Holmes,6,38,14,114418,Delhi
1052,Danny Morgan,2,37,15,103360,Delhi
1053,Crystal Robinson,2,44,21,135132,Delhi
1054,Mark Perez,1,52,30,173633,Bangalore
1055,Shannon Jones,2,24,0,30839,Delhi
1056,Michael Lewis,5,42,17,124139,Delhi
1057,Timothy Duncan,2,47,25,155052,Delhi
1058,Richard Aguirre,4,57,35,176202,Hyderabad
1059,Brent Jordan,4,63,41,219423,Bangalore
1060,John Daniel,4,58,36,187775,Hyderabad
1061,Victoria Garcia,4,43,19,139143,Chennai
1062,Gerald Hensley,5,63,37,212325,Chennai
1063,Connor West,3,33,7,74625,Mumbai
1064,Donald Wright,6,63,41,224873,Chennai
1065,Jessica Callahan,1,34,10,93221,Hyderabad
1066,Amber Kidd,4,32,8,81885,Hyderabad
1067,Tracy House,2,37,15,103776,Mumbai
1068,Carol Tucker,4,29,6,78143,Bangalore
1069,James Brown,2,61,39,219782,Delhi
1070,William Baker,6,61,38,203118,Delhi
1071,Jordan Henderson,6,23,1,40500,Delhi
1072,Whitney Peters,6,51,28,171939,Chennai
1073,Brittney Phillips,2,51,28,166734,Mumbai
1074,Lauren Daniels,4,33,11,83408,Bangalore
1075,Amy Silva,6,31,8,87914,Delhi
1076,Sarah Moore,5,32,7,62013,Bangalore
1077,Angela Lopez,2,36,10,64690,Delhi
1078,Megan Young,2,37,13,111452,Mumbai
1079,Steve Sanchez,4,38,15,96891,Chennai
1080,Lisa Barnes,2,47,24,146707,Bangalore
1081,Kelly Donovan,2,23,0,33180,Mumbai
1082,Mike Allen,6,33,10,93053,Chennai
1083,Michael Evans,4,47,23,156978,Hyderabad
1084,Paul Jones,6,44,22,128060,Bangalore
1085,Zachary Ferrell,6,39,14,115255,Delhi
1086,Daniel Baker,4,53,28,180907,Hyderabad
1087,Shirley Suarez,1,59,33,195054,Bangalore
1088,Christopher Bass,6,24,1,48360,Hyderabad
1089,Lisa Archer,5,59,33,203162,Hyderabad
1090,Aimee Montoya,5,24,2,42380,Bangalore
1091,Matthew Mcmillan,2,51,26,159539,Chennai
1092,Brian Rodriguez,5,22,0,39714,Delhi
1093,Denise Jacobs,2,51,29,158271,Delhi
1094,Christina Walters,1,53,30,174369,Bangalore
1095,John Whitehead,4,49,27,152297,Bangalore
1096,Anna Henderson,4,42,17,129888,Bangalore
1097,Aaron Wise,4,34,8,74475,Hyderabad
1098,Deborah Figueroa,5,48,23,148910,Mumbai
1099,Jessica Smith,1,57,34,194252,Delhi
1100,Stephen Mckee,5,28,3,50432,Hyderabad
1101,Sandra Aguilar,5,43,19,128387,Delhi
1102,Cameron Parker,1,31,5,57454,Bangalore
1103,Rebecca Valencia,1,60,36,205012,Bangalore
1104,Christine Wright,1,36,12,92153,Bangalore
1105,Richard Henson,1,36,13,93914,Bangalore
1106,Marc Moore,4,25,3,52228,Bangalore
1107,Sharon Cherry,3,53,29,170124,Mumbai
1108,Sierra Johnson,3,44,19,140788,Mumbai
1109,Evelyn Galvan,1,27,5,63531,Bangalore
1110,Sharon Cochran,3,45,20,121805,Delhi
1111,Richard Rodriguez,3,41,16,118207,Mumbai
1112,Shannon Walker,1,58,36,198684,Bangalore
1113,Julia Torres,3,41,19,125385,Mumbai
1114,Crystal Johnson,5,33,8,70350,Delhi
1115,Garrett Lin,2,54,31,164344,Bangalore
1116,Diana May,2,49,23,147726,Mumbai
1117,William Herrera,1,29,3,42424,Bangalore
1118,Ashley Waller,4,22,0,38357,Bangalore
1119,Victor Baker,1,58,36,205598,Bangalore
1120,Jeffrey Chandler,4,43,18,118368,Bangalore
1121,Larry Dixon,2,27,1,59104,Delhi
1122,Kenneth Scott,1,42,17,108585,Bangalore
1123,April Frost,6,53,30,172205,Delhi
1124,Michelle Harmon,5,56,31,175334,Bangalore
1125,Helen Jones,3,36,13,113630,Mumbai
1126,Erin Edwards,4,26,4,64617,Hyderabad
1127,Michelle Evans,6,27,4,43623,Mumbai
1128,Jason Powell,3,46,23,137695,Mumbai
1129,Cameron Fisher,3,61,35,197966,Delhi
1130,Megan Orr,1,50,25,151694,Bangalore
1131,Elizabeth Kelley,3,28,2,40857,Pune
1132,Dustin Jordan,5,61,37,206453,Mumbai
1133,Mary Marshall,6,34,11,95938,Bangalore
1134,Daniel Kennedy,3,59,35,217475,Pune
1135,Rebecca Jackson,1,39,13,88544,Delhi
1136,Jose Schultz,5,23,0,30000,Bangalore
1137,Robert Potter,2,29,3,55608,Delhi
1138,Courtney Gonzalez,6,32,7,58857,Delhi
1139,David Alvarez,3,54,29,176815,Pune
1140,Angel Perry,1,59,37,213220,Bangalore
1141,Cheyenne Horton,2,48,25,159305,Delhi
1142,David Douglas Jr.,2,41,15,114397,Delhi
1143,Patricia Rodriguez,4,33,8,71918,Hyderabad
1144,Christopher Rubio,5,64,38,216946,Chennai
1145,Amber Wright,3,52,26,152563,Mumbai
1146,Joyce Solis,1,48,23,150414,Bangalore
1147,Victoria Larson,4,53,29,186526,Bangalore
1148,Stephanie Salazar,5,31,8,77497,Delhi
1149,Kathy Rivas,4,24,1,35339,Chennai
1150,Stephanie Manning,6,48,26,165158,Bangalore
1151,David Wright,5,56,34,213725,Chennai
1152,Pamela Boyd,5,52,30,177945,Chennai
1153,Denise Jones,3,36,13,101735,Mumbai
1154,Devon Flores,5,37,13,103921,Delhi
1155,Brenda Hall,4,34,11,75064,Hyderabad
1156,Michelle Brown,5,56,33,188011,Bangalore
1157,Joshua Perry,3,32,9,74389,Mumbai
1158,Jason Stein,3,42,19,132178,Mumbai
1159,Melissa Gates,6,32,8,80746,Hyderabad
1160,Jamie Smith,4,51,29,170334,Bangalore
1161,Paul Castaneda,2,56,30,176208,Delhi
1162,Jennifer Adkins,2,43,21,120207,Chennai
1163,Lindsey Walker,5,59,37,208776,Mumbai
1164,Jeffrey Johnson,6,52,26,154363,Chennai
1165,Michael Powell,1,35,12,83971,Bangalore
1166,John Anderson,5,45,21,143510,Chennai
1167,Alyssa Long,6,53,29,180275,Mumbai
1168,Alyssa Day,4,57,35,195591,Hyderabad
1169,Joel Williams,4,53,27,154147,Hyderabad
1170,Daniel Murphy,4,36,11,83693,Hyderabad
1171,Jamie Walton,4,64,41,236846,Chennai
1172,Darlene Miller,4,56,34,198541,Bangalore
1173,Joshua Cooke,6,24,0,33625,Chennai
1174,Matthew Harrington,6,37,11,91970,Mumbai
1175,Nicole Herring,3,26,0,30000,Delhi
1176,Alex Hernandez,2,42,20,111795,Mumbai
1177,Michael Elliott,4,31,6,82617,Hyderabad
1178,Michael Wang,1,40,16,116652,Delhi
1179,Lawrence Adkins,6,46,24,147813,Mumbai
1180,Robert Oconnell,1,25,0,35424,Bangalore
1181,Alexander Collins,1,50,24,138505,Bangalore
1182,Tina Sanders,1,40,17,124045,Bangalore
1183,Angela Vaughn,3,64,40,216304,Mumbai
1184,Ashley Barton,6,23,0,41833,Hyderabad
1185,Lindsay Martinez,1,31,6,67856,Bangalore
1186,Dr. Hannah Patterson,4,64,42,231983,Hyderabad
1187,Jonathan Peterson,5,46,20,123381,Hyderabad
1188,Samantha Garcia,1,41,16,103487,Bangalore
1189,Madison Poole,3,40,17,119219,Mumbai
1190,Jessica Gross,6,44,21,135533,Bangalore
1191,Debra Morton,3,45,22,139977,Pune
1192,Karen Graham,1,32,7,73788,Bangalore
1193,Debra Christian,6,55,29,160606,Chennai
1194,Angelica Keith,5,49,25,163021,Bangalore
1195,John Bishop,1,26,4,50952,Bangalore
1196,Allen Rosales,3,26,2,56157,Delhi
1197,Daniel Salinas,2,42,16,98933,Delhi
1198,Spencer Haynes,4,33,9,84252,Bangalore
1199,Adam Vaughan,3,25,0,43076,Pune
1200,Nathan Freeman,6,63,40,212310,Hyderabad
1201,Melissa Brewer,1,41,15,105185,Bangalore
1202,Ricky Davis II,4,59,33,186423,Hyderabad
1203,Elizabeth Perkins,1,46,22,147705,Bangalore
1204,Joseph Coleman,6,35,10,88071,Chennai
1205,Erin Warner,1,32,8,87790,Bangalore
1206,David Martinez,2,53,29,175323,Mumbai
1207,Bryan Herrera,4,32,6,73857,Bangalore
1208,Cathy Robinson,4,39,15,117276,Chennai
1209,Dr. William Warren,6,48,25,158135,Chennai
1210,Brian Lee,2,39,15,104826,Delhi
1211,Christopher Smith,3,44,21,130337,Mumbai
1212,Denise Mccann,1,32,6,67362,Bangalore
1213,Melissa Martinez,5,42,17,124872,Hyderabad
1214,Katherine Salas,1,26,3,44171,Bangalore
1215,Julie Alexander,1,44,19,133117,Bangalore
1216,Anthony Everett,3,62,37,215081,Mumbai
1217,Rodney Morales,1,46,23,134273,Bangalore
1218,Mark Brown,2,62,36,213828,Mumbai
1219,Justin Torres,2,31,9,78435,Delhi
1220,Bailey Duran DDS,4,43,18,118795,Bangalore
1221,Courtney Mills,6,40,15,110119,Mumbai
1222,Jeremy Dalton,5,22,0,30906,Chennai
1223,Elizabeth Oliver DDS,1,28,2,51181,Mumbai
1224,Theresa Clark,1,25,1,40756,Bangalore
1225,Matthew Moore,3,22,0,30000,Pune
1226,Benjamin Smith,6,36,11,89195,Hyderabad
1227,Kirk Carter,2,61,38,211258,Delhi
1228,Michael Warner,5,33,11,91784,Bangalore
1229,Michael Bradshaw,4,43,19,133738,Bangalore
1230,Lori Guerrero,2,43,20,126127,Delhi
1231,Jessica Stephens,6,38,16,103884,Bangalore
1232,Susan Serrano,4,50,28,153158,Chennai
1233,Christopher Parker,3,35,13,89587,Mumbai
1234,Laura Roberts,3,41,18,118213,Mumbai
1235,Michael Lyons,1,54,30,167685,Bangalore
1236,Kathryn Snyder,6,64,40,232545,Mumbai
1237,Andrew Reynolds,5,36,14,102897,Chennai
1238,David Davis,4,33,10,82236,Hyderabad
1239,Sara Johnston,2,61,39,218166,Mumbai
1240,Yvonne Chambers,6,41,15,112748,Chennai
1241,Andrew Avila,6,51,27,169364,Chennai
1242,Matthew Moon,3,59,34,204872,Mumbai
1243,Kevin Walters,1,24,2,41926,Bangalore
1244,Brandon Bailey MD,1,49,23,146764,Bangalore
1245,Shannon Rivera,4,47,23,146883,Bangalore
1246,Donna Landry,3,51,28,166337,Mumbai
1247,Krista Gibson,6,34,10,91378,Delhi
1248,Frank Cordova,5,34,11,97718,Chennai
1249,Jose Travis,3,23,0,38952,Delhi
1250,Kimberly Gutierrez,4,58,36,196934,Hyderabad
1251,Isaiah Avila,4,59,37,212967,Hyderabad
1252,Olivia Harris,3,23,0,39269,Mumbai
1253,Tanya Kim,4,57,31,177563,Bangalore
1254,Barbara Dudley,3,47,23,148560,Delhi
1255,Cynthia Moore,2,32,7,67146,Mumbai
1256,Kristen Davis,3,29,6,70368,Pune
1257,Susan Murray MD,3,61,38,218802,Mumbai
1258,Kathleen Moran,4,64,42,234183,Hyderabad
1259,Denise Davenport,4,43,17,120008,Bangalore
1260,Mrs. Kristen Reyes,1,41,19,107233,Bangalore
1261,Katie Suarez,1,29,4,47685,Bangalore
1262,Desiree Tyler,2,50,26,158553,Bangalore
1263,Timothy Romero,1,61,37,223455,Bangalore
1264,Diane Evans,3,47,21,143017,Pune
1265,Yvonne Burns,4,51,29,185812,Chennai
1266,Joshua Reed,1,38,16,110863,Hyderabad
1267,Kimberly Gibson,1,41,16,113553,Bangalore
1268,Colin Terry,2,37,13,109901,Delhi
1269,Cynthia Rowe,6,64,42,231126,Mumbai
1270,Patrick Thornton,2,28,2,41308,Delhi
1271,Jasmin Alvarado,3,37,13,101034,Mumbai
1272,Veronica Simpson,4,48,23,155680,Hyderabad
1273,Jonathan Lawrence,2,44,18,117792,Mumbai
1274,Shelly Alexander,1,45,22,144312,Hyderabad
1275,Joyce Bowen,4,30,5,61354,Bangalore
1276,Matthew Moore,4,56,30,184410,Hyderabad
1277,Wayne Morgan,1,41,19,126808,Bangalore
1278,Marie Christian,2,58,35,197385,Bangalore
1279,Shannon James,1,63,38,216350,Bangalore
1280,Nathan Malone,6,38,16,107374,Chennai
1281,Amanda Jones,4,52,29,173449,Hyderabad
1282,Tammie Bright,5,29,5,54131,Hyderabad
1283,Jessica Garcia,5,36,14,95943,Mumbai
1284,Shelia Wallace,3,52,26,158688,Delhi
1285,Stephanie Williams,1,51,26,163933,Delhi
1286,Elaine Brooks,1,41,18,109475,Bangalore
1287,Joseph Knight,3,60,38,212742,Delhi
1288,Carolyn Miller,3,33,9,74034,Mumbai
1289,Lisa Allen,3,38,13,96408,Mumbai
1290,Briana Murray,4,63,38,211918,Chennai
1291,David Smith,6,51,29,172856,Hyderabad
1292,Stephanie Byrd,1,50,26,158343,Bangalore
1293,Jeremy Reed,4,40,17,121792,Hyderabad
1294,Margaret Coleman,3,32,10,85213,Delhi
1295,Ryan Gonzalez,1,55,32,174303,Bangalore
1296,John Young,4,28,3,45020,Hyderabad
1297,Laura Haney,6,55,32,185215,Bangalore
1298,William Barrett,4,41,17,116956,Bangalore
1299,Keith Jennings,6,59,33,187925,Chennai
1300,Amber Obrien,3,45,21,146531,Mumbai
1301,Tanner Mitchell DDS,6,31,8,80717,Delhi
1302,Heather Fields,1,53,31,167542,Bangalore
1303,Megan Le,3,36,11,93063,Pune
1304,Sara Fuller,1,58,32,189833,Bangalore
1305,Maria Parker,5,41,19,134251,Hyderabad
1306,Kevin Oconnor,2,24,2,31840,Mumbai
1307,Edward Burgess,6,58,34,213678,Mumbai
1308,Carlos Ryan,2,61,38,208056,Delhi
1309,Kiara Mcintyre,2,29,5,63928,Delhi
1310,Dawn Summers,6,61,38,209949,Bangalore
1311,Dr. Paul Morgan,3,44,20,128390,Mumbai
1312,Victor Taylor,5,61,39,204784,Delhi
1313,Shannon Ramsey,1,32,7,81075,Bangalore
1314,Tracy Ballard,4,29,6,62242,Hyderabad
1315,Richard Smith,1,50,24,150986,Bangalore
1316,Jordan Chambers,4,51,25,175799,Bangalore
1317,Lauren Carson,1,31,9,84975,Hyderabad
1318,Ashley Hall,6,60,36,201253,Delhi
1319,Stephen Hoffman,5,49,25,150017,Chennai
1320,Connie Brown,4,57,35,201578,Bangalore
1321,Susan Turner,3,34,8,83565,Delhi
1322,Charles Shah,1,53,27,180719,Hyderabad
1323,Johnathan Davis,1,57,33,179635,Bangalore
1324,Brandy Chavez,4,58,35,206516,Hyderabad
1325,Natalie Bautista,3,47,22,149101,Pune
1326,Patrick Moore,3,43,20,123883,Mumbai
1327,Brett Burns,6,25,0,35717,Hyderabad
1328,Trevor Johnson,6,52,29,159457,Delhi
1329,Jeremy Sampson,6,39,14,100392,Chennai
1330,Ariana Jennings,6,59,36,207256,Chennai
1331,Vanessa Howard,6,45,22,152352,Chennai
1332,Colton Martinez,6,44,21,148390,Bangalore
1333,Jordan Bates,5,43,20,121965,Chennai
1334,Linda Smith,3,23,1,51362,Mumbai
1335,Dana Martinez,6,52,26,146405,Delhi
1336,Andrea Hubbard,3,32,7,66820,Mumbai
1337,Daniel Kane,3,49,23,145485,Mumbai
1338,Charles Lester,2,53,31,182714,Delhi
1339,Scott Thomas,5,26,4,54652,Delhi
1340,David Thompson,6,59,37,211825,Mumbai
1341,Allison Smith,1,31,9,75836,Bangalore
1342,Cynthia Morris,4,61,38,222476,Bangalore
1343,Anthony Harmon,1,45,19,134634,Bangalore
1344,Nichole Alvarez,5,56,32,185483,Chennai
1345,Kayla Rodriguez,4,44,19,134639,Hyderabad
1346,Theresa Williams,5,38,16,126747,Delhi
1347,Sharon Boyd,3,22,0,30000,Delhi
1348,Victor Brown,4,52,30,189402,Hyderabad
1349,James Parks,3,52,30,171332,Pune
1350,Theodore Jones Jr.,1,63,41,238982,Bangalore
1351,Ana Hill,1,63,41,223332,Hyderabad
1352,Kimberly Nguyen,4,55,33,196225,Hyderabad
1353,Kerry Chavez DDS,4,30,5,63537,Hyderabad
1354,Michael Farrell,6,43,17,105417,Delhi
1355,Patricia Le,5,34,12,106724,Bangalore
1356,Jesse Perez,6,46,24,140636,Bangalore
1357,Jesse Perry,5,39,17,104743,Delhi
1358,Jeffery Ortega,6,33,11,81584,Bangalore
1359,Christian Leblanc,3,61,38,235049,Mumbai
1360,Ronald Davis,4,38,15,96670,Chennai
1361,Parker Cain,1,36,12,95225,Bangalore
1362,Laurie Hoffman,5,63,41,218714,Delhi
1363,Bryan Gomez,5,36,12,86186,Delhi
1364,Nicole Parrish,1,36,11,77504,Bangalore
1365,Tracy Burke,6,60,36,209121,Bangalore
1366,Kenneth Lewis,5,34,8,76110,Bangalore
1367,Courtney Rodriguez,3,38,15,97649,Mumbai
1368,Holly Farmer,4,53,30,184185,Chennai
1369,Renee Bruce,1,30,8,80429,Bangalore
1370,Sabrina Austin,4,61,39,221557,Chennai
1371,Allison Hickman,5,41,16,123165,Mumbai
1372,Debra White,5,47,22,139207,Chennai
1373,Ellen Morgan,1,48,22,145778,Bangalore
1374,Sergio Knight,3,42,20,126238,Pune
1375,Charles Schultz,2,39,17,102841,Mumbai
1376,Paul Lewis,1,34,9,82653,Bangalore
1377,Glen Wood,2,37,12,96269,Mumbai
1378,Paula Bradley,6,30,5,61858,Hyderabad
1379,Anthony Moore,2,33,10,86191,Mumbai
1380,Megan Nelson,3,59,35,213195,Mumbai
1381,Karla Ramos,6,40,16,110964,Mumbai
1382,Paul Wilson,2,28,6,55542,Delhi
1383,Douglas Gregory,6,56,33,189317,Mumbai
1384,Mr. Andrew Foster,2,39,14,103305,Delhi
1385,Aimee Turner,3,37,15,113368,Mumbai
1386,Chad Scott,2,60,37,210953,Mumbai
1387,Adam Burgess,2,25,0,30000,Mumbai
1388,James Padilla,2,46,23,150743,Delhi
1389,Sandra Drake,1,53,31,185861,Bangalore
1390,Scott Williams,1,61,37,212156,Hyderabad
1391,Thomas Atkins,1,34,9,88485,Bangalore
1392,Laura Mckinney,3,38,12,105124,Delhi
1393,Brian Smith,6,58,35,197680,Chennai
1394,Robert Montgomery,5,27,5,51298,Hyderabad
1395,Tamara Davis,2,40,18,119504,Delhi
1396,Dana Chapman,2,34,9,85192,Delhi
1397,Jennifer Collins,3,47,25,151657,Mumbai
1398,Gary Jackson,2,35,13,88192,Bangalore
1399,Ashley Hicks,1,52,27,166801,Bangalore
1400,Hannah Luna,5,25,0,30000,Delhi
1401,Robin Young,4,60,36,204004,Chennai
1402,Craig Morrison,2,29,5,67709,Chennai
1403,Mary Thompson,1,46,23,151543,Bangalore
1404,Kathleen Webster,4,34,8,47321,Hyderabad
1405,Joann Glass,5,53,30,175659,Hyderabad
1406,Madison Weber,4,59,35,206694,Bangalore
1407,Lori Hernandez,1,59,34,188991,Bangalore
1408,Jeremy Turner,6,49,27,158924,Chennai
1409,Anthony Romero,6,51,27,173961,Mumbai
1410,Jesse Brown,4,24,0,33526,Chennai
1411,Angela Lin,3,49,25,167689,Pune
1412,Lisa Hunter,4,24,0,31470,Hyderabad
1413,Julian Conner,2,55,29,187379,Bangalore
1414,Joanna Pacheco,2,37,11,91768,Delhi
1415,Erica Alvarez,6,43,20,123173,Bangalore
1416,Antonio Garcia,3,53,28,181505,Delhi
1417,Gwendolyn Klein,1,59,35,192248,Bangalore
1418,Carrie Wright,2,29,4,51032,Delhi
1419,Jeffrey Mills,6,29,7,71819,Hyderabad
1420,Jake Campbell,5,27,3,52146,Mumbai
1421,George Harper,6,35,10,87791,Chennai
1422,Maria Jones,2,53,28,167253,Delhi
1423,Michael Mitchell,2,56,34,185204,Delhi
1424,Mary Escobar,6,31,5,58081,Delhi
1425,Felicia Aguilar,1,24,0,47963,Bangalore
1426,Gregory Ponce,4,33,9,69004,Hyderabad
1427,Jenna Larson,2,52,30,189155,Mumbai
1428,Emily Bennett,6,50,24,155126,Delhi
1429,Robin Santiago,6,26,2,42025,Chennai
1430,Nancy Jennings,3,46,22,124783,Pune
1431,Maria Henderson,4,62,38,201034,Chennai
1432,Jack White,5,52,26,159152,Hyderabad
1433,Travis Tucker,1,42,20,125183,Delhi
1434,Chad Jones,5,41,17,118241,Bangalore
1435,Ashley Wise,4,60,35,216853,Bangalore
1436,Sophia Johnson,4,43,17,124000,Bangalore
1437,Ralph Anderson,4,25,2,44570,Hyderabad
1438,Christopher Guerra,5,34,12,101134,Bangalore
1439,Rhonda Martin,4,63,38,218405,Hyderabad
1440,Jason Rhodes,6,41,17,130097,Bangalore
1441,Jeremy Mitchell,5,34,11,82523,Chennai
1442,Joann Ferguson,4,38,16,101017,Hyderabad
1443,Robert Harrison,6,57,31,169497,Hyderabad
1444,Holly Valentine,3,54,31,181056,Delhi
1445,Mrs. Diane Reyes,4,22,0,30000,Bangalore
1446,Tracy Montoya,5,36,11,80309,Bangalore
1447,Brenda Wright,2,34,12,99674,Delhi
1448,Shelly Spencer,4,38,13,85923,Bangalore
1449,Ryan Rosales,2,45,20,133428,Bangalore
1450,Phillip Nelson,6,29,5,60234,Bangalore
1451,Brittany Kim,3,48,22,143937,Delhi
1452,Courtney Hayes,1,44,21,145972,Mumbai
1453,Alexander Brown,3,29,7,61294,Pune
1454,Cynthia Vang,4,29,3,64979,Bangalore
1455,Alfred Galvan,2,47,21,124418,Delhi
1456,Marie Moody,2,34,12,96605,Mumbai
1457,Dustin Gallegos,5,60,34,211410,Hyderabad
1458,Brenda Thornton,2,58,34,164767,Delhi
1459,Aaron Miller,5,49,23,147616,Chennai
1460,Ruben Dunn,6,46,22,139866,Chennai
1461,Kelsey Rodriguez,1,37,14,102574,Bangalore
1462,Eric Williams,4,23,0,49892,Bangalore
1463,Riley Bryant,5,39,14,98290,Chennai
1464,Taylor Carlson,1,38,14,93723,Bangalore
1465,Jose Allen,2,51,28,168432,Delhi
1466,Jeffrey Mendez,2,60,34,208594,Mumbai
1467,Jason Beck,1,34,12,95869,Bangalore
1468,William Jones,2,53,31,180974,Delhi
1469,Katie Mcneil,6,50,26,157766,Delhi
1470,Jeanette Harrison,6,51,26,144744,Hyderabad
1471,Veronica King,1,39,13,105586,Bangalore
1472,Richard Cooper,5,34,10,90042,Hyderabad
1473,Lori Ingram,5,64,42,226861,Mumbai
1474,Evelyn Williams,1,42,18,118282,Bangalore
1475,Robin Thompson,5,51,25,148914,Chennai
1476,Julie Dominguez,5,42,19,132444,Bangalore
1477,Robin Brown,6,38,12,93273,Chennai
1478,Judith Carter,5,61,38,213605,Mumbai
1479,Curtis Williams,3,40,17,121134,Pune
1480,Kaylee Hays,4,36,13,99915,Hyderabad
1481,Dawn Mullins,2,30,6,70106,Mumbai
1482,Howard Norman,3,31,9,78698,Delhi
1483,Evelyn Martinez,5,52,28,170576,Bangalore
1484,Steve Paul,6,44,22,139901,Mumbai
1485,Jasmine Beltran,1,51,25,160923,Bangalore
1486,Jonathan Glass MD,5,54,29,178912,Chennai
1487,Monica Miller,6,30,4,48802,Bangalore
1488,Samantha Gardner,4,22,0,30222,Hyderabad
1489,Bobby Guerrero,5,56,32,186173,Bangalore
1490,Lance Simmons,1,32,10,85614,Bangalore
1491,Heather Williams,6,55,31,195879,Mumbai
1492,Heather Bolton,6,37,14,95494,Delhi
1493,William Gould,6,30,6,72629,Mumbai
1494,Mark Cox,4,53,31,176148,Hyderabad
1495,Meghan Cisneros,5,36,14,111764,Hyderabad
1496,Lawrence Harrington,4,33,10,98498,Hyderabad
1497,Austin Osborne,2,54,32,171415,Mumbai
1498,James Bradley,2,35,10,82989,Delhi
1499,Meghan Rush,5,29,3,35098,Chennai
1500,Phillip Berry,4,29,5,47381,Hyderabad
1501,Jennifer Banks,1,48,23,133679,Delhi
1502,Brian Fitzgerald,6,33,9,84692,Chennai
1503,Mr. Justin Green III,6,22,0,38495,Hyderabad
1504,Zachary Mitchell,5,64,40,231809,Mumbai
1505,Katherine Martinez,2,61,38,219663,Delhi
1506,Jodi Roach,2,63,41,231580,Delhi
1507,Brandon Fleming,6,32,10,82894,Chennai
1508,Emma Reed,5,60,37,209052,Mumbai
1509,Joshua Vance,4,64,39,230056,Hyderabad
1510,Michelle Ho,2,52,26,162098,Mumbai
1511,Rebecca Hicks,4,38,13,103901,Chennai
1512,Curtis Taylor,2,54,32,166757,Chennai
1513,Allison Spencer,2,53,27,157299,Delhi
1514,Robert Arnold,3,50,26,167441,Mumbai
1515,Angelica Parker,2,42,16,109652,Chennai
1516,Dr. Kelly Hammond DVM,1,42,17,107337,Bangalore
1517,William Day,5,61,38,219930,Delhi
1518,Michael Cooper,5,44,20,131410,Chennai
1519,Penny Bowman,4,27,2,44744,Hyderabad
1520,Vincent Reynolds,2,43,19,138772,Delhi
1521,Amy Martinez,1,59,33,205599,Delhi
1522,Christopher Morris,4,58,36,202697,Hyderabad
1523,Hannah Everett,3,29,4,63179,Mumbai
1524,Sarah King,4,62,39,201590,Hyderabad
1525,Krista Martinez,4,56,30,189546,Bangalore
1526,Joseph Shaw,2,32,7,62807,Delhi
1527,Todd Moore,3,45,22,127982,Mumbai
1528,Michelle Jacobs,4,42,17,104217,Bangalore
1529,Kristy Bryan,1,23,0,30000,Bangalore
1530,Angel May,1,61,36,216442,Bangalore
1531,Marilyn Wang,5,40,16,117649,Bangalore
1532,Mark Jimenez,3,60,34,193473,Mumbai
1533,Donna Frye,3,49,24,158239,Pune
1534,Dr. Michael Evans,5,38,16,105440,Hyderabad
1535,Anthony Gonzales,4,27,2,50589,Hyderabad
1536,Mr. Lawrence Edwards,3,40,16,108741,Mumbai
1537,Morgan Valencia,1,59,36,204440,Bangalore
1538,Bianca Wood,1,49,26,151134,Bangalore
1539,Emma Owens,2,23,0,30121,Delhi
1540,David Davis,3,59,37,213252,Mumbai
1541,James Gilbert,4,58,34,202838,Bangalore
1542,Sean Moore,5,25,0,35287,Mumbai
1543,Kenneth Edwards,5,43,20,117995,Hyderabad
1544,Kathleen Robertson,4,47,23,165269,Hyderabad
1545,Mr. Alexander Landry MD,6,64,39,222193,Delhi
1546,Cindy Gomez,2,57,35,201997,Chennai
1547,Johnny Khan,5,34,10,74309,Mumbai
1548,Julie Herrera,3,53,29,183421,Mumbai
1549,Jessica Khan,2,38,12,107143,Delhi
1550,Pamela Diaz,3,62,38,202335,Mumbai
1551,Kelly Lee,1,57,31,184680,Bangalore
1552,Angel Gordon,2,40,18,118156,Mumbai
1553,Diana Hays,5,56,34,213907,Delhi
1554,Barbara Hester,2,61,36,219348,Delhi
1555,Robert Morgan,2,49,23,136293,Mumbai
1556,Nicole Gonzalez,2,22,0,30000,Chennai
1557,Kathryn Williams,6,63,40,217056,Mumbai
1558,Gary Wells,2,39,16,114373,Chennai
1559,Larry Robertson,3,61,36,220377,Mumbai
1560,Louis Martin,1,54,32,186273,Bangalore
1561,Nancy Evans MD,4,33,10,87209,Hyderabad
1562,Kim Erickson,2,29,5,55585,Delhi
1563,Robert Richardson,5,45,23,147066,Bangalore
1564,Veronica Silva,2,37,13,94724,Delhi
1565,Molly Watts,5,25,0,30000,Delhi
1566,John Coffey,3,59,37,212346,Pune
1567,Paula Lane,5,48,23,146621,Delhi
1568,Lauren Jackson,4,30,4,49822,Chennai
1569,Lisa Randall,1,37,11,104663,Bangalore
1570,Michael Johnson,5,33,9,73568,Bangalore
1571,Ashley Smith,5,52,26,166872,Hyderabad
1572,Christian Vaughn,1,45,22,136699,Mumbai
1573,Reginald Knapp,4,35,13,108448,Bangalore
1574,Nancy Brown,2,46,23,142399,Bangalore
1575,Daniel Nguyen,5,55,31,169702,Mumbai
1576,Kelly Edwards,1,24,0,43880,Bangalore
1577,Thomas Peterson,3,45,23,155416,Pune
1578,Raymond Le,1,63,37,210279,Bangalore
1579,Melissa Bishop,3,30,5,67531,Mumbai
1580,David Grant,4,47,23,146535,Hyderabad
1581,William Evans,2,41,19,121238,Mumbai
1582,Daniel Bush,1,61,36,214526,Bangalore
1583,Gregory Peck,6,31,5,56899,Chennai
1584,Denise Martinez,5,40,16,112859,Bangalore
1585,Jamie Baird,4,24,2,46458,Hyderabad
1586,Tina Ballard,1,45,23,144868,Bangalore
1587,Dwayne Klein,5,26,4,47596,Hyderabad
1588,Jeremy Scott,1,24,0,53876,Bangalore
1589,Dale Ryan,3,48,23,156797,Mumbai
1590,Melissa Taylor,1,37,15,113423,Bangalore
1591,Laurie Sanchez,6,36,10,98265,Bangalore
1592,Kiara Little,1,56,34,195350,Bangalore
1593,Jason Love,1,33,8,73229,Bangalore
1594,Randy Smith,6,62,38,207287,Bangalore
1595,Tanya Russell,4,47,25,146872,Hyderabad
1596,Sherry Woods,1,55,33,181987,Bangalore
1597,Victor Morris,6,44,18,120175,Hyderabad
1598,Susan Davis,5,52,26,164211,Hyderabad
1599,Kimberly Sharp,3,41,19,131612,Pune
1600,Susan Thompson,3,33,11,93790,Mumbai
1601,Casey Gillespie,1,44,18,115027,Bangalore
1602,Jennifer Simpson DVM,4,25,0,44113,Bangalore
1603,Tammy Mcdowell,4,44,21,144050,Hyderabad
1604,Keith Rodriguez,5,22,0,32966,Delhi
1605,Mrs. Virginia Daniels,1,46,24,157382,Bangalore
1606,Todd Rosales MD,3,23,0,43206,Pune
1607,Brian Martin,4,51,27,154183,Hyderabad
1608,David Lopez,1,24,0,54933,Delhi
1609,Rachel Bradley,4,42,19,119774,Bangalore
1610,Casey Chase,6,46,21,144959,Delhi
1611,Samantha Robertson,4,41,18,128169,Bangalore
1612,Michael Lopez,3,43,21,123907,Pune
1613,Franklin Wright,2,42,17,119931,Mumbai
1614,David Molina,5,54,30,185671,Mumbai
1615,Elizabeth Sharp,5,59,33,185023,Delhi
1616,Matthew Schwartz,3,36,10,87596,Mumbai
1617,Bryan Parker,4,36,14,108741,Hyderabad
1618,Jonathan Jacobson,1,46,23,152757,Mumbai
1619,Emily Wilson,4,42,20,125823,Chennai
1620,Elizabeth Mendez,3,45,19,141454,Mumbai
1621,Casey Hernandez,5,26,2,57244,Chennai
1622,Lisa Perry,4,27,1,46429,Hyderabad
1623,Kaitlin Medina,5,64,39,216628,Chennai
1624,Colleen Wright,1,44,18,115073,Bangalore
1625,Shelley Miller,5,25,0,41620,Chennai
1626,Michael Miller,5,48,23,158416,Hyderabad
1627,Amy Kelley,2,39,16,110222,Delhi
1628,Laura Hernandez,2,42,16,108127,Delhi
1629,Joseph Wilson,6,49,27,168499,Hyderabad
1630,Kevin Davis,2,56,30,182196,Mumbai
1631,Rhonda Chavez,5,43,21,137827,Mumbai
1632,Joyce Brown,3,61,36,203597,Mumbai
1633,Robert Cummings,5,44,18,121441,Bangalore
1634,Robert Reese,3,24,0,33160,Delhi
1635,Amber Cooper,3,61,36,211793,Pune
1636,Zachary Michael,2,31,8,71084,Delhi
1637,Timothy Johnson,4,46,20,138539,Hyderabad
1638,Randy Cannon,1,29,7,62929,Bangalore
1639,Maria Fisher,2,32,10,85980,Mumbai
1640,Janet Kane DVM,2,26,0,45430,Delhi
1641,Michael Stanley,4,58,35,203352,Hyderabad
1642,Martha Bailey,1,59,36,212736,Bangalore
1643,Joshua Rice,5,50,27,159248,Delhi
1644,Courtney Smith,6,26,4,59341,Chennai
1645,Edwin Nunez,6,30,5,63966,Delhi
1646,Kim Morrow,5,23,0,30000,Delhi
1647,Gregory Hill,2,22,0,30000,Delhi
1648,Molly Rodriguez,1,61,39,204754,Bangalore
1649,Jennifer Miranda,2,51,26,143133,Mumbai
1650,Alexis Harris,3,32,6,71409,Pune
1651,Andrew Harper,2,49,23,145301,Delhi
1652,Amber Yang,2,33,10,83897,Chennai
1653,David Robinson,5,60,37,208656,Chennai
1654,Amy Gordon,5,47,22,146653,Mumbai
1655,Robert Dennis,5,34,11,92787,Bangalore
1656,Kyle Chambers,6,29,4,57743,Chennai
1657,Eric Thomas,3,49,27,162727,Mumbai
1658,Connie Turner,5,51,28,168946,Mumbai
1659,Travis Hobbs,1,30,8,83734,Bangalore
1660,Lori Simmons,6,60,36,190563,Mumbai
1661,William David DDS,4,52,27,160135,Hyderabad
1662,Emma Butler,1,42,18,128922,Bangalore
1663,James Webster,1,55,32,195463,Bangalore
1664,Samuel Turner,5,52,30,179417,Mumbai
1665,Renee Melendez,4,46,23,142826,Hyderabad
1666,Tracy Grant,4,33,9,94592,Chennai
1667,David Harris,6,22,0,36422,Chennai
1668,Tammy Boone,4,43,17,119946,Bangalore
1669,Nathaniel Lee,3,61,37,221954,Mumbai
1670,Michael Morrison,5,58,35,204504,Hyderabad
1671,Chelsea Gill,4,22,0,42518,Chennai
1672,Kristin Mendoza,6,22,0,43455,Bangalore
1673,Felicia Krueger,3,63,41,224720,Mumbai
1674,Timothy Hayden,2,63,37,227841,Chennai
1675,Zachary Mendoza,2,42,19,105803,Delhi
1676,Larry Harris,3,36,10,70962,Mumbai
1677,Kristen Rowe,6,38,14,97758,Delhi
1678,Joseph Howard,3,43,21,130313,Mumbai
1679,Jose Crawford,5,59,35,204800,Hyderabad
1680,William Harrison,5,56,34,189284,Hyderabad
1681,Suzanne Wood,2,37,11,91404,Delhi
1682,Justin Walker,4,29,4,55758,Hyderabad
1683,Dean Donovan,6,38,15,122735,Hyderabad
1684,Jennifer Hernandez,2,38,12,89760,Mumbai
1685,James Whitaker,4,47,25,139035,Chennai
1686,Mr. Michael Scott PhD,4,34,12,100352,Hyderabad
1687,Maria Henry,5,38,16,104488,Hyderabad
1688,Robert Jackson,1,59,37,208166,Bangalore
1689,Katherine Stark,1,38,15,101530,Bangalore
1690,Maria Brown,3,35,11,94997,Pune
1691,Ryan Landry,5,27,2,37005,Bangalore
1692,Pamela Gutierrez,4,56,33,168906,Bangalore
1693,Crystal Mann,6,35,13,106465,Chennai
1694,Jonathan Brooks,1,29,6,66379,Bangalore
1695,Mary Jensen,4,36,10,95381,Hyderabad
1696,Mr. Aaron Arnold,1,48,26,167297,Bangalore
1697,Joseph Hill,1,34,9,73568,Bangalore
1698,Alicia Li,1,52,30,176485,Bangalore
1699,Renee Browning,6,56,31,188343,Delhi
1700,Brent Hernandez,5,27,2,47133,Mumbai
1701,Joseph Ochoa,6,26,2,44302,Chennai
1702,James Watson,2,43,19,124990,Delhi
1703,Karl Branch,4,44,21,143568,Bangalore
1704,Michael Abbott,5,46,23,142227,Bangalore
1705,Shannon Malone,5,55,30,184401,Mumbai
1706,James Tran,5,47,25,155275,Mumbai
1707,Adam Jackson,5,26,0,32086,Chennai
1708,Mr. Richard Knight PhD,6,47,21,140915,Hyderabad
1709,Joseph Williams,5,41,19,111990,Bangalore
1710,Sean Clay,3,27,5,61711,Mumbai
1711,Anthony Jones,4,27,3,58628,Hyderabad
1712,Stephanie Elliott,5,39,13,109871,Mumbai
1713,Timothy Edwards,4,25,0,30978,Hyderabad
1714,Laurie Goodwin,3,38,15,102410,Mumbai
1715,Jennifer Jones,3,35,11,91372,Pune
1716,David Davenport,4,35,9,78292,Bangalore
1717,Steven Rivera,1,34,12,75968,Bangalore
1718,Brenda Hinton,2,28,2,44866,Mumbai
1719,Kathryn Mccann,1,36,11,92541,Bangalore
1720,Jeffrey Roberson,1,40,16,121140,Bangalore
1721,Randy Friedman,6,64,42,245913,Chennai
1722,Raymond Johnson,1,56,31,185299,Bangalore
1723,Willie Henry,5,38,15,111231,Mumbai
1724,Todd Reynolds,6,56,32,195486,Bangalore
1725,Mary Miller,6,40,15,92695,Hyderabad
1726,Rebecca Marquez,3,41,16,105646,Delhi
1727,Christian Dawson,1,57,35,200320,Bangalore
1728,Nancy Stewart,3,56,33,203747,Mumbai
1729,Aaron Parker,4,53,28,175238,Chennai
1730,Derrick Anderson,2,61,37,213937,Mumbai
1731,Jerry Peters,6,45,20,130775,Mumbai
1732,Alexander Gomez,4,38,12,99614,Chennai
1733,Kyle Nguyen,4,28,4,51428,Chennai
1734,Edgar Hughes,5,64,40,219161,Chennai
1735,Steven Stein,2,22,0,30000,Delhi
1736,Laura Jackson,4,56,34,205523,Hyderabad
1737,Charles Turner,4,53,29,166977,Hyderabad
1738,Arthur Hamilton MD,2,57,31,182309,Chennai
1739,Mr. David Wright,2,34,12,95168,Delhi
1740,Linda Gonzalez,4,27,5,51458,Chennai
1741,Eric Rush,2,35,13,97909,Delhi
1742,Manuel Brock,4,58,34,199006,Hyderabad
1743,George Ochoa,4,36,14,95804,Hyderabad
1744,Valerie Taylor,5,25,0,36529,Delhi
1745,Travis Harris,1,61,39,210751,Hyderabad
1746,Vincent Novak,4,37,11,102562,Bangalore
1747,Michael Henry,3,49,26,160460,Delhi
1748,Dana Bennett,6,37,11,83110,Chennai
1749,Jenna Wilson,1,25,1,43110,Bangalore
1750,Leslie Gardner,1,47,25,153872,Bangalore
1751,Krista Benton,1,49,27,143954,Bangalore
1752,Michael Gonzales,5,53,28,180923,Hyderabad
1753,Michael Fuentes,4,23,1,31783,Bangalore
1754,Jennifer Porter,5,52,26,178721,Bangalore
1755,Dana Hopkins,4,24,0,43762,Hyderabad
1756,Rachel Jones,5,29,6,55385,Mumbai
1757,Karen Morales DDS,5,45,23,140585,Hyderabad
1758,Melissa Stephens,6,36,13,104680,Hyderabad
1759,Heather Woodard,3,64,42,230497,Delhi
1760,Margaret Miller,5,52,28,178425,Hyderabad
1761,Mary Kelly,6,30,4,55591,Chennai
1762,Amanda Terrell,2,60,36,205970,Mumbai
1763,Jennifer Goodwin,3,23,0,43801,Mumbai
1764,Jessica Smith,5,29,7,72727,Delhi
1765,Jorge Stone,1,28,5,52298,Bangalore
1766,Laura Griffin,2,60,34,203072,Chennai
1767,Raymond Chapman,2,63,39,222039,Chennai
1768,Haley Johnson,6,37,14,94706,Delhi
1769,Jason Nixon,2,56,33,180176,Mumbai
1770,Todd Thomas,3,51,25,141848,Delhi
1771,Jesse Clark,5,31,9,74944,Hyderabad
1772,Mr. Jeffrey Horton,5,59,36,204967,Hyderabad
1773,Eric Patrick,1,39,13,104936,Bangalore
1774,Samuel Wong,6,26,4,60363,Chennai
1775,Carly Riggs,1,50,28,163289,Bangalore
1776,Christopher Moore,2,60,36,205935,Delhi
1777,Tina Hall,1,55,29,170030,Bangalore
1778,Cody Davidson,3,64,42,233097,Delhi
1779,Allen Mendez,5,44,20,139148,Hyderabad
1780,Kevin Price,2,26,1,44109,Mumbai
1781,Christine Goodwin,1,51,25,166606,Delhi
1782,Amy Garcia,6,27,2,55614,Chennai
1783,Chelsea Nguyen,3,25,3,60761,Mumbai
1784,Dennis Huffman,3,50,24,153633,Pune
1785,Margaret Harper,1,44,20,127140,Bangalore
1786,Laurie Bailey,5,27,5,63469,Hyderabad
1787,Lisa Cervantes,1,53,27,163716,Delhi
1788,Elizabeth Mendez,2,63,37,218418,Bangalore
1789,Cesar Wilson,1,39,14,99097,Hyderabad
1790,Clayton Steele,3,36,14,94172,Mumbai
1791,Jennifer Taylor,1,61,37,221031,Bangalore
1792,Cody Reid,5,53,29,165599,Chennai
1793,Maria Cooke,6,30,8,80777,Mumbai
1794,Katherine Taylor,4,58,36,208888,Bangalore
1795,Jerry Brown,1,31,8,74554,Hyderabad
1796,Adam Taylor,5,41,16,98658,Hyderabad
1797,Tracey Wagner,5,27,5,70385,Hyderabad
1798,Michael Perry PhD,6,24,2,36921,Mumbai
1799,Bradley Johnson DDS,3,63,40,231825,Delhi
1800,Donald Medina,5,32,9,72972,Mumbai
1801,Jim Newton,5,64,38,212230,Delhi
1802,Krista Wilson,5,38,14,108548,Hyderabad
1803,Reginald Morrow,5,53,28,174507,Bangalore
1804,Rodney Williams,2,25,0,30000,Chennai
1805,Kimberly Fritz,2,25,3,60594,Chennai
1806,Ronald Potter,3,38,15,105051,Mumbai
1807,Zachary Cole,1,62,38,216551,Bangalore
1808,Robert Gonzales,5,40,14,103223,Chennai
1809,Patricia Young PhD,6,26,2,37977,Hyderabad
1810,Heather Page,1,53,30,183081,Bangalore
1811,Carol Taylor,6,43,17,122016,Bangalore
1812,Daniel Brown,1,27,1,38059,Mumbai
1813,Douglas Ryan,3,56,32,195353,Delhi
1814,Michael Roberts,5,43,20,130638,Mumbai
1815,Scott Duke,5,22,0,35611,Mumbai
1816,Anna Estes,4,41,15,124512,Hyderabad
1817,Tamara Riddle,6,43,21,120836,Mumbai
1818,Beth Cline,1,32,9,65530,Bangalore
1819,Michael Poole,1,34,8,66231,Bangalore
1820,Megan Burns,2,63,37,216609,Chennai
1821,Debra Perry,4,24,2,41527,Bangalore
1822,Mark Beard,2,30,5,59863,Delhi
1823,Jose Ramirez,2,33,11,79160,Delhi
1824,Jackie Clements,2,44,22,151722,Mumbai
1825,Aaron Schroeder,6,35,10,101608,Bangalore
1826,Monica Ellis,6,54,31,189091,Chennai
1827,Heather Brown,3,39,16,99341,Mumbai
1828,Claudia Jordan,3,62,36,205104,Mumbai
1829,Derrick Clayton,2,30,6,72219,Delhi
1830,Kenneth Knight,4,44,20,131033,Hyderabad
1831,Mr. Michael Williams,1,31,5,70517,Bangalore
1832,Richard Stevens,6,40,16,122582,Delhi
1833,Scott Alexander,4,26,4,69057,Hyderabad
1834,Tyler Harris,5,44,22,133161,Chennai
1835,Bonnie Santos,6,51,26,161450,Hyderabad
1836,Timothy Hill,6,46,21,133773,Delhi
1837,Danielle Watson,3,49,23,131893,Pune
1838,Carol Sanders,1,55,29,181712,Bangalore
1839,Michael Young,1,46,20,138307,Bangalore
1840,Michele Smith,5,31,9,72925,Mumbai
1841,Casey Perez,5,35,11,76315,Delhi
1842,Alexandra Dominguez,6,63,37,210627,Bangalore
1843,Virginia Henderson,2,51,25,163149,Mumbai
1844,Benjamin Reyes,3,62,40,233698,Mumbai
1845,Ashley Edwards,3,46,24,142099,Mumbai
1846,Breanna Ayala,6,35,13,104961,Delhi
1847,Brandi Haney,4,56,32,192779,Hyderabad
1848,Joseph Smith,2,55,29,179405,Bangalore
1849,Jessica Bowen,6,31,8,63451,Mumbai
1850,Brittany Jenkins,2,56,33,181299,Mumbai
1851,Shannon Miller,2,32,6,61353,Bangalore
1852,Paul Lawrence,2,32,6,65388,Bangalore
1853,Victor Edwards,6,42,16,129405,Chennai
1854,Donald Miller,3,42,16,109702,Pune
1855,Lindsay Lawson,3,43,19,132870,Pune
1856,Melissa Abbott,2,28,5,55981,Delhi
1857,Elizabeth Holmes,4,38,13,103481,Hyderabad
1858,Nicole Phillips,1,23,0,35696,Bangalore
1859,Steven Blevins,6,33,10,84616,Delhi
1860,Brian Porter MD,1,63,41,230656,Bangalore
1861,Vanessa Hatfield,4,39,13,98904,Chennai
1862,Bonnie Valencia,6,32,6,70995,Delhi
1863,Holly Vega,2,37,11,101371,Delhi
1864,Tiffany Townsend,3,39,17,108867,Mumbai
1865,Austin Baker,1,56,32,197286,Bangalore
1866,Antonio Mccormick,5,47,23,143378,Bangalore
1867,Lori Mason,5,37,12,92032,Chennai
1868,Michael Miller,4,27,3,57096,Hyderabad
1869,Lisa Ramirez,2,64,40,222670,Delhi
1870,Jorge Harris,1,63,37,216253,Bangalore
1871,Kimberly Myers,2,33,10,85005,Chennai
1872,Sandra Becker,1,34,10,67732,Hyderabad
1873,Michael Blair,4,25,1,45440,Hyderabad
1874,Amy Miller,4,60,38,202071,Hyderabad
1875,Jesse Lynch,5,23,0,30000,Hyderabad
1876,Patrick Yang,2,47,25,155431,Bangalore
1877,Michael Miles,6,48,22,147492,Chennai
1878,Troy Mills,5,48,25,163340,Bangalore
1879,Michelle Jackson,2,36,11,81585,Mumbai
1880,Richard Adams,5,29,7,61969,Bangalore
1881,Patricia Johnson,6,28,4,59914,Hyderabad
1882,Denise Brown,3,61,37,221094,Pune
1883,Laura Jones,3,33,8,77737,Pune
1884,Ian Porter,3,34,10,77376,Pune
1885,Holly Scott,3,64,42,244451,Delhi
1886,Kenneth Sharp,1,38,16,108101,Bangalore
1887,Jordan Williams,3,38,14,101350,Mumbai
1888,Dana Ruiz,6,57,33,181013,Chennai
1889,Chris Velazquez,4,42,16,120792,Hyderabad
1890,Kristen Sloan,4,29,6,71220,Bangalore
1891,Jennifer Morris,1,26,1,37653,Bangalore
1892,Nathan Nelson,3,47,25,166509,Mumbai
1893,Jake Shaw,3,37,12,90302,Pune
1894,Cassie Brock,3,57,31,190502,Pune
1895,Dr. Andrea Marshall,5,49,27,163689,Chennai
1896,Ryan Murphy,2,50,24,136395,Mumbai
1897,Aimee Gonzalez,5,33,7,77051,Chennai
1898,Elizabeth Dean,2,58,34,200832,Mumbai
1899,Kevin Snyder,3,51,26,146668,Pune
1900,Christie Mccullough,3,44,19,140102,Delhi
1901,Danielle Smith,5,37,13,102165,Chennai
1902,David Reed,5,35,10,95515,Hyderabad
1903,Sherry Tapia,2,31,7,56571,Delhi
1904,Matthew Sweeney,4,28,6,59916,Bangalore
1905,Ashley Moreno,2,58,32,199644,Delhi
1906,Johnathan Brown,5,50,24,140053,Bangalore
1907,Michelle Davis DVM,6,24,0,34351,Bangalore
1908,Kelly Haynes,5,36,13,100552,Hyderabad
1909,William Miller,6,57,31,170343,Hyderabad
1910,Casey Wilkins,1,40,16,102028,Mumbai
1911,Keith Graham,5,34,11,98956,Hyderabad
1912,Cynthia Green,1,63,40,224678,Bangalore
1913,Robert Haynes,4,42,16,124413,Bangalore
1914,Emily Nelson,2,58,32,191656,Delhi
1915,Dale Chan,6,48,22,162847,Bangalore
1916,Brittney Martin,2,50,26,163109,Bangalore
1917,Jason Herrera,1,41,18,130958,Bangalore
1918,Christine Parker,6,46,21,135331,Bangalore
1919,Bryan Moore,2,27,3,53185,Chennai
1920,Samantha Terry,5,57,35,204634,Mumbai
1921,Russell Murphy,3,23,0,42662,Mumbai
1922,David Kelly,1,43,20,129888,Bangalore
1923,Megan Green,2,53,29,173721,Mumbai
1924,Amanda Sullivan MD,1,37,15,109515,Bangalore
1925,Danielle Murray,1,39,15,111910,Mumbai
1926,Brenda Smith,6,26,2,38599,Hyderabad
1927,Vickie Anderson,6,57,32,190799,Delhi
1928,Jacqueline Mccoy,3,51,26,163366,Mumbai
1929,Lauren Green,5,40,16,104789,Mumbai
1930,Alison Brown,1,44,22,145647,Bangalore
1931,Jill Anderson,2,55,32,189901,Mumbai
1932,Sandra Rivera,4,34,11,106545,Bangalore
1933,Joel Jackson,1,64,38,218191,Bangalore
1934,Samantha Foster,1,50,24,161688,Bangalore
1935,Michael Thompson,3,57,34,200313,Delhi
1936,Cody Ramirez,5,43,19,142071,Hyderabad
1937,Amanda Harvey,4,57,33,184740,Hyderabad
1938,Edward Jenkins,6,30,5,58137,Chennai
1939,Amy Ramirez,6,60,35,195614,Mumbai
1940,Curtis Wilkerson,2,40,14,104976,Delhi
1941,Lydia Pham,4,59,36,196402,Hyderabad
1942,Virginia Casey,6,27,3,39291,Bangalore
1943,Joshua Washington,2,36,13,80232,Delhi
1944,Kathryn Price,5,41,19,106720,Mumbai
1945,Francis Robinson,2,30,7,74351,Mumbai
1946,Paula Brown,6,53,31,177056,Chennai
1947,Kendra Wang DVM,3,25,0,30000,Mumbai
1948,Ariel Sandoval,3,39,14,99127,Mumbai
1949,Robert Stark,3,26,0,35576,Pune
1950,Zachary Robinson,6,41,18,113083,Delhi
1951,Rebecca Kelly,3,44,21,147744,Mumbai
1952,Sarah Thompson,4,32,10,93334,Bangalore
1953,Renee Wolfe,5,58,33,206407,Chennai
1954,Alyssa Haynes,2,43,21,135133,Delhi
1955,Kristy Hart,2,25,0,40843,Delhi
1956,William Keith,6,50,28,161379,Hyderabad
1957,Eric Henry Jr.,3,55,30,172823,Mumbai
1958,Daniel Fox,3,34,12,91573,Mumbai
1959,Thomas Harris,1,63,38,222418,Bangalore
1960,Mitchell Sellers,5,30,8,82166,Bangalore
1961,Erica Johnson,4,63,40,219832,Hyderabad
1962,Sylvia Schroeder,2,52,26,151978,Delhi
1963,Shannon Yu,1,28,6,69071,Bangalore
1964,Tom Foster,1,25,0,30000,Bangalore
1965,Eric Taylor,6,40,17,115786,Chennai
1966,Travis Conner,2,63,40,224914,Mumbai
1967,Marie Thompson,6,51,26,157769,Hyderabad
1968,Melissa Mcfarland,4,52,26,149638,Hyderabad
1969,Courtney Chapman,1,56,32,184875,Bangalore
1970,Eric Barker,1,42,17,131640,Bangalore
1971,Nicholas Rush,5,52,26,166733,Hyderabad
1972,Jenna Gamble,4,40,18,128893,Hyderabad
1973,Amanda Guzman,1,52,30,166262,Bangalore
1974,Tracy Walker,4,53,30,179245,Bangalore
1975,Taylor Taylor,2,23,0,36906,Delhi
1976,Cynthia Haas,3,31,9,78161,Mumbai
1977,Stephen Davis,1,23,0,40646,Bangalore
1978,Margaret Tanner,5,23,0,37378,Hyderabad
1979,Derek Wright,2,45,23,133584,Chennai
1980,David Rodriguez,4,38,12,101106,Hyderabad
1981,James Oconnor,6,53,27,173427,Chennai
1982,Stacey Snyder,2,37,14,112555,Delhi
1983,Joshua Garcia,1,37,13,109409,Bangalore
1984,Sean Curtis,4,60,37,213911,Bangalore
1985,Carla Jones,3,52,28,159857,Mumbai
1986,Elizabeth Flores,2,64,38,206164,Mumbai
1987,Angela Jackson,1,45,21,134283,Bangalore
1988,Nicholas Payne,5,22,0,42355,Mumbai
1989,Anna Wheeler,6,32,6,74840,Bangalore
1990,Karen Johnson,4,42,19,127691,Chennai
1991,Carmen Preston,2,25,2,45307,Mumbai
1992,Brian Harris,2,28,3,67929,Bangalore
1993,Michael Bowen,3,47,25,157092,Mumbai
1994,Deborah Campbell,3,33,8,75501,Pune
1995,Anthony Armstrong,5,52,27,160336,Chennai
1996,Brittany Ward,6,38,14,95131,Delhi
1997,Edward Stanley,5,54,28,162543,Hyderabad
1998,Christina Johnson,1,32,6,59932,Bangalore
1999,Edgar Miller,1,49,23,150147,Bangalore
2000,Elizabeth Sanders,5,53,31,180555,Delhi
2001,Matthew Davis MD,6,22,0,32392,Chennai
2002,Stephen Wood,5,49,25,160791,Bangalore
2003,Dennis Marshall,6,63,37,228173,Bangalore
2004,Derrick Brown,6,28,3,46113,Chennai
2005,Mary Miller,4,23,1,34305,Hyderabad
2006,Joshua Arellano,6,63,38,199463,Chennai
2007,Kristen Randall,3,45,22,139389,Pune
2008,Jennifer Nichols,6,25,1,41079,Hyderabad
2009,Karen Keith,6,40,16,119742,Delhi
2010,Blake Orr,6,47,22,141305,Delhi
2011,Kathryn Lester,1,32,10,77295,Bangalore
2012,Megan Oliver,3,61,37,212841,Mumbai
2013,Peter Thompson,3,64,39,226356,Mumbai
2014,Dr. Rhonda Martinez,5,32,10,69058,Chennai
2015,William Graham,4,24,0,45455,Bangalore
2016,Lori Flowers MD,6,33,11,97150,Mumbai
2017,Suzanne Jones,2,24,0,41779,Mumbai
2018,James Nguyen,4,63,41,220223,Bangalore
2019,Jimmy Marks,4,48,25,151091,Hyderabad
2020,Lisa Mills,3,23,0,45662,Mumbai
2021,Jason Hernandez,4,37,12,87174,Hyderabad
2022,Olivia Ayers,6,23,0,41229,Delhi
2023,Kristine Garcia,6,51,25,156893,Delhi
2024,Joseph Cooper,1,41,16,115081,Bangalore
2025,James Washington,6,59,34,191713,Chennai
2026,Amanda Hill,6,49,26,161045,Mumbai
2027,Lee Steele,3,46,21,139372,Mumbai
2028,Steve Rivera,6,53,29,161625,Bangalore
2029,Patrick Mccall,1,31,7,70264,Bangalore
2030,Alicia Roth,2,63,40,229111,Delhi
2031,Douglas Vasquez,3,61,39,215217,Delhi
2032,Annette Melton,2,54,32,165818,Bangalore
2033,William Ramos,3,34,10,83481,Mumbai
2034,Debra Butler,5,62,37,224231,Bangalore
2035,Chelsea Lewis,4,63,40,221444,Bangalore
2036,Natalie Malone,5,58,36,215629,Bangalore
2037,Samantha Robertson,6,37,15,99001,Chennai
2038,Eric Hunter,2,43,17,110412,Chennai
2039,Samuel Suarez,6,41,17,117259,Delhi
2040,Corey Whitaker,4,64,39,215319,Hyderabad
2041,Danielle Bryant,3,48,25,156338,Delhi
2042,Michele Hill,4,62,40,220019,Hyderabad
2043,Kathy Reid,1,37,11,103291,Bangalore
2044,Andre Watson,4,55,31,179566,Bangalore
2045,Cassandra Harrell,1,53,29,174417,Bangalore
2046,Hannah Martin,4,47,24,153770,Hyderabad
2047,Nicole Barker,1,46,24,155450,Delhi
2048,James Martin,2,23,0,48037,Delhi
2049,Traci Vincent,6,33,10,81321,Bangalore
2050,Megan Adams,6,61,35,201105,Delhi
2051,Alejandro Deleon,5,30,6,50288,Delhi
2052,Alexa Buck,6,33,8,92533,Delhi
2053,Lindsay Smith,3,47,23,148387,Pune
2054,Robert Torres,4,30,6,71614,Hyderabad
2055,Maria Coleman,5,31,5,67745,Delhi
2056,Gregory King,3,53,28,170596,Mumbai
2057,Michael Holloway,3,55,33,192902,Delhi
2058,Brian Hunt,1,41,16,109322,Bangalore
2059,Sarah Brooks,6,60,38,211183,Hyderabad
2060,Lisa Evans,2,23,0,30000,Chennai
2061,Arthur Mcneil,2,22,0,47457,Mumbai
2062,Shannon Green,5,57,32,193491,Hyderabad
2063,Stephanie Evans,2,45,19,144909,Mumbai
2064,Ralph Yoder,4,48,26,175571,Bangalore
2065,Rebekah Greene,2,23,0,30000,Delhi
2066,Melanie Griffith,5,52,26,169881,Chennai
2067,Yolanda Green,2,35,13,85236,Delhi
2068,James Johnson,4,23,1,41119,Bangalore
2069,Laura Lee,1,50,26,162117,Bangalore
2070,Courtney Nichols,5,36,13,87002,Chennai
2071,Susan Powers,1,33,7,66799,Bangalore
2072,Sarah Pittman,1,58,34,200082,Bangalore
2073,Catherine Davis,1,49,25,156310,Delhi
2074,David Stokes,3,41,18,112653,Mumbai
2075,Catherine Frazier,6,60,34,194015,Delhi
2076,Brandon Kelly,3,45,21,124168,Mumbai
2077,Elizabeth French,6,42,19,115876,Bangalore
2078,David Carter,1,31,5,60328,Bangalore
2079,Julie Delacruz,5,35,10,93499,Hyderabad
2080,Terry Jones,6,58,36,213113,Mumbai
2081,Kathryn Dillon,4,39,16,126067,Hyderabad
2082,Edwin Brown,4,45,23,146494,Hyderabad
2083,Brenda Gonzalez,2,35,10,87106,Delhi
2084,Keith Knox,6,55,31,187061,Mumbai
2085,Eugene Baldwin,5,33,9,83584,Delhi
2086,Katherine Welch,3,43,17,106767,Mumbai
2087,Mark Smith,1,27,4,70110,Bangalore
2088,Philip Jackson,2,57,34,180552,Mumbai
2089,Katherine Gallagher,4,57,31,194690,Hyderabad
2090,Lucas Schultz,3,43,21,134151,Delhi
2091,Vincent Reyes,3,35,11,80384,Pune
2092,Curtis Watson,1,37,13,102750,Bangalore
2093,Frank Whitaker,6,57,34,195054,Bangalore
2094,Michael Sims,4,46,23,138839,Hyderabad
2095,Michael Cooper,5,53,27,155648,Chennai
2096,James Chapman,3,54,29,163175,Pune
2097,Rodney Evans,1,57,35,194612,Hyderabad
2098,Nicholas Carlson,5,41,16,110704,Mumbai
2099,Stephen Cowan,6,39,14,94715,Bangalore
2100,Steven Howard,4,59,36,205707,Hyderabad
2101,Travis Hull,6,24,1,32354,Delhi
2102,Darryl Acosta,3,44,21,137781,Mumbai
2103,Nicholas Lawrence,5,53,28,180051,Chennai
2104,Jacob Santos,5,37,15,107814,Delhi
2105,Shawn Scott,5,26,3,49549,Mumbai
2106,Amber Vang,3,25,1,37820,Pune
2107,Martha Smith,3,42,20,140568,Mumbai
2108,Jennifer James,6,61,37,209751,Chennai
2109,Kara Hernandez,2,35,13,116021,Delhi
2110,Lorraine Turner,6,60,37,200635,Chennai
2111,Mary Nelson,4,52,26,164319,Hyderabad
2112,Breanna Rivas,1,35,12,103901,Bangalore
2113,Nathan Wilson,5,27,2,42478,Hyderabad
2114,Brian Gonzalez,2,33,8,74311,Chennai
2115,Dennis Mills,1,37,15,110509,Bangalore
2116,Michael Phillips,2,38,13,102803,Delhi
2117,Jon Clark,6,44,21,139377,Chennai
2118,Erin Smith,3,35,11,98382,Delhi
2119,Susan Conley,5,28,5,56925,Bangalore
2120,Brittany Davis,6,53,31,192196,Delhi
2121,Misty Garcia,1,36,11,76539,Bangalore
2122,David Hinton,1,38,14,111819,Bangalore
2123,John Garcia,1,62,36,218177,Bangalore
2124,Andrew Roberts,1,55,31,176904,Bangalore
2125,Emily Rodgers,1,26,2,35194,Bangalore
2126,Peter Williams,2,48,25,151842,Delhi
2127,Mary Jackson,6,44,18,127630,Mumbai
2128,Jeffrey Howell,5,61,39,215619,Hyderabad
2129,Anna Briggs,3,35,13,100115,Delhi
2130,James Rivers,3,36,12,109301,Mumbai
2131,James Jefferson,6,64,40,214482,Mumbai
2132,Mariah Robles,6,54,29,159267,Chennai
2133,Michael Brown,3,52,26,161445,Mumbai
2134,Caitlin Perry,3,56,32,182358,Mumbai
2135,Rebekah Gregory,2,38,13,95857,Delhi
2136,James Howard,4,49,23,158035,Bangalore
2137,Michael Roberson,5,40,18,118635,Delhi
2138,Bianca Knapp,1,44,19,127668,Bangalore
2139,Jason Williams,4,53,27,163205,Bangalore
2140,Ernest Bush,6,61,36,207489,Hyderabad
2141,Patricia Ray,3,34,10,86548,Mumbai
2142,Vanessa Santiago,4,41,18,143076,Bangalore
2143,Joseph Haynes,5,56,34,197037,Mumbai
2144,Matthew Wright,6,26,2,56101,Delhi
2145,Michael Cruz,1,30,6,67091,Mumbai
2146,Kristin Huerta,1,50,24,136377,Bangalore
2147,Mason Moore,5,27,2,43463,Hyderabad
2148,Sarah Booth,5,46,24,150031,Mumbai
2149,John Allen,3,52,28,174787,Mumbai
2150,Amber Walker,1,43,17,121381,Bangalore
2151,Jennifer Young,6,23,1,47062,Hyderabad
2152,Robert West,4,26,1,31620,Chennai
2153,Jillian Wilson,6,48,24,150590,Hyderabad
2154,Matthew Garcia MD,2,46,22,151423,Mumbai
2155,April Davis,2,29,5,53127,Chennai
2156,Lisa Torres,5,22,0,43964,Hyderabad
2157,Christine Powers,3,41,19,132851,Delhi
2158,Heidi Brown,2,44,22,128503,Mumbai
2159,Jesse Castro,1,53,31,183403,Bangalore
2160,Kara Sandoval,6,32,6,69270,Chennai
2161,Ashley Malone,6,60,37,208689,Mumbai
2162,Glenn Gallegos,5,45,19,116884,Hyderabad
2163,Dorothy Boyd,4,32,8,72895,Hyderabad
2164,Amber Martin,5,50,24,151349,Hyderabad
2165,Mitchell Griffith,4,47,22,128413,Bangalore
2166,Levi Lopez,5,37,15,95058,Mumbai
2167,Jenna Bryant,5,56,31,176884,Hyderabad
2168,Michelle Rodriguez,5,41,16,105413,Bangalore
2169,Timothy Monroe,4,24,0,40010,Chennai
2170,Patricia Hayes,4,22,0,42292,Chennai
2171,Tina Taylor,5,22,0,32515,Bangalore
2172,Mr. Anthony Mcconnell PhD,2,38,14,109330,Delhi
2173,Mr. Thomas Thompson,3,23,1,47319,Mumbai
2174,Monica Anderson,3,50,27,162417,Mumbai
2175,Kyle Andrade,3,41,17,120564,Mumbai
2176,Janice Petty,4,27,1,42713,Bangalore
2177,Pamela Hill,4,29,7,58917,Bangalore
2178,Tracy Chavez,2,50,25,150125,Mumbai
2179,Jason Graves,3,54,29,177509,Delhi
2180,Elizabeth Miles,3,24,0,36429,Mumbai
2181,Michelle Walls,5,56,30,186697,Mumbai
2182,Christina Weber,4,26,1,30000,Bangalore
2183,Gregory Chambers,3,48,26,144027,Mumbai
2184,Miss Tina Gordon,6,33,9,67474,Hyderabad
2185,Erica Wilson,2,41,15,111633,Mumbai
2186,John Duncan,6,41,15,99275,Chennai
2187,Jennifer Adkins,6,30,4,61161,Delhi
2188,Donna Boone,2,60,37,216124,Mumbai
2189,Kelly Johnson,6,25,3,61229,Mumbai
2190,Michael Gonzalez,3,40,18,130847,Mumbai
2191,Candace Mitchell,4,59,37,203336,Bangalore
2192,Ryan Vaughn,2,48,26,143842,Mumbai
2193,Paul Johnson,5,64,42,227344,Bangalore
2194,Ashley Parrish,6,34,9,88714,Chennai
2195,Sharon Newton,2,34,8,74282,Delhi
2196,Cynthia Mueller,1,43,18,123005,Bangalore
2197,Donna Beck,1,49,26,153942,Bangalore
2198,Jasmine Frye,4,43,19,139349,Bangalore
2199,Emily Arnold,3,64,38,210284,Mumbai
2200,David Oliver,4,40,17,116634,Bangalore
2201,Sheila Greer,4,29,4,66265,Chennai
2202,Michele Holland,4,29,5,75632,Hyderabad
2203,Kimberly Morrison,4,63,40,218641,Chennai
2204,Tracey Phillips,5,47,23,153186,Chennai
2205,Michael Lopez,5,47,24,143941,Chennai
2206,Jose Bennett,2,44,19,138917,Delhi
2207,Justin Anderson,1,64,40,239235,Bangalore
2208,Dawn Rivera,4,34,11,80783,Hyderabad
2209,Brittney Hernandez,2,49,24,156627,Mumbai
2210,Anthony Randolph,1,30,4,67506,Bangalore
2211,Mary Henry,6,41,16,111445,Chennai
2212,Heather Bowers,3,40,15,113481,Mumbai
2213,Daniel White,5,60,34,204400,Mumbai
2214,Jonathan Perry,6,33,8,92277,Chennai
2215,Anna Walker,1,36,10,71031,Bangalore
2216,Gary Ward,6,52,26,161552,Delhi
2217,Paul Moreno,3,35,9,72097,Pune
2218,Samantha Zavala MD,1,32,9,78610,Delhi
2219,Jill Conway,6,47,23,139237,Hyderabad
2220,Lisa Haley,5,63,40,222160,Hyderabad
2221,Erica Moon,5,48,22,136206,Chennai
2222,Janice Fernandez,2,32,8,76242,Delhi
2223,Thomas Short,6,59,35,210491,Chennai
2224,Robert Griffin,4,55,29,173118,Hyderabad
2225,Steven Lee,6,64,40,236844,Chennai
2226,Tiffany Jackson,1,40,16,120951,Bangalore
2227,Kimberly Smith,1,27,4,71272,Bangalore
2228,Michael Ayala,6,59,35,205190,Bangalore
2229,Jessica Garcia,3,63,37,213206,Mumbai
2230,Michele Cherry,5,49,27,149218,Bangalore
2231,Maria Case,1,22,0,30000,Bangalore
2232,Brittany Stevens,5,56,34,193136,Mumbai
2233,Brandon Brown,1,61,35,203583,Bangalore
2234,Kristin Andrews,2,29,7,86689,Mumbai
2235,David Hughes,4,28,5,58044,Bangalore
2236,Jessica Smith,1,32,6,53853,Bangalore
2237,Kimberly May,5,60,34,204916,Bangalore
2238,Nicole Richards,2,25,0,43451,Mumbai
2239,Angel Reilly,1,46,22,137128,Bangalore
2240,Richard Turner,3,33,9,96721,Pune
2241,Preston Kim,4,47,23,130327,Bangalore
2242,Matthew Wells,1,59,34,208395,Bangalore
2243,Brandy Myers,2,33,10,80871,Chennai
2244,Kimberly Choi,3,64,38,210796,Delhi
2245,Michael Sloan,6,58,32,209403,Chennai
2246,Monica Brooks,2,45,21,141993,Mumbai
2247,Kristen Peters,2,37,11,89112,Delhi
2248,Aaron Carlson,3,34,8,74849,Delhi
2249,Theresa Torres,2,46,24,150003,Delhi
2250,Stephanie Cooper,3,25,0,34904,Mumbai
2251,Matthew Hunt,1,32,7,81896,Bangalore
2252,Daniel Davenport,3,53,29,174401,Pune
2253,Christopher Marsh,3,28,5,67840,Delhi
2254,Sarah Randolph,4,32,9,80163,Bangalore
2255,Julia Dunn MD,3,49,27,168858,Mumbai
2256,Brett Swanson,3,62,39,230264,Mumbai
2257,Mr. Carl Rios,6,44,21,148347,Delhi
2258,Manuel Mccullough,1,44,20,135327,Delhi
2259,Jerry Jensen,4,49,25,147967,Chennai
2260,Kevin Cunningham,6,64,39,220519,Hyderabad
2261,Eugene Patterson,5,47,25,152290,Delhi
2262,David Walker,1,46,23,139714,Hyderabad
2263,Jessica Larsen,1,50,25,150178,Bangalore
2264,Nicholas Humphrey,5,40,18,120996,Mumbai
2265,Ian Torres,3,54,31,174033,Delhi
2266,Casey Obrien,6,57,34,186580,Chennai
2267,Shannon Taylor,2,35,11,75544,Delhi
2268,Deborah Mercado,4,35,9,85942,Bangalore
2269,Bernard Smith,2,56,34,197529,Mumbai
2270,Amanda Perkins,5,51,28,165202,Hyderabad
2271,Kevin Escobar,1,49,27,169853,Bangalore
2272,Kimberly Lutz,1,38,13,91709,Bangalore
2273,Reginald Diaz,4,24,0,40446,Hyderabad
2274,Raymond Quinn,1,37,11,91933,Bangalore
2275,John Dixon,1,51,28,161874,Bangalore
2276,Jonathan Bates,4,50,26,155659,Chennai
2277,Renee Mendez,6,36,13,92744,Mumbai
2278,Jose Griffin,6,46,24,149822,Hyderabad
2279,Travis Hopkins,4,59,34,203147,Chennai
2280,Nancy Webb,5,63,41,224288,Mumbai
2281,Daniel Freeman,1,59,33,189203,Hyderabad
2282,Jacob Williams,1,44,19,128997,Bangalore
2283,Terry Ward,5,46,22,127585,Hyderabad
2284,Jesse Williams,6,63,38,217474,Chennai
2285,Mrs. Michele Boyd,3,28,5,72194,Mumbai
2286,Sandy Baker,3,43,20,124568,Mumbai
2287,Carrie Valdez,3,38,13,98285,Mumbai
2288,Matthew Houston,6,39,13,109096,Hyderabad
2289,Jamie Solomon,6,62,39,225537,Mumbai
2290,Heather Parrish,5,31,8,74294,Hyderabad
2291,Mr. Larry Shaw,1,31,7,69831,Bangalore
2292,Christopher Jones,5,28,3,42815,Hyderabad
2293,Christine Lopez,5,59,36,209329,Mumbai
2294,Mitchell Wilson,6,48,22,132452,Mumbai
2295,Robert Cortez,3,54,32,168878,Mumbai
2296,Mr. Daniel Martin,2,22,0,43064,Delhi
2297,Alison Williams,1,55,31,186195,Bangalore
2298,Candace Soto,6,25,2,52637,Bangalore
2299,Kenneth Brown,3,38,12,90307,Delhi
2300,Christopher Mullen,2,25,0,42330,Delhi
2301,Kristy Smith,2,64,38,214887,Delhi
2302,Mary Campbell,6,47,21,135882,Chennai
2303,Jerry Haney,4,25,1,49890,Bangalore
2304,Carolyn Greer,1,22,0,33801,Bangalore
2305,Rebecca Hoover,2,28,5,54128,Delhi
2306,Matthew Baker,6,51,27,153375,Mumbai
2307,Grace Chavez,6,30,7,71985,Delhi
2308,Crystal Cruz,3,56,34,203275,Pune
2309,Dale Heath,4,29,3,47634,Chennai
2310,Jennifer Hernandez,1,45,23,148611,Bangalore
2311,John Mendez,5,40,14,98057,Hyderabad
2312,Richard Gordon,3,57,33,198494,Pune
2313,John Anderson,2,64,41,229163,Delhi
2314,Samantha Prince,2,48,25,155842,Chennai
2315,Marie Boyd,3,53,29,168120,Pune
2316,Andrew Moreno,6,35,10,88460,Chennai
2317,Robert Clarke,2,39,17,110118,Delhi
2318,Kevin Figueroa,4,49,27,158590,Chennai
2319,Melissa Davis,1,50,27,150958,Delhi
2320,John Hall,4,37,14,95822,Bangalore
2321,Diane Mcdowell,2,56,33,187096,Delhi
2322,Colin Fletcher,5,52,28,171502,Mumbai
2323,Laura Wilson,1,25,0,43365,Mumbai
2324,Matthew Watts,1,58,36,199336,Bangalore
2325,Jack Moore,3,38,12,94884,Mumbai
2326,Dawn Wyatt,3,60,36,220091,Delhi
2327,Jacob Hill,5,47,25,153548,Mumbai
2328,Nicole Gutierrez,6,60,35,198804,Hyderabad
2329,Karen Wood,1,62,38,202562,Bangalore
2330,Dawn Parker,5,25,3,42268,Mumbai
2331,Michael Fitzgerald,3,51,27,157157,Mumbai
2332,Mary Adkins,3,51,29,187122,Mumbai
2333,Michael Martin,1,43,21,126912,Bangalore
2334,James Morgan,4,32,7,71908,Chennai
2335,Melissa Mann,2,23,0,39166,Mumbai
2336,Vincent Smith,3,33,8,85052,Pune
2337,Charles Frost,6,51,29,171364,Delhi
2338,Austin Walker,6,57,33,188417,Mumbai
2339,Andrew Cruz,3,39,14,99787,Mumbai
2340,Miss Kelly Dawson,4,47,21,141351,Hyderabad
2341,Theresa Wilkins,4,28,6,57725,Hyderabad
2342,Jessica Harris,5,22,0,30000,Chennai
2343,Regina Mitchell,6,47,22,137915,Hyderabad
2344,Kyle Black,5,44,19,117304,Chennai
2345,Christopher Johnson,6,47,22,156804,Bangalore
2346,Aaron Moore,2,27,3,56272,Mumbai
2347,Penny Gomez MD,2,27,1,57466,Delhi
2348,Kelly Mclaughlin,1,29,3,57783,Bangalore
2349,Brandon Mitchell,5,45,23,155296,Bangalore
2350,Suzanne Bailey,3,43,20,133139,Pune
2351,Destiny Obrien,5,40,16,118409,Mumbai
2352,Timothy Andrews,3,58,36,187130,Pune
2353,Jason Rodriguez,4,39,17,107585,Hyderabad
2354,Edward Arroyo,5,52,27,165795,Chennai
2355,Tina Walter,4,58,35,201189,Hyderabad
2356,Laura Benson,2,51,28,167188,Delhi
2357,Kristine Carrillo,2,63,39,224323,Delhi
2358,Tonya Ellis,1,54,31,185853,Bangalore
2359,Kevin Johnson,5,31,9,84220,Hyderabad
2360,Austin Schultz,4,58,35,206051,Bangalore
2361,Megan Hall MD,3,33,10,92832,Mumbai
2362,Kelli Smith,2,51,25,166997,Delhi
2363,Danielle Davis,2,48,26,158597,Delhi
2364,Samantha Jones,3,60,37,226753,Mumbai
2365,Karen Gomez,4,30,7,79974,Bangalore
2366,Debra Valentine,4,42,17,112044,Bangalore
2367,Susan Porter,5,33,10,86340,Hyderabad
2368,Nicolas Salas,5,50,27,148359,Bangalore
2369,Dale Wright,6,54,28,158006,Chennai
2370,Brittney Rodriguez,6,64,42,228404,Hyderabad
2371,Megan Alvarado,1,36,12,86796,Bangalore
2372,Pamela Weaver,2,23,1,35753,Delhi
2373,John Oliver,5,60,35,205727,Chennai
2374,William Prince PhD,4,39,17,124702,Hyderabad
2375,William Moon IV,3,24,1,50274,Mumbai
2376,Kenneth Brown,4,28,3,56005,Bangalore
2377,Karen Fernandez,2,64,42,223703,Delhi
2378,Jennifer Parks,6,39,14,99940,Chennai
2379,William Wolfe,4,59,35,206997,Hyderabad
2380,Michael Smith,1,58,36,197591,Bangalore
2381,Kevin Nguyen,2,54,31,171764,Delhi
2382,Debbie Dunn,6,52,27,169438,Bangalore
2383,John Austin,3,32,6,67613,Mumbai
2384,Jonathan Clark,6,25,0,36912,Mumbai
2385,Jacqueline Dickerson,1,39,13,109778,Bangalore
2386,Christopher Anderson,2,25,2,54310,Mumbai
2387,Crystal Garcia,3,55,31,197348,Mumbai
2388,David Reynolds,1,50,24,147388,Bangalore
2389,Charles Haley,6,45,21,139537,Chennai
2390,Robert Thompson,1,43,18,123352,Bangalore
2391,Dr. Samuel Holmes DDS,2,23,0,38906,Delhi
2392,Elizabeth Hart,5,27,1,35424,Delhi
2393,Jennifer Vaughn,1,63,38,205980,Bangalore
2394,Robert Woods,1,46,24,147478,Bangalore
2395,Joanna Cook,6,42,17,111759,Hyderabad
2396,Justin Frederick,6,37,13,106005,Chennai
2397,Alejandro Martinez,3,52,29,160494,Mumbai
2398,Tracey Gonzalez,6,35,12,81254,Mumbai
2399,Mariah Thompson,4,60,35,199766,Hyderabad
2400,Heather Nunez,2,49,27,149595,Chennai
2401,Dr. Steve James,2,53,29,187108,Mumbai
2402,Mark Thomas,5,49,24,149936,Bangalore
2403,Robert Rogers,5,30,5,57277,Delhi
2404,Laura Sweeney,2,43,20,133943,Chennai
2405,Christopher Perez,5,53,29,180770,Bangalore
2406,Eddie Adams,3,26,4,55455,Mumbai
2407,Denise Wallace,6,44,21,134355,Delhi
2408,Heidi Matthews,2,26,1,35432,Delhi
2409,Jennifer White,5,63,40,229247,Mumbai
2410,Nicholas Stanley,2,53,30,188533,Mumbai
2411,Mercedes Miller,4,31,5,61542,Bangalore
2412,Brian Brown,1,60,37,203309,Bangalore
2413,Kimberly Johnson,6,36,13,98751,Delhi
2414,Phillip Miller,2,28,4,56221,Bangalore
2415,Christopher Pena,1,50,27,153369,Bangalore
2416,Ellen Wright,5,24,2,40378,Mumbai
2417,Mark Anderson,1,40,15,123407,Bangalore
2418,Alyssa Alvarado,6,31,7,59519,Hyderabad
2419,Erika Alvarez,2,49,26,152875,Chennai
2420,Kimberly Nelson,4,50,28,159010,Hyderabad
2421,Wayne Wolfe,5,36,11,83417,Mumbai
2422,Kyle Welch,2,56,32,184236,Delhi
2423,Kristy Mills,6,27,5,62087,Bangalore
2424,Emily Reed,5,33,10,93668,Chennai
2425,Regina Ramos,3,59,33,196526,Delhi
2426,David Torres,1,34,8,71924,Bangalore
2427,Robert Charles,6,50,26,171919,Chennai
2428,John Smith,3,40,18,103051,Pune
2429,Theresa Woods,2,24,0,42787,Bangalore
2430,Jeffrey Carter,4,29,7,59685,Bangalore
2431,Adam Brooks,5,29,3,53492,Mumbai
2432,Justin Foster,1,41,17,121804,Hyderabad
2433,Omar Price,5,25,2,32756,Mumbai
2434,Dennis Henderson,2,42,20,130133,Chennai
2435,Phillip Kent,5,24,0,39147,Hyderabad
2436,Melinda Mitchell,1,29,4,69098,Bangalore
2437,Rhonda Gutierrez,2,44,20,153121,Delhi
2438,Catherine Roberts,5,37,14,89576,Bangalore
2439,Lisa Nelson,4,34,12,102737,Bangalore
2440,Chelsea Smith,6,24,0,37096,Delhi
2441,Joseph Lopez,2,30,7,62631,Chennai
2442,Derrick Espinoza,6,35,9,85052,Mumbai
2443,Crystal Hernandez,2,34,8,66981,Mumbai
2444,Glenn Collins DDS,4,28,3,42759,Chennai
2445,Mrs. Raven Rivera DVM,6,36,10,72918,Bangalore
2446,Amy Rowe,3,28,4,60568,Delhi
2447,John Lee,1,59,34,201016,Bangalore
2448,Ruth Clayton,3,55,29,169584,Delhi
2449,Randy Wright,5,62,40,235188,Bangalore
2450,Jessica Rojas,4,43,17,114396,Bangalore
2451,Joel Wise,3,45,21,146363,Mumbai
2452,Vickie Kennedy,2,58,35,201676,Mumbai
2453,Emily Morris,5,22,0,30000,Mumbai
2454,Amanda Pineda,5,31,5,62380,Chennai
2455,Dawn Little,3,64,41,218870,Pune
2456,Stephen Boyer,3,37,11,93233,Mumbai
2457,Brian Chen,4,29,5,61144,Chennai
2458,Christopher Hill,1,46,23,148519,Bangalore
2459,Richard Smith,3,33,11,93733,Delhi
2460,Richard Alvarez,3,46,20,134724,Pune
2461,Jacqueline Davis,6,38,15,94889,Chennai
2462,Brandon Montgomery,2,47,23,152958,Mumbai
2463,Yolanda Garrett,6,35,11,89217,Chennai
2464,Matthew Miles,6,62,40,207847,Bangalore
2465,Beth Hall,5,57,33,194976,Mumbai
2466,Dr. Nicole Trujillo,1,44,20,134480,Bangalore
2467,Corey Norris,2,64,41,226032,Mumbai
2468,Chad Roach,4,27,1,42917,Bangalore
2469,Mr. Edward Terry,4,26,1,38537,Hyderabad
2470,Cody Bailey,3,64,40,228729,Mumbai
2471,Denise Guerra,3,46,22,141919,Delhi
2472,Kristen Jones,4,39,14,97134,Hyderabad
2473,Edward Baker,3,34,10,97343,Mumbai
2474,Aaron Little,1,64,41,223573,Bangalore
2475,Cody Smith,6,35,12,70947,Bangalore
2476,Patty Allen,3,49,24,147634,Mumbai
2477,Mary Ryan,5,39,15,116147,Hyderabad
2478,Joseph Jimenez,3,49,25,153247,Pune
2479,Lisa Morris,2,48,22,130121,Delhi
2480,Ashley Mills,1,53,29,165475,Bangalore
2481,Russell Anderson,2,30,7,60452,Delhi
2482,Christina Washington,2,61,39,213697,Bangalore
2483,Kenneth Huff,5,53,31,178606,Bangalore
2484,Kelly Miles,1,41,19,128250,Bangalore
2485,Jacob Obrien,1,49,27,162927,Bangalore
2486,Timothy Clark,1,54,30,179811,Bangalore
2487,Steve Miller PhD,1,25,1,56334,Bangalore
2488,Justin Hurley,1,55,29,182986,Bangalore
2489,Jacob Erickson,5,24,0,43582,Chennai
2490,Deborah Williams,3,47,25,137994,Mumbai
2491,Eric Blackburn,2,29,4,51385,Mumbai
2492,Anne Hardy,1,27,2,35223,Bangalore
2493,Chelsey Fox,3,37,14,95847,Mumbai
2494,Mario White,3,45,22,145958,Mumbai
2495,Jennifer Garcia,2,60,36,203457,Chennai
2496,Heather Ellis,5,51,26,169379,Chennai
2497,Sonya Jackson,4,34,12,96945,Chennai
2498,James Morgan,4,26,4,54203,Hyderabad
2499,Zachary Ramos,3,46,24,156568,Mumbai
2500,Ethan Frey,6,41,17,128215,Chennai
2501,Jacob Duran,6,39,15,111535,Bangalore
2502,Nicholas Franklin,2,39,13,102739,Delhi
2503,Cindy Cannon,4,23,1,44766,Hyderabad
2504,Dawn Nixon,3,31,9,66047,Mumbai
2505,James Barber,5,33,9,78759,Hyderabad
2506,Ms. Kelly Holder,4,34,10,84208,Bangalore
2507,Eric Walker,3,32,6,65050,Mumbai
2508,Alison Short,3,40,14,99284,Pune
2509,Desiree Spencer,1,56,33,199284,Bangalore
2510,Tammy Moore,5,60,35,204460,Mumbai
2511,Henry Taylor,1,47,25,154587,Bangalore
2512,Kevin Hall,2,35,13,107496,Mumbai
2513,Anna Ross,1,45,19,127537,Bangalore
2514,Morgan Cummings,1,62,36,205889,Bangalore
2515,Carrie Petersen,4,22,0,45890,Bangalore
2516,Laura Velez,6,64,39,209974,Hyderabad
2517,Elizabeth Cross,3,43,20,130609,Pune
2518,Angela Brown,5,44,19,121998,Hyderabad
2519,Hannah Montoya,1,40,18,121941,Bangalore
2520,Sean Kane,5,39,16,115975,Bangalore
2521,Matthew Guzman,6,33,7,77720,Mumbai
2522,Richard Reyes,6,49,26,166609,Mumbai
2523,Andrew Fernandez,1,49,26,156379,Bangalore
2524,Jonathan Walker,2,54,32,183878,Mumbai
2525,Nicholas Long,1,40,14,109812,Bangalore
2526,Kurt Wagner,4,49,23,155000,Hyderabad
2527,Dylan Foster,3,58,34,186797,Mumbai
2528,Bradley Duncan,2,47,23,148012,Chennai
2529,James Miller,1,56,32,184638,Bangalore
2530,Patricia Anderson,5,55,33,190797,Hyderabad
2531,Justin Freeman,2,56,33,188446,Mumbai
2532,Christina Gilbert,2,61,35,198518,Delhi
2533,Danielle Jones,1,37,11,83351,Bangalore
2534,Erica Glass,2,59,36,204191,Delhi
2535,Michael Henderson,5,34,8,80267,Mumbai
2536,Frank Wheeler,6,44,21,130075,Bangalore
2537,Eric Huerta,2,43,21,143218,Mumbai
2538,Wanda Ramos,6,37,15,125167,Chennai
2539,Andrew Meyers,5,49,27,165205,Chennai
2540,James Todd,1,56,33,190970,Bangalore
2541,Ashley Brown,3,29,6,57101,Mumbai
2542,Tammy Melton,2,43,18,126160,Bangalore
2543,Alexis Benson,3,42,16,126817,Pune
2544,Jerry Johnson,5,47,21,154087,Bangalore
2545,Joshua Harris,2,61,36,218969,Mumbai
2546,Deanna Webb,6,42,17,125246,Bangalore
2547,Brenda Hale,4,46,24,151081,Bangalore
2548,Kevin Alvarado,3,62,37,204110,Delhi
2549,Christopher Campbell,2,22,0,34202,Mumbai
2550,Lisa Brown,3,27,3,49772,Pune
2551,Alejandra Price,2,44,21,134154,Mumbai
2552,Samuel Keller,1,44,19,122144,Bangalore
2553,Alicia Dillon,6,64,38,224462,Chennai
2554,Crystal James,3,64,41,226709,Pune
2555,Ariana Stewart,4,44,18,121559,Hyderabad
2556,Kim Lopez,4,53,30,171471,Bangalore
2557,Judith House,5,51,25,159158,Hyderabad
2558,David Moreno,2,34,11,99874,Bangalore
2559,James Moore,3,64,38,218318,Mumbai
2560,Harold Garrett,5,39,15,110153,Mumbai
2561,William Mason,3,44,22,153882,Mumbai
2562,Lori Johns,2,36,13,106927,Delhi
2563,Robin Johnson,4,54,30,183101,Hyderabad
2564,Diana Hernandez,1,42,20,133365,Bangalore
2565,Mary Miller,4,60,37,205275,Chennai
2566,Tyler Salazar,5,44,20,125793,Bangalore
2567,Crystal Allen,6,48,24,151331,Hyderabad
2568,Wesley Browning,1,39,15,109234,Hyderabad
2569,Joshua Clark,5,45,20,125801,Hyderabad
2570,Joshua Mcbride,2,61,35,209926,Mumbai
2571,Ellen Thornton,1,63,41,225481,Bangalore
2572,Brandy Forbes,5,28,2,58218,Bangalore
2573,Brianna Fitzpatrick,2,41,15,109856,Mumbai
2574,Emily Grant,4,48,22,142048,Hyderabad
2575,Bailey Stewart,6,27,3,44000,Hyderabad
2576,Monica Cannon,2,48,22,136577,Mumbai
2577,Jennifer Jenkins,3,30,5,72642,Pune
2578,Timothy Shannon,2,52,29,174651,Bangalore
2579,Denise Maxwell,2,42,18,125114,Bangalore
2580,Cody Farmer,6,47,25,165305,Delhi
2581,Debra Bradley,3,61,38,204259,Mumbai
2582,David Mcdaniel,5,34,11,93270,Delhi
2583,Michael Woods,5,44,21,122196,Mumbai
2584,Lisa Joseph,2,41,15,106798,Delhi
2585,Samuel Henry,3,58,32,181039,Mumbai
2586,Corey Johnson,3,49,25,161768,Mumbai
2587,Alexis Nelson,6,38,12,81082,Delhi
2588,Patrick Mcneil,4,49,23,146059,Bangalore
2589,Andrea Ho,5,62,36,199729,Mumbai
2590,Dr. Katherine Nguyen,6,23,0,30000,Mumbai
2591,David Sullivan,1,46,22,135194,Bangalore
2592,Nicolas James,5,62,37,223052,Delhi
2593,Logan Newton,6,27,2,45318,Hyderabad
2594,Kelly Liu,5,32,7,85318,Chennai
2595,Kelly Hayes,4,59,34,213892,Bangalore
2596,Amanda Forbes,1,27,4,71909,Delhi
2597,Jennifer Moss,4,32,9,78029,Chennai
2598,Kelli Mccoy,1,35,10,87282,Bangalore
2599,Eddie Sanders,2,23,0,39223,Delhi
2600,Ronald Murray,6,61,39,215360,Chennai
2601,Louis Brown,1,24,1,44294,Bangalore
2602,Brenda Gallegos,4,56,34,187318,Hyderabad
2603,Nathan Wilson,5,54,32,170396,Bangalore
2604,Teresa Horton,1,45,19,134813,Bangalore
2605,Jason Hayes,6,40,16,109801,Hyderabad
2606,Kevin Marquez,1,39,16,103586,Delhi
2607,Jesse Wright,3,45,20,125798,Pune
2608,Susan Hogan,5,56,31,196420,Chennai
2609,Becky Wilson,6,22,0,38712,Bangalore
2610,Jack Mills,6,57,34,183821,Bangalore
2611,Richard Hunt,2,46,21,127804,Bangalore
2612,Jamie James,4,64,39,219564,Chennai
2613,Susan Cunningham,2,55,29,179911,Mumbai
2614,Brittany Melton,6,46,24,141443,Hyderabad
2615,Michael Barnes,5,37,12,93616,Hyderabad
2616,Randy Griffin,1,55,32,187516,Bangalore
2617,Autumn Anderson,1,50,26,160682,Bangalore
2618,Marcus King,5,40,14,86438,Bangalore
2619,Scott Stephens,6,44,21,136673,Chennai
2620,Stephen Young,1,40,14,91737,Bangalore
2621,Karen Ortiz,1,46,24,145508,Mumbai
2622,Kyle Sanchez,1,37,12,90988,Bangalore
2623,Lisa Grant,4,30,7,60470,Hyderabad
2624,Amber Hernandez,4,22,0,41745,Chennai
2625,Amanda Nash,3,63,41,218708,Mumbai
2626,Sara Evans,2,40,18,115416,Chennai
2627,Amber Butler,5,54,28,178429,Chennai
2628,Michael Carr,5,55,33,185687,Chennai
2629,Linda Cobb,5,37,14,95931,Mumbai
2630,Jesse Riley,3,61,35,202154,Pune
2631,Anna Evans,4,39,17,119224,Chennai
2632,James Jones,6,55,31,194670,Mumbai
2633,Joshua Carter,6,46,23,136811,Chennai
2634,Michael Hill,3,27,3,44659,Pune
2635,Kelly Dominguez,6,42,18,119789,Chennai
2636,Ashley Blair,5,27,1,46341,Hyderabad
2637,Victoria Webb,2,53,28,164038,Mumbai
2638,Taylor Andersen,1,62,36,214508,Hyderabad
2639,Lee Stewart,4,64,41,221561,Hyderabad
2640,Whitney Gomez,4,60,37,194893,Hyderabad
2641,Justin Stone,3,52,26,166254,Mumbai
2642,Katherine White,4,63,38,222380,Hyderabad
2643,Michelle Krause,5,31,5,71657,Mumbai
2644,Alexander Garrett,6,51,28,151864,Chennai
2645,Ryan Marsh,5,39,14,99075,Mumbai
2646,Mrs. Felicia Castro DDS,3,45,22,137591,Delhi
2647,Curtis Campbell,5,30,5,76155,Delhi
2648,Elizabeth Hunter,6,52,27,164226,Hyderabad
2649,Aaron Jennings,2,36,10,76027,Mumbai
2650,Nathaniel Gilbert,3,25,0,40973,Mumbai
2651,Christopher Rivera,2,61,35,214775,Delhi
2652,Michael Hendricks,1,30,5,70873,Hyderabad
2653,Maria Olson,2,30,5,66594,Mumbai
2654,Stephanie Herrera,1,47,24,151101,Bangalore
2655,Richard Gutierrez,1,25,1,30000,Bangalore
2656,Sandy Evans,2,38,12,96405,Mumbai
2657,Emily Herrera,3,37,14,103425,Mumbai
2658,Michael Marsh,6,36,13,96020,Mumbai
2659,Heather Montes,5,56,34,200456,Delhi
2660,Andre Terrell,5,26,0,38392,Bangalore
2661,Sarah Duncan,6,26,3,47351,Hyderabad
2662,Kurt Hancock,1,41,19,132611,Bangalore
2663,Michele Edwards,1,36,10,83491,Bangalore
2664,Jason Crawford,3,39,14,104917,Mumbai
2665,Jesse Sampson,4,23,1,46880,Bangalore
2666,Eric Rodriguez,2,50,25,148014,Mumbai
2667,Paula Gentry,1,34,10,75446,Bangalore
2668,Alexander Webb,5,25,1,52963,Mumbai
2669,Cheryl Mclean,3,63,39,215958,Mumbai
2670,Kelly Rowe,2,31,7,75839,Delhi
2671,Shane Short,3,52,29,158297,Pune
2672,Megan Anderson,2,62,38,195975,Delhi
2673,Julia Reeves,2,29,6,67313,Bangalore
2674,April Randolph,6,24,1,39879,Delhi
2675,Linda Miller,1,30,4,61589,Bangalore
2676,Angel Meyer,3,51,28,182797,Mumbai
2677,Emily Lane,3,32,9,68601,Mumbai
2678,Steven Flores,6,56,32,188105,Delhi
2679,Donald Flores,5,58,35,212519,Delhi
2680,Bruce Hernandez,5,63,38,208456,Bangalore
2681,Adrian Dean,1,34,10,79722,Bangalore
2682,Christine Bell,1,57,35,185361,Bangalore
2683,Charles Bush,4,34,10,102302,Hyderabad
2684,David Jones,6,33,10,65563,Hyderabad
2685,Gina Wallace,5,58,33,200088,Delhi
2686,John Lowe,2,31,7,59741,Mumbai
2687,Anthony Simmons,3,30,5,53692,Mumbai
2688,Kyle Watkins,1,28,6,71711,Bangalore
2689,Melissa Jensen,3,23,1,33759,Mumbai
2690,Robert Marquez,3,44,18,129614,Mumbai
2691,Kim Beltran,4,60,34,210640,Chennai
2692,Julie Anderson,5,61,37,212905,Chennai
2693,Tamara Mcdonald,1,60,34,206714,Bangalore
2694,Michael Mckinney,3,42,17,119145,Mumbai
2695,David Walker,1,44,18,125416,Mumbai
2696,Lisa Durham,2,50,25,151020,Delhi
2697,Michael Ortega,4,35,9,97530,Chennai
2698,Sonya Chavez,2,47,21,144442,Delhi
2699,John Bell,1,26,0,43974,Bangalore
2700,Christopher Tate,1,52,29,178662,Bangalore
2701,Bethany Garcia,5,46,23,138881,Bangalore
2702,Rebecca Nguyen,3,52,26,169447,Delhi
2703,Rebecca Patel,3,41,16,126247,Pune
2704,Jason Oliver,2,38,14,92154,Mumbai
2705,Valerie Reyes,4,23,1,44032,Hyderabad
2706,Robert Garza,6,46,23,144802,Mumbai
2707,Jessica Cobb,3,34,8,73246,Mumbai
2708,Cynthia Bates,5,60,38,204853,Mumbai
2709,Timothy Andrews,2,49,26,166815,Delhi
2710,Mr. Joel Peters,2,63,39,222363,Chennai
2711,Casey Blanchard,6,27,2,46342,Mumbai
2712,Brian Cervantes,5,24,0,41739,Bangalore
2713,Jamie Snyder,4,56,32,186780,Hyderabad
2714,Ann Montoya,5,39,16,105767,Chennai
2715,Stephanie Fields,4,32,6,69031,Hyderabad
2716,Charles Hernandez,5,41,19,124075,Delhi
2717,Jean Lane,5,26,1,30000,Bangalore
2718,Michael Stewart,1,40,17,111063,Bangalore
2719,Susan Torres,2,43,18,113084,Delhi
2720,Jessica Haas,5,40,14,92388,Bangalore
2721,Brandon Smith,6,37,13,102241,Chennai
2722,Mrs. Bethany Phillips,5,45,20,127249,Chennai
2723,Joshua Brown,3,62,40,231331,Mumbai
2724,Samantha Howard,2,25,2,30971,Mumbai
2725,Sharon Young,3,36,14,98417,Mumbai
2726,Jennifer Flores,2,46,21,132372,Delhi
2727,James Gardner,3,56,32,175176,Pune
2728,Karen Lopez,5,35,11,89140,Delhi
2729,Tim Larsen,5,40,18,107674,Mumbai
2730,Zachary Santiago,1,59,33,196681,Bangalore
2731,Benjamin Smith,6,57,31,191266,Delhi
2732,Katelyn Kim,3,28,4,58340,Delhi
2733,Angela May MD,4,51,29,174451,Hyderabad
2734,Richard Munoz,1,40,18,127849,Bangalore
2735,Christopher Hicks,3,46,24,147585,Mumbai
2736,Joanna Kelly,3,37,12,88391,Mumbai
2737,Larry Lane,1,61,35,199428,Mumbai
2738,Cynthia Shaw,5,29,3,49201,Bangalore
2739,Joshua Richardson,3,39,14,96053,Mumbai
2740,Laura Bush,5,49,26,164673,Hyderabad
2741,John Vaughn,1,37,12,99215,Bangalore
2742,Nicholas Terrell,5,40,18,106279,Delhi
2743,Dr. Julie Miller,2,63,38,210589,Chennai
2744,Ann Kennedy,4,38,16,101464,Hyderabad
2745,Toni Miller,3,34,10,86938,Delhi
2746,Rebecca Edwards,6,28,6,71812,Hyderabad
2747,Greg Osborne,4,48,22,146785,Hyderabad
2748,Jose Harrison,5,31,6,61190,Hyderabad
2749,Jennifer Yu,3,55,33,187548,Mumbai
2750,Donna Johnson,5,57,34,184857,Delhi
2751,Nicole Acosta,2,46,22,130270,Delhi
2752,Amy Kennedy,1,27,4,61768,Delhi
2753,Anthony Mooney,3,45,22,151152,Pune
2754,Lori Mitchell,2,39,16,105681,Delhi
2755,Jonathan York,2,44,20,131784,Mumbai
2756,Casey Campbell,3,27,3,57264,Mumbai
2757,Alexis Rodriguez,5,50,26,146289,Chennai
2758,Kevin Hernandez,6,46,22,132410,Chennai
2759,Robert Green,2,38,15,122649,Delhi
2760,Kari Lloyd,4,45,19,121438,Chennai
2761,Grace Miller,2,32,6,65105,Delhi
2762,Timothy Moore,6,47,23,140676,Bangalore
2763,Wyatt Townsend II,5,55,30,163641,Mumbai
2764,Mark Clark,5,49,27,162561,Hyderabad
2765,Haley May,4,24,0,37197,Bangalore
2766,Audrey Jackson,2,32,7,72946,Mumbai
2767,Eric Reese,5,59,34,197723,Bangalore
2768,Kim James,6,35,9,78421,Mumbai
2769,Karen Thomas,3,47,25,148361,Mumbai
2770,Alexandra Ho,1,42,17,114498,Bangalore
2771,Michael Nixon,1,60,36,198690,Bangalore
2772,Amanda Hardin,1,51,25,150629,Bangalore
2773,Tina Reynolds,2,29,5,53124,Delhi
2774,Shannon Rogers,4,41,17,121887,Hyderabad
2775,Brett Pena,5,53,28,172648,Chennai
2776,Raymond Curry,3,43,19,126917,Pune
2777,Leah Lee,6,28,6,78738,Bangalore
2778,Michael White,3,30,6,58194,Pune
2779,Megan Decker,6,22,0,43950,Delhi
2780,Brent Garcia,2,50,26,157519,Chennai
2781,Daniel Campbell,1,29,3,55157,Bangalore
2782,Alexander Davis,2,25,0,43969,Delhi
2783,Mary Houston,4,56,30,176979,Hyderabad
2784,Margaret Erickson,4,24,1,32446,Hyderabad
2785,Scott Anderson,6,61,35,197165,Chennai
2786,Stephanie Knight,5,28,2,32349,Delhi
2787,Stephanie Dominguez,5,48,25,158554,Chennai
2788,John Mayer,6,22,0,39661,Chennai
2789,Tammy Hill,4,48,23,159369,Hyderabad
2790,Steven Carrillo,4,37,11,94819,Hyderabad
2791,Christopher Jones,4,59,33,200141,Hyderabad
2792,Janet Cook,2,28,5,59047,Delhi
2793,Tyler Baker,4,44,19,131619,Chennai
2794,John Mcfarland,3,62,38,224716,Mumbai
2795,Cassandra Vasquez,1,32,10,83451,Bangalore
2796,Randy Robinson,4,63,38,213030,Hyderabad
2797,Susan Baldwin,6,54,30,176638,Bangalore
2798,Benjamin Duncan,1,57,32,195014,Delhi
2799,Jeremy Mosley,2,58,34,193269,Delhi
2800,Martin Fitzpatrick,6,62,38,223112,Hyderabad
2801,Deborah Graves,1,38,13,114968,Bangalore
2802,Laura Robertson,6,56,33,198511,Mumbai
2803,Katherine Graham,2,26,1,49277,Mumbai
2804,Priscilla Floyd,3,53,28,172981,Pune
2805,April Finley,2,24,0,31185,Delhi
2806,Karen Bradley,2,56,34,187859,Delhi
2807,Heather Maldonado,6,35,11,82079,Chennai
2808,Mark Benjamin,5,52,26,166437,Delhi
2809,Joseph Woodward,4,52,27,162384,Hyderabad
2810,Joe Miranda,4,38,13,99468,Hyderabad
2811,Cassandra Williams,3,45,22,142949,Mumbai
2812,Connor Dominguez,3,44,20,124676,Mumbai
2813,Lydia Howard,4,39,16,107384,Hyderabad
2814,Mark Moss,5,35,10,88183,Chennai
2815,Corey Cortez,4,36,12,91473,Chennai
2816,Katherine Brown,5,36,12,92220,Hyderabad
2817,Elizabeth Ferguson,3,27,1,36238,Mumbai
2818,Joann Forbes,1,48,22,141728,Hyderabad
2819,Anthony French,6,36,14,114017,Mumbai
2820,Bruce Roman,3,57,31,181929,Mumbai
2821,Judy Gregory,3,29,5,51723,Pune
2822,Brittany Riley,2,36,10,94465,Delhi
2823,Amanda Thomas,2,24,2,48586,Delhi
2824,Kaitlin Hardin,2,34,9,82600,Chennai
2825,Michael Anderson,6,62,36,198450,Mumbai
2826,Anthony Parker,2,55,31,173687,Delhi
2827,Joy Jackson,5,45,20,120301,Hyderabad
2828,Sabrina Rodriguez,4,61,37,214752,Hyderabad
2829,Robert Walker PhD,1,53,28,178358,Bangalore
2830,Robert Hendrix,3,53,29,177422,Mumbai
2831,Erika Daugherty,5,51,25,172899,Hyderabad
2832,Brenda Copeland,1,34,8,73864,Bangalore
2833,Pamela Watkins,5,22,0,32410,Chennai
2834,Bryan Thomas,5,55,30,180452,Hyderabad
2835,Michael Tran,3,36,14,98964,Mumbai
2836,Timothy Williams,4,35,12,96589,Chennai
2837,Ryan Salazar,2,50,24,147483,Mumbai
2838,Alexis Tucker,6,55,30,168442,Mumbai
2839,Christopher Davis,4,39,17,100585,Hyderabad
2840,Stacie Butler,6,28,6,67044,Hyderabad
2841,Patricia Schwartz,3,50,27,158892,Mumbai
2842,Mark Mills,3,52,30,166643,Mumbai
2843,Todd Bishop,3,46,22,135847,Mumbai
2844,Christopher Porter,1,59,33,210520,Bangalore
2845,Lori Patton,6,35,13,87212,Chennai
2846,Aaron Young,4,29,7,73717,Hyderabad
2847,Joseph Davis,4,48,25,157068,Hyderabad
2848,Philip Fernandez,5,23,0,46931,Chennai
2849,Randy Hopkins,5,38,16,109215,Mumbai
2850,Cory Hogan,5,58,32,177717,Delhi
2851,Tracy Wells,3,35,9,90040,Delhi
2852,Michael Williams,4,46,24,145801,Hyderabad
2853,Dominique Hamilton,6,51,27,174495,Bangalore
2854,Robert Chang,3,50,24,159127,Pune
2855,Patrick Buckley,1,41,15,118266,Bangalore
2856,Richard Washington,5,42,18,140947,Delhi
2857,Steven Griffith,3,43,19,128955,Mumbai
2858,Erika Gonzalez,3,56,34,206342,Mumbai
2859,Erika Maxwell,1,58,33,190461,Bangalore
2860,Brent Rojas,2,37,14,106325,Mumbai
2861,Jaime Walker,4,64,39,217881,Bangalore
2862,John Zamora,6,38,13,103533,Hyderabad
2863,Timothy Gibson,2,37,11,94498,Delhi
2864,Chad Cortez,5,23,0,30000,Mumbai
2865,Vanessa Harris,3,25,0,33706,Mumbai
2866,Michael Brown,1,42,19,127342,Bangalore
2867,Samuel Ellis,1,60,38,195540,Bangalore
2868,Greg Tanner,4,55,32,185833,Hyderabad
2869,Rachel Little,2,51,25,165367,Mumbai
2870,Carolyn Cordova,4,27,1,54901,Bangalore
2871,Angelica Vincent,3,38,12,89940,Mumbai
2872,Zachary Vargas PhD,4,60,34,210515,Chennai
2873,Nicholas Fitzgerald,6,46,21,146964,Mumbai
2874,Garrett Riley,1,26,4,36616,Bangalore
2875,Leslie Hernandez,1,26,1,44226,Mumbai
2876,Abigail Baird,5,41,15,112111,Hyderabad
2877,John Mack,5,37,13,110650,Bangalore
2878,Joseph Mendoza,3,62,37,214791,Mumbai
2879,Samantha Chavez,6,58,32,201349,Mumbai
2880,Justin Smith,2,61,35,198053,Delhi
2881,Tiffany Anderson,4,30,8,59815,Chennai
2882,Matthew Davis,3,26,3,45117,Mumbai
2883,Eric Warner,5,63,38,229815,Delhi
2884,Nicole Johnson,4,23,0,43607,Chennai
2885,Raymond Sawyer,5,30,5,80679,Hyderabad
2886,Richard Wood,4,64,38,206853,Hyderabad
2887,Mark Dalton,2,57,35,207830,Bangalore
2888,Steven Cook,3,43,17,125738,Pune
2889,Jeffery Nelson,4,43,17,117417,Bangalore
2890,Kimberly Norton,6,43,19,132907,Chennai
2891,Angela Gilmore,1,55,33,191219,Bangalore
2892,Amy Dougherty,6,50,25,159782,Bangalore
2893,Stacy Rodriguez,6,59,36,210844,Delhi
2894,Manuel Diaz,1,54,29,182740,Bangalore
2895,Justin Jones,6,39,13,101594,Chennai
2896,Christine Zavala,4,28,6,77418,Hyderabad
2897,Brian Mendoza,4,22,0,33274,Hyderabad
2898,Lauren Haley,4,54,32,200470,Bangalore
2899,Patrick Perez,1,22,0,30000,Hyderabad
2900,Derek Frazier,6,45,20,124719,Hyderabad
2901,Arthur Reed,1,25,1,34687,Bangalore
2902,Mr. Bryan Mckinney,4,25,2,53254,Chennai
2903,Kim Carter,6,39,13,94456,Hyderabad
2904,Rebecca Dougherty,6,48,24,162121,Bangalore
2905,Teresa Jones,5,64,40,221188,Hyderabad
2906,Judith Miller,5,53,27,169894,Hyderabad
2907,Donna Frye,2,54,32,190520,Delhi
2908,Donald Terry,3,49,23,139774,Mumbai
2909,Shaun Meyer DDS,5,63,38,206073,Delhi
2910,Wayne Weaver,1,62,36,211263,Bangalore
2911,Gregory Wallace,5,57,35,197282,Hyderabad
2912,Dorothy Brown,2,27,1,48487,Delhi
2913,Crystal Meza,6,37,13,87734,Hyderabad
2914,Jennifer Cooper,2,55,32,183745,Mumbai
2915,Erin Watkins,6,44,20,129945,Chennai
2916,Sarah Wallace,6,63,40,204700,Mumbai
2917,Carlos Clarke,3,45,19,137063,Mumbai
2918,David Washington,5,34,9,74840,Mumbai
2919,Patricia Williams,1,39,13,112893,Bangalore
2920,Jesus Jackson,1,34,12,85857,Bangalore
2921,Michelle Mitchell,4,58,32,186029,Bangalore
2922,Sara Schwartz,6,64,41,218964,Delhi
2923,Brittany Young,1,60,36,215772,Bangalore
2924,Eugene Martinez,3,63,38,220833,Mumbai
2925,Cody Hart,6,38,12,107401,Hyderabad
2926,Evan Cooper,3,36,10,85141,Mumbai
2927,Joshua Martin,1,39,15,107566,Bangalore
2928,Thomas Sullivan,1,44,19,114443,Bangalore
2929,Mr. Jimmy Flores Jr.,4,51,25,152307,Chennai
2930,Vanessa Rivera,1,55,29,177463,Bangalore
2931,Kara Roberts,6,25,2,48697,Chennai
2932,Veronica Berry,6,24,1,55491,Bangalore
2933,Keith Meadows,6,28,6,48392,Bangalore
2934,Michael Dennis,4,39,15,109735,Hyderabad
2935,Brenda Pierce,4,63,38,214190,Hyderabad
2936,James Randall,1,28,2,49804,Bangalore
2937,Brandon Brown,2,61,35,205121,Delhi
2938,Lauren Walker,2,27,5,56970,Mumbai
2939,Diana Johnson,4,43,17,110635,Chennai
2940,Jill Powers,1,22,0,30000,Bangalore
2941,Jorge Lee,2,25,3,46980,Chennai
2942,Larry Harding,1,64,40,214035,Bangalore
2943,Heather Hernandez,1,50,28,165696,Bangalore
2944,Jaclyn Watson,1,42,16,112973,Bangalore
2945,Gregory Madden,5,47,25,132899,Delhi
2946,Anita Luna,6,35,12,108068,Bangalore
2947,Willie Lara,1,30,5,62718,Bangalore
2948,Robert Waller,5,33,7,53200,Delhi
2949,Steven Taylor,4,63,38,219177,Chennai
2950,Angelica Clark,2,27,1,42872,Mumbai
2951,Sean Hatfield,6,41,16,103257,Hyderabad
2952,Tyler Avila,2,45,22,142074,Delhi
2953,Jason Rocha,6,48,23,139162,Bangalore
2954,Justin Page,2,59,37,210444,Delhi
2955,Breanna Lopez,6,29,4,51787,Chennai
2956,Julian Williams,2,22,0,30000,Delhi
2957,Sandra Torres,2,45,21,135975,Chennai
2958,Julie Johnson,2,28,3,39723,Mumbai
2959,Dennis Blanchard,2,40,15,108439,Mumbai
2960,Kaitlyn Valdez,4,43,18,128458,Hyderabad
2961,Jennifer Vasquez,1,56,30,190964,Bangalore
2962,Danielle Wilson,3,51,26,169508,Delhi
2963,Zachary Jones,5,50,24,163426,Hyderabad
2964,Lauren Cunningham,3,43,17,116062,Mumbai
2965,Lori Alvarez,3,32,8,66802,Pune
2966,Barbara Hunt,6,41,19,130822,Chennai
2967,Sarah Martin,1,50,24,148464,Bangalore
2968,Francisco Johns,6,62,39,219550,Delhi
2969,Christopher Nelson,1,63,38,223174,Bangalore
2970,Thomas Kelly,1,55,32,202768,Bangalore
2971,Joseph Mayer,2,22,0,39230,Mumbai
2972,Pamela White,4,52,28,170640,Hyderabad
2973,Paul Stephens,2,51,25,148331,Delhi
2974,Samantha Cohen,4,39,17,124254,Hyderabad
2975,Michael Barker,6,38,12,99469,Bangalore
2976,Kevin Morrow,4,59,34,195622,Hyderabad
2977,Joseph Watson,6,35,13,92496,Mumbai
2978,Mr. Thomas Garcia,3,44,18,121145,Pune
2979,Daniel Lopez,3,46,24,148151,Delhi
2980,Lisa Guerra,4,36,11,78627,Hyderabad
2981,Kim Arnold,4,43,19,136444,Bangalore
2982,Ashley Stevens,6,24,0,45677,Hyderabad
2983,Robert Mclean,2,40,14,104260,Mumbai
2984,Eric Cox,6,55,32,183362,Mumbai
2985,Stacy Harper,2,56,31,184114,Delhi
2986,Gloria Mckinney,3,22,0,36172,Mumbai
2987,Robert Walker,1,42,16,112599,Bangalore
2988,Brenda Perez,4,50,26,167592,Bangalore
2989,Carlos Miller,2,27,5,47107,Mumbai
2990,Rachel Jones,6,58,33,188004,Mumbai
2991,Nicole Williams,3,22,0,41201,Delhi
2992,Ricky Palmer,2,22,0,37594,Delhi
2993,Bryan King,6,48,25,148263,Delhi
2994,Michael Webster,4,42,18,125203,Bangalore
2995,Tamara Harris,4,37,14,95656,Bangalore
2996,Cathy Bell,5,61,35,201819,Mumbai
2997,Ryan Mcmahon,1,47,23,153849,Bangalore
2998,Hannah Martin,5,37,11,98964,Chennai
2999,Monica Allen,3,49,26,160705,Mumbai
3000,Annette Lane,2,22,0,30000,Mumbai
3001,Daniel Lee,3,57,31,182478,Pune
3002,Steven Medina,6,31,9,78071,Mumbai
3003,Annette Lewis,4,64,39,233543,Bangalore
3004,Michelle Richardson,5,38,13,85441,Chennai
3005,Jessica Rosario,5,44,21,127922,Chennai
3006,Henry Gray,5,28,5,68728,Delhi
3007,Darren Rodriguez,3,28,4,67081,Mumbai
3008,Mrs. Ashley Taylor,4,36,12,93242,Hyderabad
3009,Michele Hawkins,2,55,33,202407,Mumbai
3010,Garrett Wilson,6,25,0,32733,Hyderabad
3011,Kyle Collins,2,35,13,84026,Mumbai
3012,Jill Spencer,3,35,13,102421,Pune
3013,Scott Lopez,6,37,14,112357,Chennai
3014,Ryan Alvarez,5,28,6,73424,Hyderabad
3015,Cassie Lutz,1,53,31,173792,Delhi
3016,Brian Kim DDS,3,40,14,107195,Pune
3017,Charles Morales,3,23,0,42918,Pune
3018,Ashley Schaefer,4,31,7,72707,Hyderabad
3019,Amy Hester,2,38,13,111270,Mumbai
3020,Kurt Ewing,3,58,34,193959,Mumbai
3021,Ryan Hardy,3,33,8,75635,Mumbai
3022,Micheal Perkins,5,27,1,46389,Mumbai
3023,Richard Schneider,5,43,19,133360,Chennai
3024,John Morrison,6,53,27,165144,Delhi
3025,John Ramirez,1,62,38,223419,Bangalore
3026,Ashley King,4,41,17,130136,Hyderabad
3027,Mark Taylor Jr.,1,22,0,30855,Delhi
3028,Barry Gregory,6,27,5,57182,Bangalore
3029,Janet Shelton,5,40,18,127342,Delhi
3030,Marco Davis,2,39,17,130320,Delhi
3031,Paul Saunders,5,27,5,63587,Bangalore
3032,Christina Bates,4,54,30,172110,Chennai
3033,Dennis Cooper PhD,5,44,21,136485,Delhi
3034,Tiffany Johnson,4,44,18,132081,Chennai
3035,Thomas Reyes,4,47,24,142499,Bangalore
3036,James Stevens,4,34,11,79272,Hyderabad
3037,Justin Dalton,6,28,3,49940,Delhi
3038,Michael Henry,4,36,14,106077,Bangalore
3039,Mike Freeman,4,48,24,139246,Hyderabad
3040,Michael Keller,2,47,25,146955,Delhi
3041,Laura Alvarez,1,54,32,187589,Bangalore
3042,Katie Myers,3,36,13,106024,Mumbai
3043,Wesley Jensen MD,1,57,32,191321,Bangalore
3044,Erica Johnson,4,48,26,160197,Hyderabad
3045,Russell Bailey,2,26,0,47839,Mumbai
3046,Alyssa Vance,5,23,0,48978,Hyderabad
3047,Brent Reed,2,54,32,197284,Chennai
3048,Gregory Stanley,4,37,14,85669,Chennai
3049,Matthew Watkins,2,44,21,135684,Delhi
3050,Ana Torres,2,59,35,209200,Bangalore
3051,Alejandro Nguyen,4,37,12,108598,Bangalore
3052,Scott Bradley,6,35,12,97727,Hyderabad
3053,Deborah Dominguez,2,50,26,152726,Mumbai
3054,Victoria Gray,3,47,21,132683,Mumbai
3055,Kenneth Stokes,3,56,30,175207,Mumbai
3056,Michael Rogers,2,36,10,89260,Mumbai
3057,Pamela Morgan,6,24,2,40561,Bangalore
3058,Heidi Graham,5,44,19,103542,Delhi
3059,Ryan Cobb PhD,4,50,26,150173,Bangalore
3060,Donna Williams,3,55,30,176046,Mumbai
3061,Jennifer Perez PhD,5,54,32,174500,Chennai
3062,Ryan Davis,2,62,38,206291,Chennai
3063,Austin Solis,5,62,38,232407,Chennai
3064,Daniel Flynn,1,44,21,134831,Bangalore
3065,Elizabeth Brock,3,28,3,49611,Mumbai
3066,Joshua Gonzalez,2,24,0,42738,Delhi
3067,Mario Chavez,4,53,30,186368,Hyderabad
3068,Catherine Smith,6,52,26,179924,Delhi
3069,Shari Ray,2,39,17,128542,Delhi
3070,Victor Harmon,4,64,39,225378,Chennai
3071,Timothy Patel,6,28,5,47437,Bangalore
3072,Patricia Hamilton,6,62,38,207980,Bangalore
3073,Lori Boyd,2,22,0,31785,Mumbai
3074,Charles Hernandez,5,35,9,86152,Bangalore
3075,Elizabeth Graham,5,53,31,181454,Hyderabad
3076,Ronald Brown,6,27,1,32715,Bangalore
3077,Jason Colon,5,60,36,193385,Chennai
3078,Dawn Burke,1,31,7,72372,Bangalore
3079,Brian Lee,6,28,4,57160,Hyderabad
3080,Ronald Marshall,6,47,23,143820,Bangalore
3081,Jessica Lucas,4,55,32,190463,Chennai
3082,Christopher Taylor,5,51,27,174274,Hyderabad
3083,Robert Hopkins,6,57,33,194980,Delhi
3084,Samuel Stuart,1,42,19,117966,Bangalore
3085,Mr. Scott Miller,4,38,14,118521,Hyderabad
3086,Sharon Lester,2,54,28,169989,Delhi
3087,Jack Sandoval,6,31,5,63699,Bangalore
3088,Tony Ramsey,1,63,38,211970,Hyderabad
3089,Brian Navarro,3,33,7,64104,Mumbai
3090,Kelly Calderon,1,37,15,97556,Bangalore
3091,Tara King,1,62,40,213297,Bangalore
3092,Cynthia Martinez,4,53,31,156620,Hyderabad
3093,Erin Silva,2,36,13,96049,Chennai
3094,Paul Young,3,48,22,152018,Mumbai
3095,Charles Thompson,5,49,27,154025,Delhi
3096,Jessica King,5,38,13,120175,Hyderabad
3097,Katherine Brooks,1,23,0,47291,Bangalore
3098,Emily Coleman,4,57,32,188854,Chennai
3099,Tracey Suarez,4,28,2,40311,Bangalore
3100,Heidi Baldwin,5,34,10,71623,Hyderabad
3101,Alisha Rasmussen,3,36,11,89390,Mumbai
3102,Sarah Bates,2,46,22,141344,Delhi
3103,Melissa Mccormick,3,44,21,133264,Delhi
3104,Juan Parker,6,43,18,131754,Mumbai
3105,Heidi Burnett,6,47,22,153976,Chennai
3106,Sean Mathews,2,54,31,185681,Chennai
3107,Theodore Long,5,32,9,82711,Delhi
3108,Dawn Davis,2,31,9,74775,Delhi
3109,Cynthia Clark,4,46,20,133760,Hyderabad
3110,Sydney Welch,6,58,33,196993,Mumbai
3111,Pamela Sullivan,1,64,39,219366,Bangalore
3112,Sean Morrow,1,59,36,210686,Bangalore
3113,Kaitlin Gutierrez,5,62,39,211050,Mumbai
3114,Michelle Mcdowell,4,45,19,123242,Chennai
3115,Samantha Hale,3,61,38,206424,Mumbai
3116,Heather Guzman,4,54,30,173051,Bangalore
3117,Nancy Chavez,1,38,14,100901,Bangalore
3118,Anthony May,1,45,21,144332,Bangalore
3119,Rachel Taylor,6,58,34,197531,Delhi
3120,Mark Edwards,4,23,0,30000,Hyderabad
3121,Christopher Black,4,53,28,158984,Bangalore
3122,Sandra Hines,1,45,21,132772,Bangalore
3123,Melissa Sparks,3,30,7,75775,Mumbai
3124,John Moss,5,25,1,53323,Delhi
3125,Michael Serrano,5,38,12,83473,Chennai
3126,Christina Perry,4,38,15,109678,Chennai
3127,Shawn Duffy,5,51,27,161085,Chennai
3128,Courtney Vaughan,1,61,36,205206,Bangalore
3129,Maria Sims,1,32,9,69986,Bangalore
3130,Valerie Gonzalez,4,42,19,123739,Chennai
3131,Caroline Morales,4,42,17,109626,Bangalore
3132,David Davis,6,39,16,109273,Mumbai
3133,Travis Wilson,4,50,26,168786,Chennai
3134,Jessica Mora,3,45,22,144649,Mumbai
3135,Michael Wilson,5,31,7,85610,Hyderabad
3136,Cheryl Atkins,4,38,13,103910,Hyderabad
3137,Donna Snyder,2,39,17,116296,Delhi
3138,Scott Greene,6,63,38,221623,Delhi
3139,Diane Byrd MD,2,41,17,111093,Delhi
3140,Charles Roberts,1,58,32,173511,Bangalore
3141,Luke Solomon,5,39,14,110769,Chennai
3142,Michael Ellis,4,38,12,81837,Hyderabad
3143,Casey Morris,2,30,4,67572,Chennai
3144,Melissa Reeves,5,35,11,95106,Delhi
3145,Nancy Scott,1,50,26,152803,Delhi
3146,Anthony Cook,3,52,30,172511,Mumbai
3147,Terry Barajas,6,25,2,45507,Chennai
3148,Tracy George,5,39,14,97022,Bangalore
3149,Amber King,5,41,17,121624,Bangalore
3150,Elizabeth Foster,3,64,39,226929,Delhi
3151,Walter Hansen,5,30,4,47056,Hyderabad
3152,Debbie Gordon,1,34,11,81315,Mumbai
3153,Sherry Anderson,1,36,14,100505,Bangalore
3154,Joseph Thomas,3,48,23,155824,Delhi
3155,Andrew Anderson,6,36,13,102518,Chennai
3156,Sandy Adkins,4,49,27,143252,Hyderabad
3157,Diane Mcdowell,2,58,33,191364,Delhi
3158,Pam Baker,4,40,17,119881,Hyderabad
3159,Steven Stewart,5,47,23,139100,Mumbai
3160,Pamela Hernandez DVM,2,47,22,134980,Mumbai
3161,Rebecca Brown,3,46,23,138324,Delhi
3162,David Johnson,3,47,25,150036,Pune
3163,Michael Graham,6,47,24,141167,Chennai
3164,Tammy Williams MD,2,49,25,160179,Mumbai
3165,Karina Vasquez,1,39,14,97514,Bangalore
3166,Sharon Martinez,2,53,28,161910,Mumbai
3167,Sean White,5,24,0,34210,Delhi
3168,Jordan Nelson,1,23,0,48031,Bangalore
3169,Laurie Silva,3,54,32,189602,Mumbai
3170,Kelly Duncan,2,63,38,221910,Chennai
3171,Billy Tate,4,40,18,121890,Chennai
3172,Stacy Johnson,6,38,15,99124,Bangalore
3173,Melanie Long,4,54,32,180279,Hyderabad
3174,Tiffany Hood,6,33,11,80220,Bangalore
3175,Brad Rivas,5,24,0,46132,Delhi
3176,Jordan Moses,4,64,38,220762,Chennai
3177,Abigail Booker,2,47,21,125161,Mumbai
3178,Tiffany Nguyen,2,56,32,199421,Bangalore
3179,Morgan Bernard,4,29,5,58244,Hyderabad
3180,Christine Williams,2,57,31,190727,Delhi
3181,Erica Brown,5,28,5,68118,Chennai
3182,Trevor James,1,57,32,168503,Delhi
3183,Christopher Hanna,5,37,12,98636,Hyderabad
3184,Ann Phelps,6,45,22,137579,Delhi
3185,Richard Mitchell,5,22,0,30000,Hyderabad
3186,Martha Martinez,6,46,20,124739,Mumbai
3187,Jeffrey Drake MD,2,31,7,66663,Chennai
3188,Bonnie Wade,1,37,14,108765,Bangalore
3189,Kayla Burns,2,37,13,97090,Mumbai
3190,Karen Hart,3,29,7,69084,Mumbai
3191,Peter Shepherd,2,50,25,153250,Delhi
3192,Jessica Simmons,6,60,34,208303,Hyderabad
3193,Glenn Ford,2,49,24,155568,Delhi
3194,Michael Moore,2,27,1,45802,Delhi
3195,Mark Warren IV,1,37,15,96354,Bangalore
3196,Terry Woods,2,41,16,114758,Mumbai
3197,Carl Leach,1,37,15,127754,Bangalore
3198,Kelly Phillips,4,28,2,55562,Hyderabad
3199,Billy Williams,3,62,39,213585,Pune
3200,Jeffery Davis,1,35,10,100419,Bangalore
3201,Laura King,6,64,42,226132,Hyderabad
3202,Brad Gordon,4,47,22,147714,Bangalore
3203,Matthew White,1,47,22,141630,Bangalore
3204,James Miller,1,35,10,87057,Hyderabad
3205,Elizabeth Matthews,3,28,4,57950,Pune
3206,Michael Hanson,6,54,32,183419,Hyderabad
3207,Vincent Savage,5,47,25,149385,Delhi
3208,Cody Burgess,5,41,16,103265,Bangalore
3209,Shelby Rodriguez,1,24,1,31899,Bangalore
3210,Abigail Wilson,2,25,0,41271,Bangalore
3211,John Holt,6,47,23,140038,Bangalore
3212,Tracy Guzman,4,32,6,60719,Chennai
3213,Mr. William Ward,2,23,0,58818,Bangalore
3214,Melissa Foster,2,35,12,112514,Bangalore
3215,Calvin Smith,6,51,26,165446,Bangalore
3216,Alan Waller,1,33,11,92472,Bangalore
3217,Christine Wong,1,47,22,135500,Bangalore
3218,Jessica Garrett,1,54,31,172418,Bangalore
3219,Cheryl Turner,1,34,12,88677,Bangalore
3220,John Johnson,5,35,11,89102,Mumbai
3221,Christian Park,1,45,19,134804,Bangalore
3222,Kaitlyn Heath,5,55,29,161457,Chennai
3223,Christina Hudson,5,47,22,159177,Delhi
3224,Amber Smith,1,42,18,123984,Bangalore
3225,Michelle Petty,3,49,26,145994,Mumbai
3226,Nancy Larson,4,57,31,186759,Hyderabad
3227,Donna Freeman,2,61,37,204080,Delhi
3228,Mr. Logan Gregory,5,23,0,30000,Bangalore
3229,Katherine Klein,6,63,41,219200,Mumbai
3230,Jennifer Stewart,6,30,5,60048,Mumbai
3231,Steven Butler,4,44,19,144721,Bangalore
3232,Johnny Mcmillan,6,36,12,94541,Hyderabad
3233,Michael Smith,3,34,8,82951,Mumbai
3234,Corey Cooper,6,44,20,138908,Chennai
3235,Daniel Stout,2,38,16,109041,Delhi
3236,Lance Kirby,2,23,0,30000,Delhi
3237,Bonnie Carter,5,41,18,108010,Mumbai
3238,Toni Whitaker,1,41,16,110700,Bangalore
3239,Morgan Flynn,3,24,0,46551,Mumbai
3240,Sarah Howell,5,33,11,94183,Mumbai
3241,Paul Estrada,3,61,36,209851,Delhi
3242,Curtis Obrien,1,23,0,39311,Mumbai
3243,Jason Chaney,6,57,34,194905,Chennai
3244,Daniel Williams,6,35,11,85248,Bangalore
3245,Stanley Kelly,1,37,12,89094,Mumbai
3246,Ronald Kline,5,40,18,107828,Delhi
3247,Arthur Jordan,1,55,29,190477,Bangalore
3248,Barbara Walker,4,27,2,49368,Hyderabad
3249,Gerald Kelly,2,34,12,87860,Mumbai
3250,Shawn Adams,5,57,32,203569,Delhi
3251,Michael Robertson,3,43,20,146295,Pune
3252,Michelle House,4,39,15,129861,Chennai
3253,Jim Skinner,5,33,7,70713,Delhi
3254,Brian Bishop,1,51,29,172141,Bangalore
3255,Theresa Colon,1,61,35,209507,Bangalore
3256,Brian Soto,1,28,2,62497,Hyderabad
3257,Susan Moore,1,53,27,167196,Mumbai
3258,Jeremy Hunter,3,40,18,111733,Mumbai
3259,Annette Holland,4,27,5,52472,Hyderabad
3260,Chad Allison,6,41,15,119719,Hyderabad
3261,Jason Mack,2,48,24,155168,Mumbai
3262,Robert Peterson,3,64,39,220516,Mumbai
3263,Angela Watson,3,58,32,188290,Mumbai
3264,Heather Ortega,6,28,5,58317,Delhi
3265,Paul Fisher,6,26,0,49712,Chennai
3266,Robert Gutierrez,2,32,10,75688,Bangalore
3267,Jimmy Phelps,2,36,11,80592,Mumbai
3268,Heidi Johnson,6,24,1,55434,Bangalore
3269,Adam Drake,1,26,1,43500,Bangalore
3270,Angela Edwards,3,44,19,127265,Pune
3271,Mrs. Amy Malone,5,58,35,206067,Hyderabad
3272,Margaret Orr,2,30,4,50688,Delhi
3273,Mark Reeves,2,36,10,92803,Delhi
3274,Kelly Phillips,6,24,0,34338,Hyderabad
3275,Michael Spencer,4,50,26,168605,Bangalore
3276,Patrick Blankenship,5,27,1,32230,Mumbai
3277,Douglas Rose,5,38,15,110305,Hyderabad
3278,Melody Griffin,2,47,23,143650,Delhi
3279,Joshua Kramer,1,42,16,109362,Bangalore
3280,Melissa Barron,4,29,5,67070,Bangalore
3281,Jennifer Gonzalez,5,42,19,124313,Bangalore
3282,Andrew Cook,2,32,6,71728,Delhi
3283,Natalie Martinez,5,59,37,219025,Delhi
3284,Diane Davis DDS,4,29,6,70731,Bangalore
3285,Nicole Moore,4,63,38,208557,Hyderabad
3286,Robert Vargas,3,45,20,128266,Mumbai
3287,Raymond Barber,6,56,33,194974,Chennai
3288,Mrs. Amy Watson,6,35,10,91951,Chennai
3289,Heather Williams,2,35,12,89472,Delhi
3290,Belinda Evans,4,31,9,78882,Hyderabad
3291,Jody Bird,3,33,10,84732,Mumbai
3292,Virginia Cunningham,3,59,33,197547,Pune
3293,Lori Ferguson,5,55,29,166668,Mumbai
3294,Hayley Mitchell,5,62,38,204679,Hyderabad
3295,Michelle Chambers,3,31,6,48726,Delhi
3296,Kelly Wright,5,38,13,100544,Bangalore
3297,Kevin Carson,4,38,15,95786,Chennai
3298,Brent Dawson,1,24,0,54493,Bangalore
3299,Angela Brown,4,52,26,167232,Hyderabad
3300,Karen Griffin,3,22,0,30000,Mumbai
3301,Joseph Chapman,3,33,10,92281,Mumbai
3302,Jennifer Baker,4,60,35,212199,Chennai
3303,Mr. Jeremiah Galvan MD,5,25,0,48349,Mumbai
3304,Samantha Thomas,5,63,39,214235,Hyderabad
3305,Michael Anderson,6,34,9,86628,Hyderabad
3306,Sharon Wilson,3,55,33,199985,Mumbai
3307,John Francis,2,63,41,240266,Mumbai
3308,Jaclyn Crane,6,42,17,106310,Bangalore
3309,Jennifer Martinez,5,43,18,121458,Delhi
3310,Amanda Hernandez,4,25,0,31847,Hyderabad
3311,William Turner,5,39,14,119312,Delhi
3312,Dr. Charles Lawrence,4,26,2,50728,Chennai
3313,Steven Small,6,40,14,112729,Bangalore
3314,Robert Burns,3,23,0,40010,Mumbai
3315,Gregory Harrell,5,33,9,82702,Delhi
3316,Kenneth Knight,4,38,12,89293,Chennai
3317,Rachael Alvarez,3,31,5,59727,Mumbai
3318,Lisa Gill,2,55,33,190672,Delhi
3319,Julia Cole,4,27,1,39311,Hyderabad
3320,Sean Nguyen,6,29,5,54234,Chennai
3321,Mary Ortiz,2,32,7,69854,Delhi
3322,James Weaver,2,33,9,74858,Mumbai
3323,Stacy Fitzgerald,1,30,7,69498,Bangalore
3324,Sharon Mann,5,23,0,32657,Delhi
3325,Rebecca Zimmerman,4,29,3,48421,Chennai
3326,Becky Hansen,2,32,6,60579,Bangalore
3327,Luke Ray,1,57,31,185548,Bangalore
3328,Kelly Lopez,6,31,9,84406,Chennai
3329,Steven Martinez,3,42,20,134206,Mumbai
3330,Catherine Smith,4,41,16,101584,Hyderabad
3331,Danielle Thornton,2,29,3,60778,Mumbai
3332,Jill Roman,5,57,34,201150,Delhi
3333,Jennifer Williams,1,50,25,163198,Bangalore
3334,Allison Kim,2,63,37,222368,Mumbai
3335,Scott Stewart,5,33,11,80878,Hyderabad
3336,Brian Garcia,2,35,12,90201,Mumbai
3337,Charles Scott,4,42,17,132823,Hyderabad
3338,Eric Russell,4,43,20,144048,Hyderabad
3339,Lucas Nguyen,4,42,16,114387,Chennai
3340,Anthony Price,6,51,27,169124,Bangalore
3341,Jason Nguyen,6,60,37,215624,Delhi
3342,Ronald Martinez,1,41,18,134861,Bangalore
3343,Paul Willis,4,45,23,145862,Chennai
3344,Paul Cruz Jr.,5,44,18,114701,Delhi
3345,John Russell,2,28,5,55891,Mumbai
3346,Mr. David Mercado,3,30,4,83668,Mumbai
3347,Victor Leonard,5,22,0,30000,Bangalore
3348,Justin Glover,6,47,21,138902,Hyderabad
3349,Jason Miller,6,59,37,227408,Delhi
3350,Christina Faulkner,5,59,37,202502,Bangalore
3351,William Casey,6,43,18,101384,Hyderabad
3352,Jessica Buck,4,31,5,42956,Bangalore
3353,Aaron Marshall,1,27,3,45146,Bangalore
3354,Donna Stanton,2,38,13,85596,Chennai
3355,Timothy Olson,1,59,37,217197,Bangalore
3356,Sara James,2,45,21,138245,Delhi
3357,Mark Richards,2,31,8,56729,Delhi
3358,Amber Stevenson,1,29,6,51637,Bangalore
3359,Elizabeth Foster,5,42,17,128421,Chennai
3360,Charles Hawkins,2,27,3,53045,Delhi
3361,Jeffrey Bishop,1,42,16,126469,Bangalore
3362,Emily Fleming,2,60,36,215552,Mumbai
3363,Dean Mullins,3,45,20,123395,Pune
3364,David Bird,5,54,28,178455,Chennai
3365,Joe Greene,4,39,13,105402,Bangalore
3366,Michael Lucas,2,49,26,142706,Mumbai
3367,John Valenzuela,3,53,29,162804,Mumbai
3368,Jennifer Woodard,4,33,7,92201,Hyderabad
3369,Pamela Medina,4,63,38,209778,Chennai
3370,Mariah Jones,2,48,25,156992,Delhi
3371,Ronnie Powers,1,31,5,61774,Bangalore
3372,Heather Hess,2,63,39,222169,Delhi
3373,Heather Thompson,3,53,30,176204,Pune
3374,Melissa Smith,4,63,39,228421,Hyderabad
3375,Timothy Wallace,2,47,23,153011,Delhi
3376,Alejandro Campbell,1,46,22,141743,Mumbai
3377,Heather Davis,2,32,9,71264,Mumbai
3378,Elizabeth Robbins,5,44,18,119849,Mumbai
3379,Johnny Cox,1,55,33,177492,Bangalore
3380,Tanner Mann,3,61,35,201624,Mumbai
3381,Craig Nicholson,4,44,21,120768,Hyderabad
3382,Sergio Carroll,2,50,28,168350,Delhi
3383,Juan Keller MD,1,52,30,178367,Bangalore
3384,Krystal Jones,5,28,6,71242,Delhi
3385,Austin Green,1,61,36,198039,Delhi
3386,Crystal Mills,6,54,31,172682,Delhi
3387,Cheryl Gregory,5,42,17,130697,Mumbai
3388,Melissa Patel MD,3,23,1,30000,Mumbai
3389,Jordan Pace,4,39,14,120809,Hyderabad
3390,Terri Williams,3,54,29,167508,Delhi
3391,Jessica Carney,2,58,35,193364,Delhi
3392,Michael Owens,1,55,31,189842,Mumbai
3393,Peter Stephenson,6,41,16,118195,Chennai
3394,Donald Fisher,5,56,31,197432,Hyderabad
3395,Aaron Lee,5,39,17,99769,Mumbai
3396,Kenneth Johnson,1,45,23,147369,Bangalore
3397,Vanessa Coleman,6,29,7,67532,Mumbai
3398,David Martin,1,51,25,148686,Bangalore
3399,Mark Davis,2,31,6,81851,Delhi
3400,Robert Watkins,3,44,22,140282,Mumbai
3401,Felicia Wright,5,32,9,77997,Delhi
3402,David Peterson,2,23,0,39832,Bangalore
3403,Gavin Bauer,3,47,23,131673,Delhi
3404,Patricia Harvey,2,57,32,179011,Delhi
3405,Lori Riley,6,54,29,172239,Mumbai
3406,Antonio Johnson,5,34,11,90431,Delhi
3407,Ryan Brown,1,61,37,221497,Bangalore
3408,Thomas Ramos,1,46,22,133720,Bangalore
3409,Mark Jones,3,25,0,30000,Pune
3410,Kristin Phillips,4,63,38,221211,Chennai
3411,Brendan Walton,6,40,18,118512,Chennai
3412,Kyle Keller,3,39,16,96029,Mumbai
3413,James Pope,4,58,35,193352,Chennai
3414,Lisa Morgan,2,51,28,166345,Bangalore
3415,Rachel Gibson,6,40,17,114866,Hyderabad
3416,Corey Garcia,2,44,22,139118,Mumbai
3417,Andrea Clarke,5,37,15,95097,Hyderabad
3418,Kenneth Walsh,6,22,0,33951,Mumbai
3419,Jason Hardy,4,33,8,83776,Bangalore
3420,David Robles,5,45,23,119998,Delhi
3421,Eric Graham,1,55,29,173840,Bangalore
3422,Nicole Collins,4,29,5,47604,Hyderabad
3423,Patricia Hernandez,3,39,14,104142,Delhi
3424,Grant Wood,1,26,4,41761,Bangalore
3425,Kevin Gregory,1,47,23,146572,Bangalore
3426,Jonathon Conley,3,51,25,170313,Mumbai
3427,Jennifer Gonzalez,6,34,12,83564,Mumbai
3428,Terry Glover,1,40,18,112924,Bangalore
3429,Michael Neal,4,50,26,155841,Bangalore
3430,Ms. Erin Lane,5,24,2,46949,Chennai
3431,Lisa Barnes,1,47,24,140847,Bangalore
3432,Jesse Mccormick,4,61,39,215258,Hyderabad
3433,Daniel Smith,2,33,8,70844,Delhi
3434,David Hanson,4,23,0,32467,Hyderabad
3435,Nicholas Cisneros,5,32,7,74143,Bangalore
3436,Patrick Harris,4,49,23,152308,Hyderabad
3437,William Cox,3,39,14,92585,Delhi
3438,Alvin Wilson,5,34,11,90512,Chennai
3439,Cory Willis,6,58,35,225866,Delhi
3440,Amanda Johnson,2,43,18,135553,Delhi
3441,Christopher Mcclure,3,33,7,67565,Mumbai
3442,Gina Spencer,6,23,1,40755,Hyderabad
3443,Alex Cameron,4,58,35,200431,Bangalore
3444,Alisha Byrd,5,28,3,56375,Chennai
3445,Richard Rodriguez,2,47,22,138622,Delhi
3446,Elizabeth Allen,3,47,22,139846,Delhi
3447,Mary Pugh,6,45,23,137253,Chennai
3448,Yolanda Keith,6,33,9,88463,Hyderabad
3449,Ana Thomas,2,37,11,93987,Mumbai
3450,Rebecca Lee,4,44,20,133948,Bangalore
3451,James Greene,2,61,35,214047,Delhi
3452,Dana Williams,6,30,4,68465,Chennai
3453,Chelsea Nichols,1,53,28,178555,Bangalore
3454,Erin Brown,3,36,13,106925,Delhi
3455,Shelley York,2,58,33,206201,Delhi
3456,Stacey Clark,6,34,12,83667,Bangalore
3457,John Alvarado,4,26,0,37410,Hyderabad
3458,Jordan Potter,6,32,9,84171,Delhi
3459,Katrina Jimenez,4,31,5,56215,Hyderabad
3460,Frank Brooks,2,34,8,74493,Mumbai
3461,Michelle Simpson,4,62,37,214055,Bangalore
3462,James Morse,5,36,13,95458,Bangalore
3463,Amanda Robinson,5,63,40,224728,Mumbai
3464,Scott Foster,5,28,2,40036,Mumbai
3465,Stephen Duncan,1,61,38,214497,Bangalore
3466,Jacqueline Pierce,2,49,26,159472,Delhi
3467,Bradley Wallace,6,53,28,183120,Chennai
3468,Kevin Marshall,6,56,32,185650,Hyderabad
3469,Jessica Mcdonald,1,36,14,95597,Mumbai
3470,Robert Stewart,4,57,33,198203,Bangalore
3471,Christopher Hall,1,42,19,100102,Bangalore
3472,Heather Miller,4,27,1,41961,Bangalore
3473,Kayla Schneider,4,22,0,30890,Chennai
3474,Tammy Garcia,3,25,3,51187,Mumbai
3475,Andrew Gonzalez,6,32,6,77969,Hyderabad
3476,Gary Turner,5,47,25,164910,Chennai
3477,Melinda Hill,4,58,32,192175,Hyderabad
3478,Yolanda Murillo,3,44,22,125986,Mumbai
3479,Nancy Gaines,6,50,26,155486,Delhi
3480,Elijah Short,5,42,20,125763,Delhi
3481,Jennifer Sullivan,4,48,23,149637,Hyderabad
3482,Mary Kennedy,4,60,34,200049,Hyderabad
3483,Paige Hernandez,1,61,39,212793,Bangalore
3484,Darrell Curry,1,34,8,67386,Delhi
3485,Jose Hartman,6,44,19,120951,Chennai
3486,Miranda Murray,5,37,15,98257,Delhi
3487,Emily Lopez,4,51,29,184272,Hyderabad
3488,Melissa Clark,6,25,0,32442,Mumbai
3489,Justin Brooks,6,61,36,208281,Bangalore
3490,Bethany Harding,2,37,12,102747,Chennai
3491,Robert Flowers,1,52,26,163559,Bangalore
3492,Jason Jennings,5,63,38,208511,Hyderabad
3493,Richard Medina,4,46,20,141680,Bangalore
3494,Alexander Floyd,6,33,9,82533,Bangalore
3495,Brittany Cisneros,4,47,25,135016,Bangalore
3496,Mark Morrison,2,58,36,214165,Delhi
3497,Sharon Baird,5,54,31,188887,Mumbai
3498,James Ferguson,6,49,25,157608,Delhi
3499,Brian Hudson,4,30,5,75178,Hyderabad
3500,Steven Davis,1,33,8,83003,Bangalore
3501,Juan Johnson,2,26,2,55823,Mumbai
3502,Katherine Lopez,5,49,24,159691,Mumbai
3503,Victor Campbell,2,56,33,197356,Bangalore
3504,Matthew Jones,1,26,0,30000,Delhi
3505,Joseph Jackson,5,55,33,176728,Hyderabad
3506,Jennifer Moore,2,55,31,189906,Delhi
3507,Joshua Mendoza,3,34,12,101253,Mumbai
3508,Troy Glenn,1,60,34,193958,Bangalore
3509,Daniel Reynolds,1,63,39,211789,Bangalore
3510,Karen Munoz,1,35,9,84201,Delhi
3511,Laurie Shaw,3,32,7,59883,Mumbai
3512,Desiree Smith,3,63,38,215848,Mumbai
3513,Austin Ross,4,59,34,195559,Bangalore
3514,Kelly Kent,6,25,0,36804,Delhi
3515,Julia Johnston,2,54,28,186475,Bangalore
3516,Donna Ibarra,4,28,2,44128,Bangalore
3517,Michael Dawson,2,62,40,223427,Mumbai
3518,Louis Patrick,6,29,3,43402,Bangalore
3519,David Yoder,3,58,33,201222,Mumbai
3520,Judith Bartlett,6,31,8,72363,Delhi
3521,Keith Long,3,64,38,227826,Mumbai
3522,Cynthia Harrell,6,36,13,77643,Bangalore
3523,Mark Carter,4,59,34,197934,Hyderabad
3524,Melissa Bowen,5,36,10,87857,Bangalore
3525,Johnny Riddle,4,26,4,61092,Chennai
3526,Whitney Jones,2,50,28,161464,Mumbai
3527,Randall Nguyen,4,40,17,122394,Hyderabad
3528,David Hunter,1,31,9,73080,Mumbai
3529,Benjamin Neal,2,33,11,87450,Delhi
3530,Jane Reese,6,25,3,56475,Hyderabad
3531,Jennifer Smith,2,52,27,158061,Delhi
3532,Thomas Murphy,5,39,17,120824,Mumbai
3533,Kari Jones,3,37,13,101179,Delhi
3534,Dana Dodson,6,61,35,201630,Hyderabad
3535,Robert Skinner,2,57,35,194154,Delhi
3536,Albert Garcia,6,46,24,130993,Chennai
3537,Joseph Myers,6,44,22,137757,Bangalore
3538,Phillip Byrd,6,33,9,77043,Bangalore
3539,Hunter Robinson,3,55,33,195213,Pune
3540,Michael Robinson,4,57,35,203803,Bangalore
3541,Sara Cain,6,58,32,198760,Delhi
3542,Michelle Prince,1,24,0,46253,Bangalore
3543,Eric Williams,5,30,6,90844,Mumbai
3544,Raymond Wang,3,39,17,119009,Mumbai
3545,Jade Allen,2,64,40,218516,Mumbai
3546,Javier Hays,3,56,33,197909,Mumbai
3547,Corey Caldwell,2,55,31,195947,Delhi
3548,Stephen Robles,3,62,38,219799,Mumbai
3549,Carol Jackson,2,35,11,72105,Mumbai
3550,Brian Murphy,6,25,0,43042,Hyderabad
3551,Chelsey Clark,4,50,25,151061,Bangalore
3552,Teresa Martinez,2,62,37,201924,Mumbai
3553,Howard Thompson,2,36,12,95293,Mumbai
3554,Eugene Price,1,49,26,146193,Bangalore
3555,Austin Briggs,2,63,39,228885,Delhi
3556,Jackie Jones,1,37,15,111347,Hyderabad
3557,Eric George,5,33,10,82506,Hyderabad
3558,Mrs. Kimberly Mooney,6,26,1,38899,Chennai
3559,Carolyn Haley,1,55,29,174627,Bangalore
3560,Vicki Horton,4,63,40,216112,Hyderabad
3561,Valerie Benson,6,22,0,34383,Delhi
3562,Mark Henson,1,60,37,187344,Bangalore
3563,Samuel Olson,6,53,30,177909,Delhi
3564,Lee Richards,6,47,23,146413,Chennai
3565,Martin Hall,6,38,16,116961,Hyderabad
3566,Virginia Hall,5,48,22,145598,Mumbai
3567,Stephanie Parker,4,45,20,140418,Chennai
3568,Nicole Harvey,3,56,33,195676,Mumbai
3569,James Phillips,3,63,37,221992,Delhi
3570,Dan Johnson,1,60,37,231071,Bangalore
3571,Linda Bautista,6,47,25,155860,Hyderabad
3572,Erin Ramirez,1,59,33,196372,Bangalore
3573,Paige Meyer,5,44,19,137396,Bangalore
3574,Maria Roberts,5,43,20,126454,Bangalore
3575,Ryan Rivera,2,25,3,48146,Delhi
3576,Joshua Knox,5,30,4,61967,Chennai
3577,Danielle Mcdaniel,2,25,2,46179,Delhi
3578,Lisa James,4,28,5,60243,Hyderabad
3579,Jeremy Smith,1,44,19,135098,Bangalore
3580,Andrea Lee,4,23,1,30000,Bangalore
3581,Brenda Harris,5,45,21,152367,Bangalore
3582,Kevin Guerra,4,61,38,218687,Hyderabad
3583,Cynthia Miller,4,52,26,158797,Hyderabad
3584,Emily Griffith,4,52,27,178524,Hyderabad
3585,Christopher Wright,5,61,36,208628,Hyderabad
3586,Jerome Reid,6,64,41,229939,Chennai
3587,Richard Miller,4,55,32,184882,Chennai
3588,Jennifer Jackson,2,45,22,151341,Delhi
3589,Jonathan Moss,5,47,23,145425,Delhi
3590,Sally Leon,4,37,14,97532,Chennai
3591,James Dickerson,6,34,12,99390,Chennai
3592,Tammy Larson,5,36,10,96263,Bangalore
3593,Nicholas Scott,3,48,25,166552,Mumbai
3594,Jesse Brooks,6,25,1,47168,Chennai
3595,Andrea Taylor,2,37,11,100670,Chennai
3596,Christopher Lopez,4,51,26,158725,Hyderabad
3597,Jonathan Swanson,3,51,28,176006,Mumbai
3598,Timothy Bentley DVM,3,57,31,191440,Mumbai
3599,John Davidson,5,24,0,41643,Bangalore
3600,Jennifer Williams,3,43,19,114243,Mumbai
3601,Janice Cunningham,2,43,21,130594,Delhi
3602,Jeffrey Scott,2,33,10,82834,Mumbai
3603,Miranda Hicks,1,42,20,133252,Bangalore
3604,Michael Horton DDS,2,25,1,61305,Delhi
3605,Nancy Allen,6,52,26,168873,Delhi
3606,Robert Mccoy,3,52,26,155519,Mumbai
3607,Melissa Brewer,2,44,20,127558,Mumbai
3608,Jesus Becker,5,41,17,128418,Mumbai
3609,Lance Lynn,1,36,13,93106,Bangalore
3610,Alexandria Wise,3,44,19,136049,Mumbai
3611,Sydney Sanders,1,49,27,162837,Bangalore
3612,Stephanie Stone,3,37,15,104168,Mumbai
3613,Jay Gallegos,5,58,32,186127,Delhi
3614,Eric Ponce,1,42,16,90628,Bangalore
3615,Janet Parker,4,36,13,101618,Hyderabad
3616,Shawn Luna,6,38,14,94782,Delhi
3617,Mark Frank,6,58,36,192853,Chennai
3618,Charles Goodman,3,34,11,89882,Mumbai
3619,Jennifer Parker,4,40,14,113836,Chennai
3620,Dr. April Jones,1,51,25,143725,Bangalore
3621,Kelly Pena,4,39,17,122927,Bangalore
3622,Carolyn Brooks,4,35,9,74874,Bangalore
3623,Christina White,1,57,31,190691,Mumbai
3624,Joanne Olsen,5,57,32,193631,Mumbai
3625,Anthony White,4,41,17,115646,Hyderabad
3626,Deanna Barrera,4,40,14,105838,Bangalore
3627,Mark Weber,5,28,3,49530,Mumbai
3628,Carol Carter,4,25,2,47708,Bangalore
3629,Donald Peterson,4,55,29,178137,Bangalore
3630,Karen Chambers,4,23,0,30000,Hyderabad
3631,Antonio Walton,6,26,0,30000,Hyderabad
3632,Kevin Huerta,2,31,9,85366,Bangalore
3633,Joseph Smith,5,53,28,171832,Mumbai
3634,Victoria Juarez,4,63,38,224158,Bangalore
3635,Kara Rogers,6,62,40,217636,Hyderabad
3636,Jacob Wu,5,34,10,77804,Bangalore
3637,Dr. Teresa Ortega MD,3,60,35,195005,Mumbai
3638,Henry Rivera,3,26,3,48853,Mumbai
3639,Jesus Hale,4,31,6,68659,Hyderabad
3640,Stacy Taylor,6,31,7,65949,Mumbai
3641,Sheila Ramirez,6,59,36,217918,Mumbai
3642,Robin Richardson,5,48,25,148562,Chennai
3643,Mary Alvarez,5,42,20,130990,Mumbai
3644,Cole Andersen,6,29,3,46835,Chennai
3645,Robin Smith,5,22,0,30000,Mumbai
3646,Angel Aguirre,6,49,23,147209,Mumbai
3647,Jeremy Lawson,2,60,38,206938,Bangalore
3648,Lonnie Miller,6,35,9,82815,Chennai
3649,Timothy Galvan,3,42,17,122022,Delhi
3650,Dr. Susan Navarro,5,51,28,176546,Bangalore
3651,Cory Thomas,6,42,16,106360,Bangalore
3652,Laura Vincent,6,30,5,63442,Bangalore
3653,Bethany Robles,5,38,14,102704,Mumbai
3654,Michael Dunn,2,26,4,39014,Delhi
3655,Carol Griffin,2,52,28,159969,Mumbai
3656,Matthew Allen,5,61,36,211599,Delhi
3657,Paul Keller,1,59,35,191078,Bangalore
3658,Jeffrey Baldwin,5,64,40,224812,Bangalore
3659,Timothy Orr,5,40,15,92120,Chennai
3660,Connie Scott,2,57,34,195176,Delhi
3661,Steven Martinez,2,54,28,154971,Delhi
3662,Joseph Swanson,5,34,12,86563,Chennai
3663,Michael Wiggins,5,35,9,78598,Delhi
3664,Pamela Burke,5,54,32,186384,Chennai
3665,Jamie Love,2,50,24,150579,Delhi
3666,Jane May,5,64,40,215512,Delhi
3667,Savannah Stokes,5,57,34,186262,Mumbai
3668,Brian Miller,4,31,7,57387,Hyderabad
3669,Patrick Pineda,1,52,29,174151,Delhi
3670,Audrey Richardson,3,27,2,49298,Mumbai
3671,Tiffany Ray,1,22,0,40355,Bangalore
3672,Antonio Nichols,4,28,6,59198,Bangalore
3673,Veronica Flores,3,48,23,132825,Mumbai
3674,Michael Hogan,5,42,16,112472,Hyderabad
3675,Lindsay Walker,4,49,24,151488,Chennai
3676,Joshua Murray,5,37,12,85682,Chennai
3677,Tommy Hood,2,44,21,126341,Delhi
3678,Mr. Kyle Thomas DDS,6,41,16,117407,Hyderabad
3679,Michele George,4,59,37,209704,Bangalore
3680,William Martinez,2,46,22,149862,Chennai
3681,Michelle Mendoza DVM,4,49,26,172176,Hyderabad
3682,Michael Bennett DVM,4,26,3,38277,Bangalore
3683,Ronald Clark,2,42,16,111649,Delhi
3684,Rita Graves,3,39,15,108889,Delhi
3685,Sean White,1,27,4,57908,Bangalore
3686,Mr. William Hopkins,5,50,25,164227,Mumbai
3687,Wendy Kelley,4,40,17,121928,Hyderabad
3688,Michael Mooney,5,54,31,191007,Mumbai
3689,Jeanne Rose,6,22,0,35490,Mumbai
3690,Michael Lee,2,24,0,32371,Delhi
3691,Jennifer Anderson,5,63,40,239799,Mumbai
3692,Lauren Trujillo,2,42,19,126726,Delhi
3693,Michelle Ellis,5,56,30,178865,Mumbai
3694,Chad Dominguez,1,62,38,207422,Bangalore
3695,Charles Robinson,1,61,39,219575,Bangalore
3696,Nancy Smith,1,24,0,45435,Bangalore
3697,Laura Gregory,1,46,20,129796,Bangalore
3698,Brittany Clements MD,1,59,36,204332,Bangalore
3699,Tammy Davis,1,41,18,122793,Bangalore
3700,Catherine Williams,2,55,33,193877,Delhi
3701,Miss Leslie Booker,4,42,19,123421,Chennai
3702,Jennifer Johnson,5,44,19,124751,Chennai
3703,John Watts,1,27,4,50913,Bangalore
3704,Marissa Bennett,2,34,11,79047,Delhi
3705,Rebecca Barrett,2,44,19,121738,Delhi
3706,Sharon Santos,2,30,8,66223,Delhi
3707,Matthew Richardson,4,38,13,87362,Bangalore
3708,Bradley Burns,5,23,0,44143,Mumbai
3709,Katrina Johnson,4,40,15,111976,Hyderabad
3710,Laura Hill,3,40,16,113737,Mumbai
3711,Rebecca White,2,28,2,59636,Mumbai
3712,Mr. Jeffrey Duncan,3,63,40,229942,Pune
3713,Arthur Stout,6,63,37,207383,Hyderabad
3714,Cathy Hess,1,41,19,133687,Bangalore
3715,Justin Herrera,1,30,8,80378,Bangalore
3716,Katherine Stone,4,38,13,90756,Chennai
3717,Michelle Tyler,5,48,22,150422,Chennai
3718,Paul Sheppard,3,23,0,32462,Delhi
3719,Catherine George,5,57,35,207477,Mumbai
3720,Justin Mcbride,4,40,17,113396,Bangalore
3721,Carl Harris,1,38,14,98933,Bangalore
3722,Justin York,5,26,4,50357,Chennai
3723,William Hunter,5,60,35,195322,Mumbai
3724,Joshua Henderson,1,39,15,96057,Bangalore
3725,April Turner,3,28,2,30000,Pune
3726,Kelly Patton,1,38,15,98262,Bangalore
3727,Jill Ray,5,60,38,234644,Chennai
3728,Kelly Andersen,3,57,33,196326,Mumbai
3729,Joshua Clark,3,61,37,226213,Mumbai
3730,Robert Young,1,25,3,46554,Bangalore
3731,Elijah Wall,5,59,33,191153,Delhi
3732,Lindsey Robinson,4,46,20,147532,Bangalore
3733,Carl Dean,5,26,1,46306,Delhi
3734,David James,2,51,25,149657,Chennai
3735,Jennifer Miller,6,33,8,81263,Bangalore
3736,Jeffery Neal,4,25,1,52107,Hyderabad
3737,Andrea Oconnor,3,45,23,131677,Mumbai
3738,Melissa Lee MD,4,50,24,156317,Bangalore
3739,Samantha Jacobs,3,30,5,51206,Delhi
3740,Christian Riddle,3,25,1,51674,Mumbai
3741,Alexander Munoz,4,45,19,130945,Chennai
3742,Caleb Rodriguez,3,35,12,97637,Mumbai
3743,Andrea Bowman,3,26,2,45060,Mumbai
3744,Gavin Nelson,2,39,13,86647,Chennai
3745,Courtney Smith,5,63,39,217168,Mumbai
3746,Wayne Gray,5,40,18,127038,Chennai
3747,Timothy Thompson,6,33,11,102649,Mumbai
3748,Elizabeth Nicholson,6,39,17,117158,Hyderabad
3749,Joseph Graves PhD,2,38,15,101209,Bangalore
3750,Lisa Mosley,6,51,29,175585,Bangalore
3751,Travis Price,4,45,22,146319,Chennai
3752,Patrick Faulkner,1,32,10,83062,Bangalore
3753,Linda Atkinson,1,56,32,188369,Bangalore
3754,Cameron Smith,1,44,18,126108,Bangalore
3755,Brittney Martinez,2,38,12,96548,Delhi
3756,Nicolas Brown,2,22,0,37382,Mumbai
3757,Vanessa Zimmerman,3,36,10,101420,Mumbai
3758,Lee Mann,1,53,31,164433,Bangalore
3759,William Lindsey,4,30,8,70692,Bangalore
3760,Desiree Patterson,6,36,11,82841,Hyderabad
3761,Sierra Cervantes,4,49,24,160846,Hyderabad
3762,Scott Meza,6,45,20,131472,Delhi
3763,Erik Davis,1,56,33,195777,Bangalore
3764,Nicholas Duffy,1,43,18,134618,Bangalore
3765,Anthony Paul,1,48,26,148551,Bangalore
3766,Katherine Baxter,2,40,16,108379,Delhi
3767,Jessica Romero,6,33,8,86792,Mumbai
3768,Karen Robertson,2,41,16,104831,Chennai
3769,Dr. Melissa Sullivan DDS,2,22,0,31049,Delhi
3770,Nichole Klein,5,42,20,116197,Bangalore
3771,Nicole Sanchez,4,22,0,45906,Hyderabad
3772,Tiffany Morrow,4,31,6,62150,Hyderabad
3773,Kelsey Lynch,3,53,29,176509,Delhi
3774,Traci Craig,2,60,38,219007,Delhi
3775,Kelly Walker,6,43,17,113274,Chennai
3776,Ryan Palmer,5,39,16,96167,Mumbai
3777,Jenny Gray,5,53,29,171944,Delhi
3778,Brian Sloan,4,48,24,148313,Chennai
3779,Joshua Miranda,2,49,25,154415,Delhi
3780,Edwin Carter,3,39,14,103960,Mumbai
3781,Oscar Carroll,2,60,34,195609,Mumbai
3782,Eric Fitzpatrick,1,50,27,158799,Bangalore
3783,Samantha Johnson,2,39,17,117281,Delhi
3784,Luke Freeman,1,29,7,61309,Bangalore
3785,Luis Murphy,1,52,26,161237,Hyderabad
3786,Aaron Zamora,3,55,31,178596,Mumbai
3787,Henry Garcia,6,28,4,58564,Chennai
3788,Bradley Robertson Jr.,4,57,33,201368,Chennai
3789,John Moore,2,39,15,117095,Delhi
3790,Courtney Foster,1,59,35,212214,Bangalore
3791,Jeffrey White,2,30,4,55927,Delhi
3792,Ashley Gonzales,6,30,5,60099,Delhi
3793,Candice Gomez,4,29,6,54248,Hyderabad
3794,Ian Harrell,6,56,32,185059,Mumbai
3795,Colton Williams,4,39,14,101945,Chennai
3796,Patrick Santana,5,26,4,48862,Delhi
3797,Cristian Mendoza,4,35,9,77125,Chennai
3798,Deborah Fisher,3,49,24,137818,Mumbai
3799,Rebecca Klein,6,51,27,153564,Delhi
3800,Phillip Macias,1,25,1,42456,Bangalore
3801,Tammy Cameron,5,60,36,207256,Mumbai
3802,Brian Rodriguez,3,41,16,117664,Mumbai
3803,Christopher Porter,2,46,22,138728,Chennai
3804,Cynthia Gregory,6,49,24,151493,Hyderabad
3805,William Mclaughlin,1,33,9,89704,Bangalore
3806,Dylan Tucker,4,23,1,39276,Hyderabad
3807,Danielle Hernandez,1,64,42,227343,Bangalore
3808,Danielle Wang,2,35,12,83072,Mumbai
3809,Wendy Wright,5,43,19,133079,Hyderabad
3810,Christina Mccarthy,5,52,28,155373,Chennai
3811,Meredith Shaw,6,44,19,121192,Hyderabad
3812,Willie Garza,5,41,16,117148,Delhi
3813,Crystal Anderson,6,59,35,186647,Mumbai
3814,William Hickman,6,25,2,40685,Mumbai
3815,Luis Davis,6,36,12,94833,Bangalore
3816,Jason Torres,4,45,20,129533,Hyderabad
3817,Crystal Rogers,3,46,22,132938,Mumbai
3818,Jordan Schneider,6,22,0,30252,Mumbai
3819,Derrick Ramirez,6,28,4,62735,Bangalore
3820,Jason Flores,3,52,26,176651,Mumbai
3821,Andrew Williams,1,33,8,77315,Bangalore
3822,Christy Kennedy,6,63,40,208293,Chennai
3823,Ashlee Lopez,4,26,0,44344,Hyderabad
3824,Heidi Torres,5,63,39,217528,Chennai
3825,Adam Arnold,5,59,34,189636,Chennai
3826,Erin Figueroa,2,33,7,66297,Mumbai
3827,Richard Rice,2,60,37,204037,Delhi
3828,Matthew Clark,5,39,14,93113,Hyderabad
3829,Stephen Anderson,5,23,0,35695,Chennai
3830,Barbara Willis,4,31,5,77925,Chennai
3831,Martha Lee,3,36,10,78006,Mumbai
3832,Tammy Jones,2,51,29,185678,Delhi
3833,Grace Swanson,3,38,14,104864,Mumbai
3834,Christina Le MD,4,25,0,37856,Chennai
3835,Joshua King,5,28,3,50124,Mumbai
3836,Sarah Meadows,6,62,37,206050,Hyderabad
3837,Stephanie West,3,52,26,164334,Delhi
3838,Susan Jones,5,60,36,210775,Chennai
3839,Timothy Gordon,5,55,32,167198,Mumbai
3840,Kyle Horton,1,27,2,68344,Bangalore
3841,Angel Knight,3,59,35,187412,Delhi
3842,Melissa Yang,6,55,31,178921,Delhi
3843,Michael Berg,3,36,14,80333,Mumbai
3844,Carol Christensen,5,35,10,83456,Hyderabad
3845,Richard Morales,6,27,1,40808,Hyderabad
3846,Clinton Moore,4,58,34,193106,Hyderabad
3847,Michael Suarez,1,53,29,176134,Delhi
3848,Joy Zimmerman,5,24,1,38949,Hyderabad
3849,Elizabeth Robinson,2,24,2,48707,Mumbai
3850,Kristen Jackson,2,43,19,116801,Delhi
3851,David Williams,1,43,19,127319,Bangalore
3852,Stephen Ho,4,31,5,58246,Bangalore
3853,Richard Day,5,24,0,34437,Hyderabad
3854,Rodney Nichols,3,33,10,85362,Delhi
3855,Gregory Jacobs,1,50,27,159065,Bangalore
3856,Bradley Thornton,4,38,15,105858,Hyderabad
3857,Miranda Ortiz,3,28,2,39966,Pune
3858,Erika Brown,2,34,8,86164,Bangalore
3859,Samantha Robinson,2,23,1,45527,Delhi
3860,Cassandra Bonilla,3,25,0,39399,Delhi
3861,Veronica Osborne,1,31,6,64858,Bangalore
3862,Ashley Reese,2,60,38,212765,Delhi
3863,Matthew Berg,5,45,20,141192,Bangalore
3864,Kristen Montoya,6,38,12,101460,Mumbai
3865,Derrick Perkins,3,27,2,56726,Delhi
3866,Nicole Moore,3,40,14,102864,Mumbai
3867,Nicholas Richardson,2,26,4,57667,Delhi
3868,Anna White,1,53,30,186709,Hyderabad
3869,Scott Lopez,5,31,9,69890,Delhi
3870,Nicholas Holland Jr.,1,30,5,54187,Bangalore
3871,Christopher Long,4,48,22,145401,Hyderabad
3872,Andrea Jones,4,34,9,71020,Bangalore
3873,Terry Waller,6,40,15,94573,Bangalore
3874,Joseph Acosta,2,42,19,134897,Mumbai
3875,Lindsey Gray,2,45,20,143391,Chennai
3876,Ronald Hines,2,59,36,195959,Delhi
3877,Amanda Wright,6,25,0,30000,Chennai
3878,Charles Burton,4,45,19,123874,Hyderabad
3879,Vincent Rosario,1,56,33,201322,Bangalore
3880,Noah Morgan,6,24,2,41114,Mumbai
3881,Christina Castillo,6,25,0,39357,Chennai
3882,Jill Martin,1,58,36,206799,Bangalore
3883,Christopher Brown,2,61,35,205690,Bangalore
3884,Lori Martinez,5,56,30,192752,Mumbai
3885,Ashley Phillips,1,52,28,163240,Hyderabad
3886,Sara Thomas,4,46,21,136482,Bangalore
3887,Allison Simmons,3,61,36,209659,Mumbai
3888,Matthew Perez,3,34,12,91008,Mumbai
3889,Janice Henson,6,25,0,30000,Delhi
3890,Ashley Jackson,3,35,13,84319,Mumbai
3891,Brian Sosa,5,34,8,65452,Delhi
3892,Luis Wilson,2,48,24,156010,Delhi
3893,Tamara Huang,4,27,3,44936,Hyderabad
3894,Cassandra Moreno,5,38,12,99954,Hyderabad
3895,Meghan Hernandez,4,57,34,196693,Hyderabad
3896,Elizabeth Roth,4,61,38,207001,Hyderabad
3897,Brian Hendricks,2,56,31,176700,Delhi
3898,Tasha Cochran,6,38,16,111272,Delhi
3899,Angela Smith,3,62,38,216621,Mumbai
3900,Brittany Rios,2,23,0,40136,Delhi
3901,James Griffith,5,34,8,73739,Bangalore
3902,Karen Jones,6,23,0,30000,Delhi
3903,Tina Ramirez,5,49,27,162778,Hyderabad
3904,Zachary White,6,64,42,243759,Mumbai
3905,Francisco Coleman,5,47,24,133986,Hyderabad
3906,Jennifer Leon,2,43,18,116807,Delhi
3907,Robert Valdez,6,64,38,223123,Chennai
3908,Jason Crawford,6,24,0,39131,Delhi
3909,Kim Underwood,4,56,34,199640,Hyderabad
3910,Kevin Fisher,4,33,9,76262,Bangalore
3911,Melissa Goodman,1,45,19,116204,Bangalore
3912,Cynthia Smith,5,26,2,60171,Bangalore
3913,Alicia Grant DVM,4,41,16,122470,Hyderabad
3914,Amy Bailey,1,60,37,209906,Bangalore
3915,Sharon Fuentes,4,60,36,199866,Bangalore
3916,Charles Castaneda,5,34,11,83975,Hyderabad
3917,Susan Sanchez,6,62,36,210832,Chennai
3918,Amy Taylor,3,33,10,81186,Pune
3919,Michele Bennett,5,34,10,84284,Hyderabad
3920,Vincent Watson,2,31,7,83181,Mumbai
3921,Mary Jones,4,54,32,192789,Hyderabad
3922,Sheila Johnson,4,61,37,201933,Bangalore
3923,Bob Jones,6,37,14,102615,Chennai
3924,Robin Hernandez,2,56,34,190637,Bangalore
3925,Patrick Adkins,6,24,0,39783,Mumbai
3926,Elizabeth Jenkins,2,26,2,46293,Delhi
3927,Richard Dominguez,3,47,21,162241,Delhi
3928,Christopher Ibarra,4,32,10,85434,Bangalore
3929,Paul Gordon,4,28,2,48126,Hyderabad
3930,Ronnie Frazier,3,31,5,78044,Mumbai
3931,Kristen Gallegos,1,63,37,215344,Bangalore
3932,Kathryn Fletcher,6,55,30,167450,Hyderabad
3933,Christopher Dudley,3,24,0,36404,Delhi
3934,Vanessa Martinez,6,29,6,69309,Chennai
3935,Manuel Robinson,5,52,28,172876,Chennai
3936,Paul Hansen,4,32,7,79541,Hyderabad
3937,Rose Mcdonald,6,28,2,50429,Chennai
3938,Martin Wilcox,2,23,0,36864,Mumbai
3939,Robert Lucas,6,27,5,47280,Mumbai
3940,Brian Miller,5,62,40,235227,Delhi
3941,Sarah Johnson,4,53,29,171255,Chennai
3942,Joshua Jones,3,41,18,112963,Mumbai
3943,Nicole Parker,5,55,31,204123,Chennai
3944,Margaret Johnson,4,37,13,111940,Bangalore
3945,William Cunningham,6,46,21,133718,Delhi
3946,Rachel Williams,1,33,11,71654,Bangalore
3947,Tony Smith,1,28,6,57452,Bangalore
3948,Douglas Sanders,2,60,34,212233,Mumbai
3949,Paul Swanson,4,38,14,104613,Hyderabad
3950,Michele Davis,1,32,8,64204,Bangalore
3951,Patrick Garcia,3,27,4,61271,Mumbai
3952,Brittany Matthews,4,44,22,136721,Hyderabad
3953,Kevin Christian,3,48,25,148510,Pune
3954,Christian Ford,3,27,2,43417,Mumbai
3955,Anna Higgins,1,59,33,205351,Bangalore
3956,Rhonda Pena,4,23,0,40573,Hyderabad
3957,Candace Stuart,6,43,21,121811,Chennai
3958,Monica Curtis,5,41,16,116737,Delhi
3959,Gloria Floyd,1,46,22,141660,Bangalore
3960,Isaac Chase,1,36,11,86936,Bangalore
3961,Steven Schroeder,6,50,27,160158,Delhi
3962,Daniel Bishop,4,29,7,60979,Chennai
3963,Christian Burton,4,58,35,195399,Hyderabad
3964,Robert Thomas PhD,3,54,30,180717,Pune
3965,Tracy Harrington,6,43,19,124479,Mumbai
3966,Brandon Edwards,6,26,4,58165,Delhi
3967,Candice Ramirez,4,60,34,193320,Bangalore
3968,Brandon White,3,39,14,110059,Delhi
3969,Deanna Kennedy,1,59,34,208915,Bangalore
3970,Shawn Santos,2,58,34,197145,Chennai
3971,Caleb Carroll,5,51,28,171965,Mumbai
3972,Scott Morales,1,52,29,176977,Bangalore
3973,Sylvia Anderson,4,31,5,59283,Hyderabad
3974,Ryan Crane,5,36,13,101806,Bangalore
3975,Michael Hunter,2,63,38,199052,Mumbai
3976,Shawn Fleming,2,39,16,90067,Delhi
3977,Maria Figueroa,3,44,18,121764,Delhi
3978,Roberto Smith,5,54,29,179967,Hyderabad
3979,Donna Moore,3,37,14,101319,Pune
3980,Benjamin Price,1,59,34,204366,Bangalore
3981,Brandon Owens,6,56,32,178186,Mumbai
3982,Stephanie Marshall,6,55,31,190162,Mumbai
3983,Nicholas Lowery,6,49,25,167930,Chennai
3984,Patricia Gonzalez,5,23,0,30628,Mumbai
3985,Evan Davies,6,51,25,163467,Hyderabad
3986,Dr. John Ramirez,1,34,9,81082,Bangalore
3987,Christopher Harrison,3,62,40,226534,Mumbai
3988,Erica Johnson,5,37,13,111514,Mumbai
3989,Jamie Mayer,3,26,2,49418,Pune
3990,Jeffrey Kennedy,5,49,27,168015,Mumbai
3991,Sean Cisneros,3,60,38,203495,Mumbai
3992,Debra Reid,2,41,18,126669,Delhi
3993,Benjamin Sullivan,3,45,20,145480,Delhi
3994,Michael Savage,6,48,24,142811,Chennai
3995,Mckenzie Green,2,51,25,154715,Mumbai
3996,Anna Valenzuela,3,48,25,159189,Mumbai
3997,Paul Martin,5,47,24,152582,Chennai
3998,Jason Alvarez,5,28,2,38322,Mumbai
3999,Caitlyn Horton,5,63,37,215019,Bangalore
4000,Michael Price,4,59,33,192238,Hyderabad
4001,Richard Harper,1,26,4,46050,Bangalore
4002,Michael Jensen,5,44,20,142253,Chennai
4003,William Mcmillan,2,49,27,161943,Bangalore
4004,Nancy Stewart,5,55,31,190964,Bangalore
4005,Jimmy Hernandez,4,36,14,91412,Chennai
4006,Ashley Cordova,6,53,28,174911,Delhi
4007,Joseph Smith,2,47,23,153993,Delhi
4008,Ronnie Martinez,4,52,29,170562,Chennai
4009,Wayne Davis,6,40,16,108622,Hyderabad
4010,William Fisher,2,30,6,55165,Delhi
4011,Carol Gray,3,50,26,152655,Pune
4012,Tristan Bonilla,1,60,35,199478,Bangalore
4013,Alexis Cervantes,1,25,3,41292,Bangalore
4014,Steven Shaw,4,24,1,34756,Hyderabad
4015,Melissa Banks,6,50,28,167864,Delhi
4016,Jason Bell,1,32,10,84222,Bangalore
4017,Kelly Hubbard,6,54,28,180126,Hyderabad
4018,Christopher Patterson,6,59,34,192305,Delhi
4019,Kurt Daniels,4,32,6,68185,Chennai
4020,Ryan Barker,4,48,23,143358,Hyderabad
4021,Douglas Oliver,4,54,32,181493,Hyderabad
4022,Shannon Cowan,1,42,20,126470,Delhi
4023,Ashley Banks,4,60,35,201530,Hyderabad
4024,Jennifer Crawford,1,52,30,178003,Bangalore
4025,Tammy Garcia,4,59,37,206257,Hyderabad
4026,Kevin Johnson,5,23,0,46018,Mumbai
4027,Jason Walker,6,48,22,129564,Chennai
4028,James Gonzalez,4,57,31,193931,Hyderabad
4029,Caleb Ponce,2,32,6,65051,Chennai
4030,Jennifer Hoover,6,39,15,106389,Chennai
4031,Natalie Smith,6,22,0,34923,Mumbai
4032,Danny Campbell,4,56,30,186445,Hyderabad
4033,Deborah Roberson,3,56,30,173757,Mumbai
4034,Jennifer Allen,4,52,29,167245,Bangalore
4035,Jennifer Smith,6,49,27,165904,Mumbai
4036,James Montoya,2,60,34,186014,Mumbai
4037,Lindsay Rogers,6,22,0,34726,Chennai
4038,Wendy Allen,2,46,20,127418,Delhi
4039,Cheryl Newman,1,64,39,213834,Bangalore
4040,Rebecca Lane,5,59,35,188792,Delhi
4041,Mark Madden,6,41,15,116478,Chennai
4042,Tanner Holmes,4,24,0,38670,Chennai
4043,Brett Owen,1,23,0,30821,Bangalore
4044,Lynn Mueller,5,39,14,103083,Delhi
4045,Lori Green,4,31,8,65056,Chennai
4046,Tiffany Harris,3,26,0,35510,Mumbai
4047,Jeffrey Fuller,4,30,7,67513,Hyderabad
4048,Alyssa Zimmerman,2,23,0,36711,Delhi
4049,Angela Reyes,2,55,31,186236,Delhi
4050,Bianca Chavez,3,59,37,194453,Mumbai
4051,Heather Allen,1,52,30,179161,Delhi
4052,Elizabeth Nichols,5,31,7,56496,Mumbai
4053,Richard Hartman,4,33,11,90152,Bangalore
4054,Mary Hill,2,57,31,183793,Delhi
4055,Lori Little,1,42,16,123731,Bangalore
4056,Ashley Stevens,3,27,2,42604,Delhi
4057,Ashley Campbell,6,24,0,43646,Chennai
4058,Anna Snyder,2,31,8,64460,Delhi
4059,Ryan Myers,3,26,1,44147,Mumbai
4060,Alex Jones DVM,4,47,21,122195,Hyderabad
4061,Michael Brooks,5,42,17,125564,Chennai
4062,Terry Stokes,2,47,25,166314,Mumbai
4063,Adam White,2,59,36,199814,Delhi
4064,Lisa Johnson,4,47,24,149981,Hyderabad
4065,Wendy Webb,6,29,3,57450,Bangalore
4066,Kimberly Moore,1,26,1,30897,Bangalore
4067,Tammy Lee,5,36,14,94807,Chennai
4068,Alexander Hunt,2,37,12,88511,Delhi
4069,Sean Wilson,5,22,0,54256,Mumbai
4070,Garrett Robinson,2,37,12,103366,Bangalore
4071,Teresa Adams,5,58,32,188463,Delhi
4072,Dr. Gregory Arnold,3,24,0,43632,Mumbai
4073,Patrick Simpson,2,52,29,174189,Chennai
4074,Jennifer Lee,5,34,12,96144,Mumbai
4075,Michael Clay,1,37,11,83071,Bangalore
4076,James Silva,3,64,40,236387,Mumbai
4077,Emily Bauer,3,42,20,122858,Delhi
4078,Katherine Andrade,1,23,1,33972,Bangalore
4079,Paul Cabrera,5,48,25,158421,Mumbai
4080,Lisa Patterson,4,59,36,208166,Bangalore
4081,Jacqueline Chen,1,47,24,149185,Bangalore
4082,Christopher Johnson,5,59,33,201616,Hyderabad
4083,Laurie Carter,1,46,21,128011,Bangalore
4084,Maria Sanford,1,32,10,96754,Bangalore
4085,Allen White,2,29,4,53394,Delhi
4086,Richard Howard,5,29,4,56692,Hyderabad
4087,Matthew Watson,4,54,31,196778,Hyderabad
4088,Barbara Flores,2,28,3,47024,Delhi
4089,Gary Marshall,1,59,37,217084,Bangalore
4090,Stephanie Hoffman,6,42,20,127285,Mumbai
4091,Lance Rose,1,29,5,54165,Bangalore
4092,Donald Franklin,1,42,16,111930,Bangalore
4093,Shannon Jones,5,41,16,118330,Delhi
4094,Jennifer Avila,5,29,3,62014,Hyderabad
4095,Francisco Gonzalez,2,52,26,163804,Chennai
4096,Kathleen Mooney,4,50,24,139816,Hyderabad
4097,Caleb Jackson,2,30,4,63684,Bangalore
4098,James Ray,3,36,14,99662,Pune
4099,Mason Chase,1,51,26,151980,Bangalore
4100,Susan Mitchell DVM,6,47,23,148271,Hyderabad
4101,Steven Hull,1,31,5,72370,Bangalore
4102,Matthew Jones,1,50,26,159653,Bangalore
4103,Robert Cummings,2,37,15,112886,Delhi
4104,Paul Ross,6,57,35,203199,Mumbai
4105,Emily Salazar,6,41,18,124602,Bangalore
4106,Michael Gibson,6,58,32,187756,Hyderabad
4107,Tracy Martinez,2,43,20,136749,Delhi
4108,Luke Johnson,1,28,4,63513,Bangalore
4109,Adam Garcia,2,44,19,134241,Bangalore
4110,Michael Graham,5,62,39,216989,Delhi
4111,Corey Barrera,5,61,39,226180,Mumbai
4112,Steven Mayo,2,50,24,155690,Delhi
4113,Shawna Green,6,37,13,90721,Mumbai
4114,Ashley Valentine,1,59,37,205848,Delhi
4115,Gary Salazar,2,49,24,147156,Mumbai
4116,Debra Jackson,2,59,33,178996,Chennai
4117,Joe Martinez,2,52,27,173527,Delhi
4118,Nicole Barron,3,35,10,110409,Mumbai
4119,Jennifer Griffin,5,54,28,181066,Delhi
4120,Joseph Lane,6,30,4,59902,Delhi
4121,Vanessa Morris,4,48,23,142573,Bangalore
4122,Courtney Baker,6,45,21,128699,Chennai
4123,Bradley Hansen,4,34,8,78605,Hyderabad
4124,Mary Moss,3,47,25,160246,Mumbai
4125,Blake Bonilla,2,50,27,157703,Delhi
4126,Adam Robinson,3,64,40,245914,Mumbai
4127,Chelsea Garcia,3,49,23,136828,Delhi
4128,Kevin Rose,1,49,23,149695,Bangalore
4129,Paige Collins,5,29,5,61462,Hyderabad
4130,Christian Wagner,4,44,21,134953,Hyderabad
4131,Colleen Cox,2,50,25,151549,Delhi
4132,Shawna Palmer,4,26,4,54459,Bangalore
4133,Chelsea Ramirez,6,63,37,210101,Chennai
4134,Eric Kane,4,28,5,70003,Chennai
4135,Bridget Walter,6,63,41,240666,Hyderabad
4136,Cynthia Shannon,5,57,33,189391,Chennai
4137,Allen Stanley,6,62,36,195840,Chennai
4138,Derek Mcintosh,4,48,23,149241,Bangalore
4139,Jeffrey Hernandez,4,23,0,38452,Chennai
4140,Katie Brown,6,46,20,134641,Delhi
4141,Brent Wong,3,30,7,73363,Mumbai
4142,Jenny Carter,5,48,26,168252,Mumbai
4143,Kirk Moreno,1,22,0,41663,Mumbai
4144,Jeffrey Maldonado DDS,2,44,18,128651,Delhi
4145,Colleen Brown,4,31,7,76331,Hyderabad
4146,Derek Jones,2,63,38,219211,Mumbai
4147,Darrell Oliver,1,46,23,136736,Bangalore
4148,Jenna Garcia,2,24,0,49003,Delhi
4149,Sherry Adams,1,27,4,55820,Bangalore
4150,Richard Bailey,6,27,5,50932,Hyderabad
4151,Kyle Gross,3,23,0,30000,Pune
4152,Jonathan Graves,4,39,16,104057,Bangalore
4153,Eric Knox,1,44,18,114538,Bangalore
4154,Ethan Jones,2,23,0,41551,Delhi
4155,Steven Thomas,4,33,9,78299,Hyderabad
4156,John Cook,3,43,17,125908,Delhi
4157,Dennis Jones,6,58,35,210055,Mumbai
4158,Sarah Wheeler,4,41,16,121086,Hyderabad
4159,Lauren Freeman,1,60,34,204672,Bangalore
4160,Brian Fuentes,3,45,20,134900,Mumbai
4161,Wanda Conley,2,41,16,112277,Delhi
4162,Carol Thomas,3,22,0,34010,Delhi
4163,Eric Fitzgerald,3,22,0,39674,Pune
4164,Nicholas Fritz,5,38,12,88509,Mumbai
4165,John Diaz,3,22,0,34568,Pune
4166,Harold Mckinney,3,51,29,165357,Pune
4167,Patricia Vincent,4,62,39,228883,Bangalore
4168,Linda Rodriguez,2,24,1,46636,Delhi
4169,Monica Smith,4,32,7,88599,Hyderabad
4170,Selena Hopkins,4,45,19,123038,Chennai
4171,Jonathan Sanchez,1,43,17,114496,Bangalore
4172,Valerie Howard,4,47,23,145960,Bangalore
4173,Cheryl Blevins,5,34,10,78596,Mumbai
4174,Tracie Wiley,5,22,0,39300,Delhi
4175,Stephanie Cole,1,45,21,135692,Mumbai
4176,Kelsey Baker,6,31,7,66391,Bangalore
4177,Stacy Myers,2,56,34,203500,Delhi
4178,Xavier Parker,2,45,23,128303,Mumbai
4179,Joseph Cooper,4,49,25,159236,Bangalore
4180,Jessica Gibson,4,57,31,181090,Chennai
4181,Rebecca Roberts,6,37,13,105034,Mumbai
4182,Kathryn Jennings,4,61,36,216250,Chennai
4183,Chris Levy,2,37,12,76789,Delhi
4184,Mary Torres,3,38,13,98007,Pune
4185,Robert Smith,5,36,13,97765,Hyderabad
4186,Douglas Watkins,3,37,12,76137,Pune
4187,Eric Jordan,3,36,10,88622,Pune
4188,April King,2,55,32,182375,Delhi
4189,Douglas Trevino,3,32,9,68854,Mumbai
4190,Patricia Moore,6,22,0,30000,Bangalore
4191,Devin Ferrell,1,36,12,87213,Bangalore
4192,Kevin Miller,4,47,25,147933,Hyderabad
4193,John Gomez,1,25,1,43580,Bangalore
4194,Mandy Henderson,5,64,40,233249,Hyderabad
4195,Annette Green,4,26,3,49677,Chennai
4196,Eric Elliott,3,56,33,200122,Mumbai
4197,Erica Lane,5,34,11,79532,Bangalore
4198,Christina Taylor,4,31,5,64523,Bangalore
4199,Elizabeth Miller,6,32,6,84852,Bangalore
4200,Lori Gardner,6,39,17,102175,Mumbai
4201,Shawn Kim,6,55,32,173569,Bangalore
4202,Jeremy Edwards,6,60,35,213339,Hyderabad
4203,Michelle Mcdonald,3,62,39,221264,Mumbai
4204,Jason Jenkins,1,63,37,208887,Bangalore
4205,Justin Bernard,4,44,21,125862,Hyderabad
4206,Peter Gilbert,3,28,2,48912,Mumbai
4207,David Hunt,6,60,37,211168,Mumbai
4208,Joshua Cunningham,1,24,0,38508,Bangalore
4209,Pedro Long,5,33,11,77584,Bangalore
4210,Aaron Aguirre,5,28,3,50004,Bangalore
4211,Julia Brown,5,47,21,133955,Chennai
4212,Ronald Santos,6,54,30,183571,Mumbai
4213,Brent Roberts,5,58,33,185056,Mumbai
4214,Mr. Antonio Yang,2,36,13,97908,Mumbai
4215,Nancy Brown,4,23,1,60773,Hyderabad
4216,Charles Yang,4,62,39,210310,Chennai
4217,Danny Lowe PhD,6,28,5,53721,Bangalore
4218,Eric Hays,2,53,28,169449,Delhi
4219,John Watts,3,25,3,30000,Delhi
4220,Aaron Munoz,3,41,17,105885,Mumbai
4221,Brent Harris,5,57,34,198485,Bangalore
4222,Ross Wallace,1,53,31,179294,Hyderabad
4223,Bryan Sullivan,3,49,25,163337,Delhi
4224,Dr. Sarah Payne,1,34,11,85995,Bangalore
4225,Melanie Villarreal,4,22,0,32390,Hyderabad
4226,Jessica Fields,1,56,31,178677,Bangalore
4227,Robert Sandoval,4,51,28,165057,Chennai
4228,Patrick Payne,2,57,34,186307,Mumbai
4229,Dylan Contreras,2,46,24,146620,Delhi
4230,Katherine Contreras,6,37,14,94229,Bangalore
4231,Michael Rodriguez,6,40,16,102913,Delhi
4232,Jeffery Johnson,5,22,0,30000,Mumbai
4233,Justin Smith,3,26,0,43409,Mumbai
4234,Matthew Barry,5,43,19,127838,Delhi
4235,Amanda Meadows,4,45,23,148440,Chennai
4236,Julie Sharp,5,64,40,218014,Chennai
4237,William Howard,1,58,32,190094,Bangalore
4238,Kathy Bailey,4,57,31,199114,Bangalore
4239,Jeanette Brown,6,57,34,207180,Delhi
4240,Heather Ball,2,25,2,35402,Bangalore
4241,Mike Buchanan,6,57,32,180932,Mumbai
4242,Phillip Turner,3,39,15,121479,Pune
4243,Thomas Brewer,4,37,12,98612,Hyderabad
4244,John Hopkins,4,62,36,207474,Hyderabad
4245,Tammy Rowe,1,39,16,108980,Bangalore
4246,Beverly Nguyen,3,43,20,132019,Delhi
4247,Hannah Williamson,2,23,0,38119,Mumbai
4248,Andrew Christian,4,42,20,124734,Hyderabad
4249,Brent Rodriguez,4,57,31,184194,Chennai
4250,Karen Wolf,1,60,37,205554,Mumbai
4251,Dr. Morgan Young,5,60,34,200949,Delhi
4252,Carrie Stafford,2,50,27,157199,Mumbai
4253,Jennifer Brown,6,47,23,135358,Hyderabad
4254,Ashley Bradford,3,42,16,126803,Mumbai
4255,Phillip Obrien,4,38,13,99143,Hyderabad
4256,Tammy Morris,4,37,15,119076,Bangalore
4257,Jamie Zhang,6,52,27,150041,Hyderabad
4258,Christina King,2,30,4,47004,Mumbai
4259,Dustin Harris,5,52,29,176234,Chennai
4260,Robert Stokes,4,35,9,81550,Hyderabad
4261,Kevin Soto,2,58,36,194938,Delhi
4262,Christina Patrick,6,23,0,45291,Chennai
4263,Heather Russell,1,35,12,85640,Bangalore
4264,Andrea Lopez,5,54,29,184488,Hyderabad
4265,Susan May,3,56,32,187236,Mumbai
4266,Ronnie Hudson MD,4,60,35,194540,Hyderabad
4267,Luke Hansen,2,41,18,115450,Delhi
4268,Austin Patterson,1,23,0,47177,Mumbai
4269,Benjamin Miller,3,62,40,220618,Mumbai
4270,Elizabeth Wilson,2,40,14,113378,Delhi
4271,Kyle Rivera,2,58,32,201403,Delhi
4272,Todd Nielsen,3,39,14,103756,Mumbai
4273,Michael Jones,1,37,13,96714,Bangalore
4274,Tracy Jones,6,25,1,38860,Hyderabad
4275,Sarah Frederick,1,33,11,89516,Bangalore
4276,Jennifer Brown,5,50,27,175147,Mumbai
4277,Ashley Ruiz,4,28,6,53383,Hyderabad
4278,Deborah Johnson,3,35,9,83853,Mumbai
4279,Dean Cook,6,33,10,84607,Hyderabad
4280,Brenda Payne,3,56,34,180366,Mumbai
4281,Tammy Alvarado,3,26,1,36200,Delhi
4282,Cynthia Jones,1,38,12,90739,Bangalore
4283,Sue Warner,4,63,39,226812,Hyderabad
4284,Amanda Zavala,5,53,31,188211,Hyderabad
4285,Linda Salazar,2,31,5,48296,Delhi
4286,Juan Potts,2,64,38,223513,Mumbai
4287,Andrew Johnson,3,38,14,107279,Mumbai
4288,Marie Reynolds,4,26,2,51427,Bangalore
4289,Samuel Mata,6,63,39,221921,Delhi
4290,Anthony Ayala,1,30,8,80203,Mumbai
4291,Kimberly Dalton,4,54,30,187772,Bangalore
4292,Nancy Tran,4,57,32,175929,Hyderabad
4293,Ralph Dominguez,1,57,31,185110,Bangalore
4294,Jeffery Taylor,3,39,15,105864,Delhi
4295,Steven Haas,4,30,4,54018,Bangalore
4296,Cory Kim,2,50,27,159463,Mumbai
4297,David Chapman,1,35,12,94094,Bangalore
4298,Paul Beasley,6,46,22,130427,Bangalore
4299,Laura Ritter,5,36,10,92164,Hyderabad
4300,Nathan Hess,3,27,4,52047,Mumbai
4301,Cameron White,1,63,39,227697,Bangalore
4302,Gregory Rios,5,50,24,147640,Mumbai
4303,Eduardo Obrien,5,36,12,88407,Mumbai
4304,Bryan Jones,6,50,24,145036,Chennai
4305,Joshua Simpson,4,25,2,40685,Hyderabad
4306,Heather Herman,6,39,15,101488,Delhi
4307,Micheal Pugh,4,60,37,213577,Bangalore
4308,Eileen Valdez,4,37,13,106876,Bangalore
4309,Debra Wolfe,1,32,10,85102,Mumbai
4310,Amy Mccullough,1,35,12,91980,Bangalore
4311,Lisa Ramirez,3,24,1,44795,Mumbai
4312,Chad Daugherty,4,63,38,216908,Hyderabad
4313,Patrick Clark,5,59,36,205628,Delhi
4314,Robert Thomas,2,63,37,211246,Delhi
4315,Melissa Santos,3,39,15,114592,Delhi
4316,Brian Porter,1,41,19,103772,Bangalore
4317,Donald Cruz,6,46,20,116737,Delhi
4318,Angela Ramirez,3,59,33,203117,Mumbai
4319,Kathleen Roy,3,34,8,75827,Mumbai
4320,Andrew Harris,3,25,0,45937,Mumbai
4321,Jeffrey Williams,3,35,13,91235,Mumbai
4322,Joshua Bailey,2,54,29,188293,Delhi
4323,Lee Barry,6,49,26,157307,Chennai
4324,Susan Patrick,6,58,32,193795,Delhi
4325,Nicole Peterson,6,29,6,60822,Mumbai
4326,Jessica Patterson,4,55,32,179422,Hyderabad
4327,Nancy Brown,5,26,0,30000,Chennai
4328,James Griffith,6,26,1,49585,Mumbai
4329,Shannon Hurley,3,52,29,175663,Mumbai
4330,Kenneth Carroll,3,30,6,66349,Mumbai
4331,Carla James,6,63,40,215091,Mumbai
4332,Tammy Anderson,6,53,27,178023,Delhi
4333,Robert Tapia,3,54,32,186246,Mumbai
4334,David Daniels,4,24,1,46523,Bangalore
4335,James Gilbert,1,51,26,160776,Bangalore
4336,Matthew Patton,1,33,9,70984,Bangalore
4337,Lisa Martinez,6,50,26,167539,Mumbai
4338,Erica Baker,2,24,2,48006,Mumbai
4339,Joel Gonzales,6,47,25,151048,Bangalore
4340,Vincent Castillo,6,51,28,171269,Delhi
4341,Claudia Brown,1,30,4,65140,Hyderabad
4342,Destiny Bishop,3,47,22,147281,Pune
4343,Austin White,6,23,0,30000,Mumbai
4344,Desiree Booth,3,24,2,32478,Pune
4345,Mark Thomas,3,25,0,44462,Pune
4346,Amber Wilson,2,46,20,128231,Delhi
4347,Michael Valencia,3,34,10,76011,Mumbai
4348,Amanda Love,1,60,36,209576,Bangalore
4349,Miguel Green,4,56,30,172168,Hyderabad
4350,Michael Mathews,4,44,20,127566,Bangalore
4351,Nathan Burke,5,30,4,65418,Delhi
4352,Billy Wallace,6,23,0,30000,Delhi
4353,Cynthia Nguyen,1,62,39,208553,Bangalore
4354,Rodney Perry,3,52,26,149112,Mumbai
4355,Sherri Thomas,4,23,0,30000,Chennai
4356,Richard Rogers,1,53,30,177861,Bangalore
4357,Matthew Ruiz,4,39,14,99449,Hyderabad
4358,Lisa Martin,3,34,10,96426,Delhi
4359,Timothy Buck,4,26,1,46942,Hyderabad
4360,Lee Morton,6,63,40,224049,Bangalore
4361,Priscilla Romero,6,31,5,73439,Hyderabad
4362,Hailey Lewis,5,64,42,221753,Bangalore
4363,Amanda Barber,5,46,21,144232,Bangalore
4364,Zachary Miller,4,55,33,188209,Hyderabad
4365,Timothy Walker,1,58,33,190057,Bangalore
4366,Laura Kelley,6,51,26,165688,Delhi
4367,Nicholas Abbott,1,28,2,45899,Bangalore
4368,Amber Kennedy,1,27,3,52955,Bangalore
4369,Jessica Adams,4,24,1,40100,Chennai
4370,Eileen Sanchez,1,34,11,90351,Bangalore
4371,Randall Cox,6,24,1,36843,Mumbai
4372,Paul Wilson,3,47,23,152914,Mumbai
4373,Nicholas Beard,5,45,23,126746,Chennai
4374,Harold Wagner,3,27,4,60127,Pune
4375,Martha Jacobs,1,64,42,217270,Bangalore
4376,Jason Hudson,3,63,39,214672,Mumbai
4377,Beth Medina,6,33,9,83878,Hyderabad
4378,Jennifer Richards,6,57,31,169390,Hyderabad
4379,David Mitchell,1,23,0,37531,Bangalore
4380,Brad Fisher,4,32,6,57029,Hyderabad
4381,Ms. Mackenzie Barton,3,60,37,202347,Pune
4382,Sherri Smith,4,55,31,174979,Chennai
4383,Dennis Spencer,4,47,23,134753,Chennai
4384,Natalie Martinez,2,39,14,90563,Bangalore
4385,Jeffrey Vaughn,1,42,17,135069,Bangalore
4386,Brandi Camacho DVM,5,57,33,191040,Chennai
4387,Heather Morales,6,61,37,201400,Mumbai
4388,Michelle Wilson,6,43,21,129203,Bangalore
4389,Stephanie Vargas,1,51,29,171593,Hyderabad
4390,Wendy Williams,5,64,38,215370,Chennai
4391,Heather Cole,6,51,26,150665,Hyderabad
4392,Jerry Davenport,1,29,4,50206,Bangalore
4393,John Taylor,6,55,31,192585,Bangalore
4394,Ralph Hendricks,4,30,6,54378,Chennai
4395,Angela Huang,3,41,15,94324,Pune
4396,Jacqueline Banks,3,61,36,204696,Delhi
4397,Jeffrey Romero,6,46,24,132346,Bangalore
4398,Theresa Davis,2,40,17,108821,Delhi
4399,Glenn Elliott,5,26,0,30000,Mumbai
4400,Lauren Anthony,5,32,9,68554,Bangalore
4401,Frank Flores,5,36,14,101356,Delhi
4402,Charles Cervantes,4,29,7,69956,Bangalore
4403,Virginia Clark,5,40,17,109652,Delhi
4404,Laura Gilbert,3,44,18,123644,Delhi
4405,Dustin Wilson,4,48,25,146854,Hyderabad
4406,Jeffrey Mcclure,1,61,35,207506,Bangalore
4407,Thomas Zhang,5,53,27,154878,Bangalore
4408,Tammy Estrada,5,47,23,146821,Chennai
4409,Daniel Roberson,1,48,23,148628,Hyderabad
4410,Alyssa Orr,5,40,15,127787,Delhi
4411,Kimberly Lloyd,1,63,41,213664,Delhi
4412,Ronnie Johnson,4,50,26,180846,Bangalore
4413,Tom Duncan,3,60,35,209153,Delhi
4414,Kelly Guerra,1,62,36,223618,Bangalore
4415,Brian Mccarthy,2,54,28,178642,Mumbai
4416,Jill Reynolds,1,40,17,108551,Hyderabad
4417,Sean Kaiser,5,58,35,205962,Mumbai
4418,Audrey Gomez,4,40,14,100274,Hyderabad
4419,Ricky Luna,6,54,28,170694,Mumbai
4420,Jonathon Hill,4,37,14,92602,Chennai
4421,Kayla Waters,6,44,19,122470,Bangalore
4422,Emily Middleton,1,28,6,70375,Bangalore
4423,Timothy Bauer,3,47,24,152503,Delhi
4424,Ryan Guerrero,2,53,28,178393,Delhi
4425,Amanda Walters,4,33,8,65017,Chennai
4426,Chad Bennett,5,29,4,42436,Bangalore
4427,Megan Baker,6,26,2,55613,Hyderabad
4428,Robert Gross,5,63,39,228921,Delhi
4429,Craig Liu,3,49,24,153092,Mumbai
4430,Shannon Curry,6,26,0,43153,Mumbai
4431,Austin Grant,4,47,23,152420,Bangalore
4432,Christopher Barnes,1,26,3,51752,Bangalore
4433,James Silva,5,43,19,130993,Hyderabad
4434,Kari Sandoval,3,36,10,93318,Mumbai
4435,Eric Hall,4,34,12,90651,Bangalore
4436,John Robles,4,49,25,152135,Hyderabad
4437,Howard Castillo,4,54,29,177956,Hyderabad
4438,Brian Ibarra,4,64,39,240016,Hyderabad
4439,Donna Montes,6,44,19,121118,Chennai
4440,Matthew Wilson,4,54,32,181954,Bangalore
4441,Francis Wilson,5,64,38,204348,Chennai
4442,Michele Ayala,3,39,16,114878,Mumbai
4443,Dr. John Jenkins,6,51,25,153060,Bangalore
4444,Earl Romero,4,47,25,141297,Hyderabad
4445,Rachel Brown,2,37,12,94491,Mumbai
4446,Deborah Stewart,2,34,8,89357,Mumbai
4447,Jeremy Ross,3,60,37,207283,Pune
4448,Debra Chandler,1,54,29,172815,Bangalore
4449,Robert Parker,1,47,24,160645,Mumbai
4450,Kenneth Jackson,6,22,0,34959,Bangalore
4451,Mario Gould,6,59,36,195738,Delhi
4452,Erin Jacobs,6,23,0,41711,Delhi
4453,Nathan Lang,1,27,3,60496,Hyderabad
4454,Michael Barr,2,59,34,196796,Delhi
4455,Kristen Pena,1,63,38,218243,Bangalore
4456,Heidi Gonzalez,5,45,21,125610,Hyderabad
4457,Joseph Heath,4,39,16,104435,Hyderabad
4458,Robert Lozano,6,48,26,154535,Hyderabad
4459,Daniel Quinn,2,62,40,223615,Delhi
4460,Amanda Smith,3,29,7,62942,Delhi
4461,Ashley Sanders,3,49,27,158933,Pune
4462,Mr. Eric Hall,4,31,5,62309,Hyderabad
4463,Danielle Nelson,2,38,16,102215,Delhi
4464,Richard Rios,1,50,26,157449,Bangalore
4465,Patrick Nelson,1,27,5,67747,Bangalore
4466,Benjamin Bowen,5,35,10,80831,Hyderabad
4467,Jennifer Smith,5,43,21,126492,Chennai
4468,Lisa Hernandez,1,27,4,71680,Bangalore
4469,Rebecca Lee,3,47,23,147304,Mumbai
4470,Emily Morris,6,60,36,200417,Mumbai
4471,Allison Hill,3,33,7,77848,Mumbai
4472,Dennis Douglas,5,56,31,186348,Hyderabad
4473,Eddie Davis,4,35,11,84538,Bangalore
4474,Kristina Webb,1,43,20,129808,Bangalore
4475,Kim Sanchez,5,44,22,136068,Mumbai
4476,Jonathan Long,5,28,4,64120,Hyderabad
4477,Joshua Rodriguez,6,61,38,220250,Chennai
4478,William Sanders,1,46,24,130656,Mumbai
4479,Jacob Hart,6,34,8,92623,Bangalore
4480,Evelyn Pacheco,1,42,18,119693,Bangalore
4481,Anna Jackson,6,62,38,229778,Bangalore
4482,Katherine Wright,3,31,8,79528,Mumbai
4483,Luis Wells,4,30,5,64085,Chennai
4484,Lacey Hall,4,36,10,86046,Hyderabad
4485,Darlene Collins,1,23,0,58270,Bangalore
4486,Chris Morris,2,46,22,138626,Delhi
4487,Jennifer Smith,5,34,9,75529,Mumbai
4488,Nicole Norton,5,55,33,185449,Mumbai
4489,Emily Pearson,1,55,29,176108,Bangalore
4490,Michael Robertson,6,56,31,184294,Bangalore
4491,Wendy Miller,2,59,37,216932,Delhi
4492,Michael Bennett,3,24,1,46965,Mumbai
4493,Carla Goodman,6,63,38,223275,Bangalore
4494,Jeffrey Stanton,6,27,1,42674,Delhi
4495,Jeff Jackson,1,40,18,125012,Bangalore
4496,Katelyn Curry,1,24,0,43650,Bangalore
4497,Jennifer Phillips,5,39,16,110765,Bangalore
4498,Edward Weeks,1,60,35,205333,Bangalore
4499,Kelly Gilbert,1,30,8,78840,Bangalore
4500,Matthew Thomas,1,33,8,77889,Bangalore
4501,Christine Mendez,5,26,0,42252,Chennai
4502,Kelly King,3,24,0,48656,Mumbai
4503,Timothy Ho,3,32,10,83752,Mumbai
4504,Sarah Taylor,1,51,29,166438,Delhi
4505,Sandra Smith,5,25,3,38334,Bangalore
4506,Chris Jones,3,26,4,54705,Mumbai
4507,Emily Lopez,6,22,0,32348,Delhi
4508,Kimberly Rivera,3,48,22,149666,Pune
4509,John Moore,3,49,26,171021,Mumbai
4510,Justin Perez,5,50,24,144362,Mumbai
4511,Tanya Hill,6,39,17,107813,Chennai
4512,Shawna Silva,5,33,8,76006,Mumbai
4513,Marcus Powell,1,34,9,74500,Bangalore
4514,Joshua Hopkins,4,62,40,221223,Hyderabad
4515,Christian Cross,3,23,0,31910,Pune
4516,Dennis Garcia,4,58,36,196137,Hyderabad
4517,Laurie Miranda,5,37,11,98107,Delhi
4518,Raymond Vargas,5,45,21,136702,Mumbai
4519,Robert Savage,5,56,31,198942,Delhi
4520,Kara Jackson,4,43,21,136572,Chennai
4521,Virginia Davis,5,57,35,209808,Hyderabad
4522,Brianna Martin,1,32,7,65669,Bangalore
4523,Erica Huang,5,50,27,157170,Chennai
4524,Jorge Gonzales,2,56,34,212566,Delhi
4525,Erin Mason,4,36,11,85428,Hyderabad
4526,Justin Bennett,2,52,30,168406,Mumbai
4527,John Collins,5,63,40,214830,Delhi
4528,Kerry Ware,1,62,38,231326,Bangalore
4529,Tina Dougherty,3,64,41,226702,Mumbai
4530,Michelle Larsen,6,37,11,94727,Hyderabad
4531,Katherine Mccormick,6,31,6,68011,Hyderabad
4532,Kristin Graham,5,53,30,171412,Delhi
4533,Alexander Diaz,1,23,0,33829,Bangalore
4534,Michael Chandler,4,45,23,149865,Hyderabad
4535,Justin Cuevas,2,44,19,118093,Chennai
4536,Janet White,2,23,0,41593,Chennai
4537,Alexandra Ramos,2,59,35,213372,Chennai
4538,Abigail Collins,4,52,29,174839,Chennai
4539,Jacob King,6,61,35,214967,Chennai
4540,Lisa Johnson,1,47,22,131028,Bangalore
4541,John Williams,4,50,28,151959,Hyderabad
4542,Dawn Garrett,2,24,0,39341,Mumbai
4543,Samantha Roy,5,35,12,87909,Delhi
4544,Yolanda Chen,3,46,21,144330,Mumbai
4545,John Golden DDS,4,22,0,32516,Hyderabad
4546,Amanda Johnson,4,24,0,38577,Chennai
4547,Brittany Fitzgerald,1,47,21,139147,Bangalore
4548,Bonnie Barnes,1,39,16,112303,Delhi
4549,Amy Walsh,4,30,4,54258,Hyderabad
4550,Brent Stephens,2,59,35,190982,Delhi
4551,Mrs. Lisa Smith,3,44,18,122646,Mumbai
4552,Sarah Stewart,1,42,17,130100,Bangalore
4553,Susan Matthews,2,22,0,30129,Delhi
4554,Kelli Shepard,5,42,19,120585,Delhi
4555,Ryan Caldwell,1,48,25,154961,Bangalore
4556,Roger Mason,2,63,38,207783,Delhi
4557,Angela Ramos,2,27,5,66527,Delhi
4558,Craig Wagner,3,57,35,190846,Mumbai
4559,Paul Massey,3,49,26,156085,Pune
4560,Donald Bell,5,38,13,120011,Chennai
4561,Keith Horton,2,61,39,209159,Delhi
4562,Julie Wilson,6,24,0,49178,Hyderabad
4563,Nicholas Lopez,2,33,10,84169,Mumbai
4564,Tracy Wang,3,60,34,201698,Mumbai
4565,Claudia Brooks,6,33,8,69725,Chennai
4566,Nathaniel Wright,1,23,0,42590,Bangalore
4567,Maria Valenzuela,1,43,21,130772,Bangalore
4568,Peter Anderson,4,44,22,129217,Hyderabad
4569,Michael Thompson,3,51,27,175945,Mumbai
4570,Ethan Perez,4,26,3,47213,Bangalore
4571,Stephen Thompson,6,30,5,47224,Hyderabad
4572,Michael Baker,3,42,19,123350,Mumbai
4573,Kenneth Bailey DDS,5,32,6,74464,Bangalore
4574,Mark Decker,2,26,1,48486,Chennai
4575,Ruben Cruz,5,56,31,179172,Chennai
4576,Christine Park,6,48,26,149380,Bangalore
4577,Robert Hogan,3,23,0,30000,Mumbai
4578,Michael Gordon,6,45,23,142917,Chennai
4579,Rebecca Davis,2,52,30,177207,Delhi
4580,Deanna Mcdonald,1,54,30,184071,Bangalore
4581,Brian Barrett,1,60,38,212407,Bangalore
4582,Charles Willis,6,51,28,166370,Bangalore
4583,James Chapman,4,58,33,191472,Hyderabad
4584,Michael Soto,3,49,27,163121,Pune
4585,Aimee Fisher,3,52,29,171430,Mumbai
4586,Matthew Garcia,1,32,6,75512,Bangalore
4587,Elizabeth Owens,5,44,19,130386,Bangalore
4588,Alex Lamb,2,23,0,37064,Delhi
4589,Kenneth Graham,5,61,38,214466,Delhi
4590,Roy King,5,62,36,201465,Chennai
4591,George Gregory,6,48,22,143194,Bangalore
4592,Wesley Rich,1,56,30,175627,Bangalore
4593,Stephanie Hunter,1,23,1,42472,Bangalore
4594,Raymond Finley,1,60,38,211929,Bangalore
4595,Allen Hunt,6,58,36,217514,Mumbai
4596,Stacie Sanford,4,42,17,108404,Bangalore
4597,Christina Compton,5,26,3,30000,Mumbai
4598,Beverly Cook,6,42,20,131141,Chennai
4599,Tracy Parker,3,50,24,147454,Delhi
4600,Rebecca Ellis,2,41,15,111588,Mumbai
4601,Aaron Hernandez,4,59,33,185014,Hyderabad
4602,Elizabeth Miller,3,41,15,125571,Mumbai
4603,Dalton Davis,5,46,22,137707,Bangalore
4604,Michael Singleton,1,23,0,30536,Mumbai
4605,John Cooper,5,53,30,192323,Hyderabad
4606,Michael Hale,6,47,24,155722,Hyderabad
4607,Mary Guerra,2,27,5,69616,Mumbai
4608,Pamela Davis,6,62,38,214622,Hyderabad
4609,Phillip Anderson,4,24,1,41275,Hyderabad
4610,Stephanie Weiss,4,54,29,170126,Hyderabad
4611,Jessica Long,2,22,0,30000,Mumbai
4612,John Yang,3,26,4,56985,Delhi
4613,Connie Franklin,3,34,9,77952,Pune
4614,Jackie Morgan,4,40,17,133866,Chennai
4615,Lisa Walton,4,33,9,86440,Hyderabad
4616,Maria Taylor,1,46,24,162866,Bangalore
4617,Daniel Graham,3,56,33,173470,Delhi
4618,Matthew Simmons,2,33,11,101863,Mumbai
4619,James Nicholson,3,51,28,148720,Delhi
4620,Tyler Fisher,1,26,0,30000,Bangalore
4621,Michael Flowers,6,55,31,169078,Mumbai
4622,Bradley Parks,4,43,17,121644,Hyderabad
4623,Scott Lara,4,60,37,209954,Hyderabad
4624,Francis Andrews,1,34,9,87259,Bangalore
4625,Jesse Tucker,2,24,0,36692,Delhi
4626,Jennifer Wise,4,41,16,123600,Bangalore
4627,David Walters,5,52,29,165038,Delhi
4628,Rebekah Cole,4,26,2,56785,Hyderabad
4629,John Rogers,5,45,20,132354,Mumbai
4630,Holly Floyd,1,61,38,233646,Bangalore
4631,Ms. Janet Leonard,1,54,29,181875,Bangalore
4632,George Villa,4,29,3,51470,Hyderabad
4633,Christina Hess,3,45,22,139327,Delhi
4634,Jordan Williams,5,41,15,102227,Hyderabad
4635,Bryan Burns,2,37,15,108374,Delhi
4636,Stephen Parks,4,33,10,80766,Bangalore
4637,George Phillips,2,34,9,86693,Delhi
4638,Kimberly White,4,63,41,216996,Bangalore
4639,Alan Nguyen,3,60,34,196962,Mumbai
4640,Linda Howard,3,46,20,124523,Mumbai
4641,Parker Wright,3,53,28,161421,Mumbai
4642,Brandon Acosta,6,45,23,147948,Delhi
4643,Jessica Hill,3,30,6,74596,Mumbai
4644,Melissa Sanchez,1,61,36,189139,Hyderabad
4645,Sandy Oconnor,1,44,18,139294,Bangalore
4646,Judy Jones,6,34,11,99132,Hyderabad
4647,Charles Davila,5,53,31,169926,Mumbai
4648,Sonia Reyes,2,36,12,100414,Delhi
4649,Mrs. Tammy Curry,4,57,34,192318,Hyderabad
4650,Alex Clements,4,26,4,53015,Bangalore
4651,Matthew Andrade,6,43,18,128016,Bangalore
4652,Jessica Wilson,1,37,12,98839,Bangalore
4653,Dean Turner,4,62,40,218416,Hyderabad
4654,Sarah Sanchez,1,31,7,65682,Bangalore
4655,Jacqueline Kennedy,5,45,23,138954,Chennai
4656,Jessica Burgess,2,39,16,120542,Mumbai
4657,Destiny Powers,5,39,16,96505,Mumbai
4658,Susan Gregory,6,28,3,51404,Bangalore
4659,Jason Smith,3,25,3,61680,Delhi
4660,Carlos Adams,3,47,22,147629,Mumbai
4661,Vanessa Flores,3,26,2,55207,Pune
4662,Albert Nguyen,5,37,14,100815,Delhi
4663,Dwayne Joseph,4,56,30,171491,Chennai
4664,Leah Walters,2,47,21,138945,Bangalore
4665,James Spears,3,39,17,109388,Mumbai
4666,Gilbert Reed,6,50,28,184445,Chennai
4667,Joel Newton,6,44,18,123134,Bangalore
4668,Michael Chambers,3,35,13,101199,Delhi
4669,Andrew Phelps,3,36,13,110919,Mumbai
4670,Lynn Hoffman,2,54,30,169626,Delhi
4671,Daniel Mercer,3,46,22,122562,Mumbai
4672,Edgar Stewart,2,42,17,122420,Delhi
4673,Alyssa Weber,6,38,15,112126,Hyderabad
4674,Guy Reynolds,3,44,22,135087,Mumbai
4675,Allison Mcpherson DDS,5,64,42,223149,Bangalore
4676,David Morse Jr.,5,38,13,102178,Hyderabad
4677,Sarah Davis,6,35,10,85410,Delhi
4678,Willie Duncan,2,50,28,169177,Delhi
4679,Christopher Waters,5,41,19,115236,Mumbai
4680,Jennifer Ortiz,2,51,28,170398,Delhi
4681,Jennifer Greene,5,40,15,115656,Chennai
4682,Jack Garcia,5,60,37,198052,Bangalore
4683,Toni Gill,2,34,12,103083,Mumbai
4684,Joseph Myers,4,39,13,102935,Hyderabad
4685,Kathleen Marshall,5,44,18,131207,Mumbai
4686,Joanna Bradshaw,3,54,32,175168,Mumbai
4687,Dylan Patel,6,60,35,208560,Delhi
4688,John Jackson,4,61,35,191142,Bangalore
4689,Janet Delgado,2,39,14,96814,Delhi
4690,Jennifer Fields,4,30,4,60706,Chennai
4691,Brenda Harvey,1,54,29,172692,Hyderabad
4692,Ms. Monique Dougherty MD,1,53,27,166919,Bangalore
4693,Keith Kennedy,5,38,13,115119,Chennai
4694,Jacob Paul,5,40,17,116194,Hyderabad
4695,Martha Arnold,3,48,23,152377,Delhi
4696,Sarah Martin,6,27,4,54465,Delhi
4697,Shaun Thompson,4,56,33,190528,Hyderabad
4698,Tammy Morris,1,58,36,196373,Bangalore
4699,Steven Clark,5,55,32,189544,Chennai
4700,David Morrison,6,41,17,137583,Bangalore
4701,Rebecca Kaufman DDS,4,46,23,145002,Bangalore
4702,Larry Rivera,5,25,0,36463,Bangalore
4703,Caitlin Ford,5,31,8,82921,Mumbai
4704,Adriana Johnson,1,31,6,74982,Bangalore
4705,Sharon Cowan,1,45,20,136112,Bangalore
4706,Andrea Butler,5,42,18,119533,Chennai
4707,Mike Martinez,2,32,9,87655,Delhi
4708,Maria Ferguson,5,48,25,154667,Chennai
4709,John Barber,6,37,11,98810,Bangalore
4710,James Short,5,47,21,131945,Mumbai
4711,Heidi Moran,3,51,29,166606,Pune
4712,Marie Patterson,3,37,12,95775,Pune
4713,Charles Baker,3,28,4,46318,Delhi
4714,Nicole Rodriguez,2,37,11,88540,Delhi
4715,Jason Morgan,2,56,33,181063,Mumbai
4716,Rebecca Clark,5,37,15,93141,Mumbai
4717,Martin Jones,3,61,37,230787,Mumbai
4718,Katherine Sanchez,2,33,10,78328,Delhi
4719,Edward Wallace,1,56,33,187131,Bangalore
4720,Melissa Carroll,5,42,17,119141,Delhi
4721,Pam Hernandez,6,64,39,213406,Chennai
4722,Daniel Wood,4,57,31,181486,Hyderabad
4723,Eddie Duffy,5,38,12,110875,Bangalore
4724,Mark Alvarez,4,53,30,180064,Chennai
4725,Edward Manning,3,62,39,227388,Pune
4726,Bridget Carter,4,27,1,57088,Hyderabad
4727,Mark Johnson,3,45,19,130785,Delhi
4728,Eric Silva,1,48,25,151930,Bangalore
4729,Nathan Mcgee,4,41,17,105829,Bangalore
4730,Jennifer Montgomery MD,5,46,23,141236,Hyderabad
4731,Christopher Farrell,3,23,0,34900,Mumbai
4732,James Grimes,5,30,6,59141,Delhi
4733,Mr. Joseph Thompson,2,49,26,170761,Mumbai
4734,Alexis Arroyo,3,59,37,217718,Mumbai
4735,Eric Walker,4,24,0,45284,Hyderabad
4736,Richard Mccormick,3,41,16,112870,Mumbai
4737,Heather Stevens,5,27,4,46735,Delhi
4738,Susan Larsen,1,60,36,217224,Bangalore
4739,Rachel Warren,3,54,31,184582,Mumbai
4740,Dale Beck,4,22,0,41184,Hyderabad
4741,Brett Rivera,2,58,34,202153,Bangalore
4742,Juan Nichols,6,27,2,50485,Delhi
4743,Shelia Waller,1,55,30,195596,Bangalore
4744,Keith Wright,2,36,11,85040,Chennai
4745,Patrick Norris,3,47,25,150028,Mumbai
4746,Danielle Norris,5,35,11,102229,Bangalore
4747,Andrew Lynch,5,28,4,56856,Mumbai
4748,Anna Lee,4,52,30,174992,Hyderabad
4749,Amy Leach,5,45,21,134075,Delhi
4750,Amy Perez,1,52,30,181434,Bangalore
4751,Lauren Marshall,5,50,27,161265,Mumbai
4752,Rachael Flores,4,63,37,210967,Hyderabad
4753,Christina Wilson,6,53,28,175502,Delhi
4754,Craig Daniels,3,38,16,110946,Mumbai
4755,John Hudson,3,35,13,88024,Mumbai
4756,Shannon Rodriguez,5,61,39,218556,Chennai
4757,Paula Lee,2,57,34,207156,Delhi
4758,Lisa Bryant,3,45,23,149222,Mumbai
4759,Paul Guzman,6,48,22,155343,Delhi
4760,Christopher Hunter MD,5,46,20,127949,Delhi
4761,Elizabeth Camacho,4,53,28,178761,Hyderabad
4762,Donald Hoffman,6,39,16,106211,Chennai
4763,Jeremiah Rowland,5,39,13,91040,Bangalore
4764,Katherine Flores,6,58,34,190775,Hyderabad
4765,Julie Martin,3,47,23,146551,Delhi
4766,Jeffrey Torres,4,30,6,73823,Chennai
4767,Jessica Little,5,56,34,197283,Hyderabad
4768,Catherine Maxwell,1,29,7,66673,Mumbai
4769,Cindy Shaw,4,41,17,109042,Hyderabad
4770,Joseph Garcia,1,63,38,222842,Bangalore
4771,Leon Duncan,6,43,18,130908,Bangalore
4772,Christopher Miranda,2,40,18,121986,Chennai
4773,Sarah Bishop,4,51,27,155881,Bangalore
4774,Tyler Zavala,6,49,24,157869,Hyderabad
4775,Rachel Chan,1,56,34,204617,Bangalore
4776,Timothy Kennedy,3,64,40,237664,Delhi
4777,Elizabeth Thomas,3,32,9,74998,Delhi
4778,Hector Mcgee,2,52,28,172490,Delhi
4779,Jeffery Long,4,60,36,202323,Bangalore
4780,Philip Powell,4,57,31,178121,Hyderabad
4781,Heather Trujillo,4,51,25,169965,Chennai
4782,Pamela Smith,6,44,21,139416,Delhi
4783,Christine Moran,2,40,17,126441,Delhi
4784,James Morris,4,33,9,69901,Bangalore
4785,Erika Castro,6,36,11,92607,Hyderabad
4786,Daniel Shaw,3,52,29,176566,Mumbai
4787,Ashley Sanchez,1,64,40,218742,Hyderabad
4788,John Griffith,6,58,36,216102,Hyderabad
4789,Wesley Williams,3,58,32,188235,Mumbai
4790,Melissa Stout,3,36,11,93929,Delhi
4791,Mr. Lawrence Brooks,1,50,26,155197,Delhi
4792,Mark Hill,3,64,42,222844,Delhi
4793,Thomas Rodriguez,2,47,21,145804,Mumbai
4794,Paul Nguyen,1,23,1,42732,Bangalore
4795,Jennifer Hernandez,3,41,17,119198,Mumbai
4796,Edwin Gonzalez,5,36,13,95074,Hyderabad
4797,David Armstrong,6,25,0,41414,Chennai
4798,Debbie Schmidt,3,43,21,143829,Mumbai
4799,Alex Barton,2,59,36,199929,Chennai
4800,Richard Dawson,4,44,19,132382,Bangalore
4801,Scott Stein,3,47,23,147119,Mumbai
4802,Stephen Lopez,4,32,8,73524,Hyderabad
4803,Joel Cook,5,49,23,134735,Chennai
4804,Michele Scott,3,23,1,39604,Mumbai
4805,Allison Wilson,1,29,4,62781,Bangalore
4806,James Tucker,4,50,24,155191,Bangalore
4807,Joseph Durham,5,32,6,56490,Bangalore
4808,Alexis Kim,1,58,36,214176,Delhi
4809,Jonathan Yates,1,39,14,117583,Bangalore
4810,Katherine Andrews,1,35,13,95224,Mumbai
4811,Morgan Cunningham,1,31,7,88788,Bangalore
4812,Phyllis Schmidt,3,56,33,184663,Delhi
4813,Sarah Miller,6,30,6,55423,Hyderabad
4814,Lisa Kaiser,3,56,32,179681,Mumbai
4815,Pamela Jordan,3,32,6,69961,Mumbai
4816,Jerry Gilmore,5,33,9,65473,Hyderabad
4817,Marie Jones,5,24,0,34912,Hyderabad
4818,Gina Rose,6,60,36,230076,Bangalore
4819,Samantha Reynolds,5,35,10,73569,Bangalore
4820,Kenneth Smith,2,49,27,157523,Delhi
4821,Alicia Perez,6,32,6,59711,Hyderabad
4822,David Walker,5,60,35,200821,Hyderabad
4823,Erin Ellis,6,46,22,138014,Delhi
4824,Patricia Andrews,3,42,16,109643,Mumbai
4825,Spencer Camacho,3,31,5,62049,Mumbai
4826,Raymond Harris,6,64,39,226965,Chennai
4827,Alexander Guzman,2,36,11,101382,Mumbai
4828,Penny Fernandez,2,40,17,113824,Mumbai
4829,Erin Stewart,6,43,20,130246,Bangalore
4830,Daniel Turner,5,42,16,118706,Delhi
4831,Devin Mayer,4,53,30,167313,Chennai
4832,Henry Taylor,2,44,20,130178,Mumbai
4833,Jessica Flowers,1,34,12,87355,Bangalore
4834,Jeremy Manning,3,26,0,47415,Pune
4835,Jamie Griffin,6,25,3,63114,Mumbai
4836,Daniel James,1,49,26,152183,Bangalore
4837,Anna Thompson,6,35,10,95839,Mumbai
4838,Misty Martinez,3,29,3,42233,Mumbai
4839,Barbara Burns,3,30,7,70705,Mumbai
4840,Nicole Stewart,2,56,32,189879,Delhi
4841,William Marsh,2,58,32,178328,Mumbai
4842,David Rodriguez,1,42,16,108372,Bangalore
4843,Adam Lara,6,39,14,96994,Bangalore
4844,Scott Gomez,3,54,28,160908,Pune
4845,Sara Hamilton,1,29,4,36070,Bangalore
4846,Elizabeth Key,4,38,15,105042,Hyderabad
4847,Mason Price,1,64,40,224705,Mumbai
4848,Trevor Hill,5,52,28,168242,Hyderabad
4849,Erica Taylor,1,55,29,182225,Bangalore
4850,Justin Anderson,5,27,1,30000,Mumbai
4851,Michael Farmer,5,43,20,127151,Hyderabad
4852,Robert Cline,5,35,10,106079,Delhi
4853,Jacqueline Perry,4,24,0,44494,Hyderabad
4854,Christopher Mayer,1,33,8,83339,Bangalore
4855,Natalie Patrick,1,57,34,187867,Bangalore
4856,Shawn Rodriguez,4,33,9,78132,Bangalore
4857,Jonathan Torres,3,23,0,30000,Delhi
4858,Susan Baker,2,23,1,44383,Chennai
4859,Richard Rivera,1,36,13,108502,Bangalore
4860,Amanda Wiggins,2,44,21,123301,Mumbai
4861,Amber Bennett,6,50,28,157328,Bangalore
4862,Kelly Moore,6,38,13,99443,Mumbai
4863,Steven Davis,4,53,31,181926,Hyderabad
4864,Ashley Alvarez DVM,6,28,5,55366,Mumbai
4865,Kimberly Taylor,6,51,26,154277,Chennai
4866,Mallory Collins,3,49,25,148462,Delhi
4867,Steven Anderson,3,35,13,95707,Mumbai
4868,Holly Austin,3,51,26,165489,Delhi
4869,Karen Goodman,6,38,13,99305,Mumbai
4870,Christina Robinson,4,53,28,169041,Bangalore
4871,Tom Perez,5,27,5,44425,Delhi
4872,Brandon Powell,5,45,21,143036,Delhi
4873,Ashley Perez,2,27,2,47588,Mumbai
4874,Matthew Murphy,5,48,26,153706,Chennai
4875,Mary Meyer,5,39,16,113441,Bangalore
4876,Sophia Wolf,3,45,23,136349,Delhi
4877,Javier Stanley,3,58,36,200873,Delhi
4878,Taylor Johnson,6,45,23,143960,Hyderabad
4879,Janice Williams,2,59,34,192971,Mumbai
4880,Christopher Thomas,1,55,33,176934,Bangalore
4881,Robert Martin,2,61,38,200332,Mumbai
4882,Kenneth Webb,2,36,11,93865,Chennai
4883,Mark Montoya,4,32,9,78251,Bangalore
4884,Jodi Lewis,6,43,17,119168,Bangalore
4885,Kimberly Wilson,4,45,23,133805,Hyderabad
4886,Randy Bradshaw,2,22,0,34835,Delhi
4887,Steven Scott,2,39,14,101196,Delhi
4888,Katherine Dunn,2,33,11,81899,Delhi
4889,Mary Peterson,5,64,40,224799,Hyderabad
4890,Amy Diaz,4,49,25,157271,Chennai
4891,Traci Martinez,2,61,38,228799,Mumbai
4892,Jim Rodriguez,3,28,6,67722,Delhi
4893,Elizabeth Marks,6,44,22,145260,Delhi
4894,Jeffrey Joyce,6,42,16,123837,Delhi
4895,Sean Wagner,3,55,31,176987,Mumbai
4896,Todd Lutz,6,32,8,72432,Hyderabad
4897,Ryan Walker,5,43,21,126460,Mumbai
4898,Nicholas Gomez,5,63,40,218745,Bangalore
4899,Brittany Heath,1,56,34,191374,Bangalore
4900,Rebecca Cox,1,50,27,157454,Hyderabad
4901,Travis Schmidt,1,63,39,222492,Bangalore
4902,Brett Martin,6,49,23,151362,Hyderabad
4903,Lisa Bridges,5,39,14,93950,Hyderabad
4904,Brittany Dunlap,5,35,11,86603,Mumbai
4905,Shannon Ramirez,5,39,16,108990,Chennai
4906,Tiffany Phillips,3,49,27,150120,Mumbai
4907,Valerie English,5,45,21,129970,Chennai
4908,Chad Hurley,3,29,3,60887,Mumbai
4909,David Peters,1,63,40,231084,Bangalore
4910,Thomas Austin,1,29,7,54866,Bangalore
4911,Amy Jenkins,6,25,0,42377,Bangalore
4912,Rodney Duran,1,48,25,141937,Bangalore
4913,Tiffany Sanchez,6,57,35,196288,Chennai
4914,Maria Myers,2,26,1,42521,Delhi
4915,Ruben Jones,2,54,32,191422,Delhi
4916,Desiree Stafford,4,55,30,178203,Bangalore
4917,Patrick Blackburn,6,51,26,152689,Delhi
4918,Jeremy Chambers,4,29,4,47928,Hyderabad
4919,Alexandra Wilson,4,60,38,214943,Bangalore
4920,Brian Fuller,2,47,22,136929,Mumbai
4921,Matthew Evans,6,58,35,197430,Delhi
4922,Patrick Gibson,2,55,29,183863,Mumbai
4923,William Lozano,4,28,2,52679,Hyderabad
4924,Dillon Travis,6,61,36,220495,Chennai
4925,Steven Rodriguez,4,49,23,139754,Hyderabad
4926,Kevin Walter,5,60,34,193926,Bangalore
4927,Rebecca Blake,6,60,35,204569,Hyderabad
4928,Brian Bright,6,49,24,165950,Mumbai
4929,Linda Cox,4,35,12,86241,Bangalore
4930,Mary Copeland,5,59,35,202207,Hyderabad
4931,Jennifer Little,3,25,3,59669,Mumbai
4932,Diana Ramsey,2,63,38,217599,Mumbai
4933,David Romero,4,39,14,112560,Chennai
4934,Russell Bird,6,46,20,149459,Hyderabad
4935,Brian Shaffer,2,28,5,62060,Delhi
4936,Jon Garza,2,59,33,198567,Delhi
4937,Ashley Norman,2,49,24,157343,Mumbai
4938,Kristina Monroe,3,26,1,36065,Delhi
4939,Joseph Schaefer,1,24,0,30000,Bangalore
4940,Kyle Garza,4,52,27,166767,Hyderabad
4941,Tiffany Johnston,1,63,39,215698,Bangalore
4942,Phillip Ward,1,41,19,132722,Bangalore
4943,Stephanie Fisher,1,40,18,122114,Bangalore
4944,Patrick Reed,2,32,10,90286,Bangalore
4945,Sarah Berry,5,61,37,201686,Bangalore
4946,Teresa Li,2,24,0,45412,Delhi
4947,Paula Caldwell,2,44,18,106009,Delhi
4948,Keith Johnson,6,28,5,50743,Chennai
4949,Annette Knapp,6,44,19,132957,Hyderabad
4950,Monica Atkinson,1,28,4,52179,Bangalore
4951,Robert Cooper,2,55,31,179849,Chennai
4952,Danielle Griffin,1,63,41,228557,Bangalore
4953,Jimmy Ritter,6,40,15,120475,Bangalore
4954,Riley Clark,5,30,8,57225,Chennai
4955,Kimberly Morris,4,39,16,121389,Hyderabad
4956,Gregory Ochoa,1,62,40,233459,Bangalore
4957,Shannon Cook,5,63,40,220165,Chennai
4958,Natalie Huff,4,46,22,135240,Hyderabad
4959,Ronald Garcia,3,35,13,95156,Mumbai
4960,Margaret Edwards,1,46,24,142070,Bangalore
4961,Cody Reyes III,1,40,14,108358,Bangalore
4962,Heather Shaffer,3,60,36,210400,Mumbai
4963,Nicole Chung,3,36,10,74368,Delhi
4964,Brian Perkins,1,37,14,94637,Bangalore
4965,Melody Castro,3,48,25,144218,Mumbai
4966,Kimberly Sanders,2,61,37,213017,Delhi
4967,Christina Davis,4,31,8,80778,Hyderabad
4968,Sherri Sullivan,4,25,1,33512,Bangalore
4969,Mike Patel,4,40,17,123022,Hyderabad
4970,Thomas Garcia,2,49,24,144001,Mumbai
4971,Robin Clay,3,42,20,134748,Mumbai
4972,Kelly Miller,5,35,10,83330,Bangalore
4973,Mrs. Amanda Kelley DDS,3,54,30,174866,Mumbai
4974,Johnny Whitaker,1,31,7,79439,Hyderabad
4975,Mrs. Courtney Wong,6,40,15,123401,Mumbai
4976,Adam Sanchez,4,51,29,155766,Chennai
4977,Logan Massey,3,43,21,138495,Pune
4978,Juan Carroll,5,24,0,38818,Chennai
4979,Ryan Carpenter,1,58,35,205963,Delhi
4980,Stacy Werner,2,62,36,197491,Bangalore
4981,Michelle Holden,2,39,17,106225,Delhi
4982,Deborah Wood,5,32,7,66128,Mumbai
4983,Taylor Flores,1,23,0,37904,Mumbai
4984,Tyler Taylor,4,33,8,70338,Hyderabad
4985,Victoria Wright,3,27,1,41915,Pune
4986,Betty Pollard,1,64,40,232044,Bangalore
4987,Katie Alvarez,2,61,36,224190,Bangalore
4988,Robert Munoz,5,50,24,158673,Hyderabad
4989,Michelle Newman,5,51,25,164175,Mumbai
4990,Victoria Marshall,3,23,0,34745,Mumbai
4991,Amy Montgomery,5,30,6,58475,Mumbai
4992,Jeffrey Benton Jr.,5,23,0,33592,Chennai
4993,Kristin Brown,1,50,26,159136,Bangalore
4994,Sean Hernandez,4,54,31,172618,Hyderabad
4995,Ana Higgins,3,31,7,76820,Mumbai
4996,Theresa Luna,1,55,31,195255,Bangalore
4997,Katherine Padilla,4,29,5,61879,Hyderabad
4998,Victoria Lewis,1,58,33,202372,Bangalore
4999,Joshua Leonard,6,54,30,188067,Chennai
5000,Kelly Liu,1,27,4,46722,Bangalore
5001,Brianna Ryan,5,61,35,190397,Chennai
5002,Emily Smith,4,40,15,105107,Hyderabad
5003,Michelle Howard,3,53,31,181467,Pune
5004,William Austin,3,48,24,140630,Pune
5005,Monica Oconnor,4,22,0,46377,Hyderabad
5006,Kyle Blake,5,64,38,233990,Chennai
5007,Christopher Banks,2,54,29,176333,Delhi
5008,Bryan Davis DVM,1,61,39,210445,Bangalore
5009,Tiffany Hughes,5,53,30,181090,Delhi
5010,Michael Taylor,6,26,0,31920,Chennai
5011,Brendan Kelly,4,38,12,105344,Hyderabad
5012,Sherry Porter,1,29,3,52048,Bangalore
5013,James Perez,3,63,37,219518,Mumbai
5014,Miss Gina Walton,2,55,30,186815,Delhi
5015,Alicia Obrien,6,30,8,76903,Mumbai
5016,Mrs. Jacqueline Jackson,3,44,18,138682,Pune
5017,Kendra Smith,4,56,33,192726,Chennai
5018,Alexander Stein,1,28,5,55674,Bangalore
5019,Shannon Sosa,4,36,12,76982,Hyderabad
5020,Marc White,1,41,15,92028,Bangalore
5021,Gregory Wiggins,5,46,20,139016,Chennai
5022,Linda Berry,2,24,0,35929,Chennai
5023,Michelle Hobbs,5,45,19,122576,Hyderabad
5024,Charles Fuentes,5,55,29,167188,Chennai
5025,Andrew Medina,4,43,20,136127,Hyderabad
5026,Teresa Aguirre,2,32,10,74131,Mumbai
5027,Eddie Bailey,1,29,7,80945,Bangalore
5028,Joseph Mccullough,1,60,36,225407,Bangalore
5029,Mr. Zachary Mora DVM,6,64,41,221699,Mumbai
5030,Kimberly Price,3,56,30,186158,Delhi
5031,Bruce Spencer,6,59,37,212420,Mumbai
5032,Jacob Allen,6,29,4,49498,Mumbai
5033,Chelsea Powell,1,58,33,185844,Bangalore
5034,Thomas Morse,4,48,23,145719,Hyderabad
5035,Susan Zimmerman,5,49,23,138792,Delhi
5036,Annette Meyer,5,61,35,213030,Hyderabad
5037,Erica Rose,5,55,31,181131,Delhi
5038,Kim Long,2,53,29,164734,Mumbai
5039,Christina Flores,1,36,12,93088,Bangalore
5040,Craig Raymond,4,38,13,103431,Hyderabad
5041,Jeffrey Miller,2,54,28,165604,Mumbai
5042,Brian Hoffman,3,37,12,79055,Mumbai
5043,Elizabeth Gay,4,50,26,160610,Hyderabad
5044,Patricia Hale,6,30,4,48864,Mumbai
5045,Amanda Arroyo,4,54,31,175550,Bangalore
5046,Kevin Mccullough,4,50,28,170352,Bangalore
5047,Margaret Stevenson,5,34,12,86696,Delhi
5048,Amber Turner,4,42,18,120871,Bangalore
5049,Victor Williams,6,42,17,130124,Bangalore
5050,Shelly Rodgers,6,26,3,47483,Hyderabad
5051,Cassandra Wood,1,31,5,79470,Bangalore
5052,Susan Garcia,4,27,2,53919,Chennai
5053,Stephanie Joseph,5,34,10,76949,Hyderabad
5054,Dalton Clark,4,22,0,31189,Hyderabad
5055,Alexis Weeks,3,41,17,107198,Mumbai
5056,Michael Glass,3,29,7,72999,Delhi
5057,David Cervantes,5,31,9,87896,Hyderabad
5058,Victoria Benitez,1,30,5,59232,Bangalore
5059,Jacqueline Monroe,1,62,39,204608,Bangalore
5060,Charles Sanchez,6,24,0,40283,Bangalore
5061,Sonia Henderson,6,32,8,68104,Delhi
5062,Sharon Sims,2,33,7,67014,Mumbai
5063,Shawn Doyle,5,31,9,79792,Mumbai
5064,Michael Perry,4,46,23,154155,Hyderabad
5065,Donald Santana,5,46,23,150216,Mumbai
5066,Katherine Greene,2,32,6,71436,Delhi
5067,Jennifer Dominguez,6,57,35,198241,Mumbai
5068,Matthew Walker,5,60,34,189036,Hyderabad
5069,Ashley Barrera,5,47,22,144783,Hyderabad
5070,Clifford Murphy DVM,6,35,12,98341,Mumbai
5071,Michael Arias,2,60,37,205339,Chennai
5072,Joshua Mitchell,6,61,36,204869,Mumbai
5073,Ashley Wilson,1,22,0,43880,Bangalore
5074,Stacey Clements,4,25,2,42460,Bangalore
5075,Kathleen Martinez,6,51,27,162135,Hyderabad
5076,Julie Rodriguez MD,2,33,9,78992,Delhi
5077,Cathy Farmer,3,56,34,200124,Delhi
5078,Dana Gilbert,1,34,9,83246,Bangalore
5079,Charles Harper,3,52,26,163754,Delhi
5080,Timothy Wang,6,59,37,221042,Mumbai
5081,Daniel Stewart,1,64,38,215123,Bangalore
5082,Tiffany Peterson,4,44,22,130795,Bangalore
5083,Tammy Bell,6,25,1,50276,Hyderabad
5084,Mathew Myers,4,37,12,96847,Hyderabad
5085,Edgar Brown,5,28,4,51486,Mumbai
5086,Cory Barrett,3,43,18,120321,Mumbai
5087,Seth Jones,1,50,24,142408,Bangalore
5088,Joseph Hawkins,4,32,10,83853,Bangalore
5089,Victor Brown,2,54,31,170208,Delhi
5090,Jennifer Ferguson,4,50,27,168556,Bangalore
5091,Carolyn Cantu,2,60,35,198920,Chennai
5092,Charles Garcia,6,33,8,65047,Bangalore
5093,James Hart,1,28,4,64977,Bangalore
5094,Patricia Wilson,4,60,37,228151,Chennai
5095,Mark Elliott,4,63,39,224198,Bangalore
5096,Matthew Bartlett,1,47,21,136216,Bangalore
5097,Maria Campbell,4,61,38,207119,Hyderabad
5098,Joanna Adkins,2,30,4,60694,Mumbai
5099,Lisa Reed,4,62,40,228093,Bangalore
5100,Jordan Calhoun MD,3,55,31,183155,Pune
5101,Heather Thomas,6,34,9,88063,Bangalore
5102,Carrie Coffey,5,57,34,208111,Bangalore
5103,Dr. Isabel Smith PhD,2,46,22,130722,Delhi
5104,Joe Page,3,45,20,134952,Mumbai
5105,Crystal Morales,6,38,16,94973,Chennai
5106,Heather Mcmahon,1,23,0,30000,Bangalore
5107,Jason Quinn,2,34,8,83158,Mumbai
5108,James Cox,5,52,30,175625,Chennai
5109,James Cummings,6,50,25,143212,Delhi
5110,Daniel Lee,5,49,26,166799,Hyderabad
5111,Shane Hopkins,1,48,25,149354,Bangalore
5112,Stephanie Kelley,1,36,14,107607,Delhi
5113,Jennifer Schneider,2,52,29,176601,Mumbai
5114,Charles Rodriguez,4,61,36,201134,Chennai
5115,Elizabeth Wall,1,36,14,107751,Bangalore
5116,Loretta Williams,6,54,28,173948,Chennai
5117,Juan Moore,4,41,19,125700,Hyderabad
5118,Joseph White,3,63,41,223954,Mumbai
5119,Michael Cruz,5,33,7,63878,Hyderabad
5120,Denise Reese,4,58,33,190350,Bangalore
5121,Brittney Morales,5,30,6,62076,Hyderabad
5122,Christina Jenkins,4,44,20,138212,Chennai
5123,Sean Anderson,3,29,3,40708,Mumbai
5124,Emily Fitzpatrick,1,53,28,181965,Delhi
5125,Nancy Liu,3,35,12,104804,Pune
5126,Rachel Miller,1,48,22,138071,Bangalore
5127,Scott Brown,1,46,22,152012,Bangalore
5128,Emily Winters,5,34,9,72855,Bangalore
5129,Chris Lewis,6,42,20,138017,Mumbai
5130,Heidi Blankenship,3,52,27,158942,Mumbai
5131,Sandra Alvarez,4,58,33,201967,Chennai
5132,Donna Garcia,3,64,40,213900,Pune
5133,Stephanie Hernandez,5,26,2,55462,Hyderabad
5134,Joseph Montgomery,1,34,11,98208,Bangalore
5135,Juan Harrison,5,49,26,146643,Delhi
5136,Miss Stephanie Cherry,2,64,38,232458,Bangalore
5137,Bridget Wallace,2,46,24,155947,Mumbai
5138,Brandy James,4,56,33,175316,Hyderabad
5139,Christopher Smith,5,60,36,202680,Chennai
5140,Sabrina Galvan,4,28,3,61000,Hyderabad
5141,Catherine Shannon,4,59,33,200684,Bangalore
5142,Theresa Knight,2,53,30,178094,Bangalore
5143,Victoria Tanner,4,24,0,44823,Hyderabad
5144,Chad Evans,2,60,35,196107,Bangalore
5145,Chase Haney,1,58,35,201078,Bangalore
5146,Maureen Nixon,5,43,21,126935,Hyderabad
5147,Michael Rush,4,29,7,68978,Hyderabad
5148,Larry Lloyd,2,38,12,104208,Delhi
5149,Steven Butler,3,48,26,163452,Mumbai
5150,Samuel Lee,4,54,28,173183,Chennai
5151,Joseph Moon,6,38,14,111117,Delhi
5152,Taylor Williams II,1,63,40,232905,Bangalore
5153,Jerry Hamilton,1,33,8,90578,Bangalore
5154,Paul Wolf,3,48,22,152539,Mumbai
5155,Bobby Arnold,2,29,7,73151,Delhi
5156,William Weber,4,44,18,131872,Bangalore
5157,Alicia James,2,63,37,215648,Bangalore
5158,Jamie Johnson,1,50,28,164360,Bangalore
5159,Melissa Rogers,2,41,19,131240,Mumbai
5160,Sarah Mueller,1,37,14,108056,Bangalore
5161,Gordon Hahn,2,38,13,102035,Delhi
5162,Kristen Burns,3,37,14,100443,Delhi
5163,Thomas Sellers,5,40,17,114099,Mumbai
5164,Melvin Flores,3,29,7,64630,Pune
5165,Ashley Cochran,3,59,37,218945,Delhi
5166,Ashley Jones,5,59,34,207827,Mumbai
5167,Christian Solis,5,50,24,161684,Hyderabad
5168,Sharon Smith,4,62,39,211085,Chennai
5169,Robert Berg,4,57,32,186125,Hyderabad
5170,Brooke Sims,3,47,24,146940,Pune
5171,Julia Marks,3,52,26,157150,Delhi
5172,Ashley Martinez,1,33,10,98100,Bangalore
5173,Christina Reese,1,38,14,106403,Bangalore
5174,Brandon Bean,4,36,11,92928,Chennai
5175,Rickey Hall,6,30,8,68872,Bangalore
5176,Bobby Flores,6,60,37,216996,Chennai
5177,Karen Gonzalez,4,63,38,234732,Hyderabad
5178,Lisa Lopez MD,1,33,8,76847,Bangalore
5179,Sharon Brown,1,53,30,175331,Bangalore
5180,Aaron Thompson,6,46,24,147075,Delhi
5181,Charles Weaver,2,60,38,211023,Delhi
5182,Melissa Warner,2,39,16,111377,Delhi
5183,Cody Morris,1,36,11,85408,Bangalore
5184,Carla Reid DDS,2,53,31,173607,Bangalore
5185,Katie Mitchell,5,27,4,54830,Delhi
5186,Roger Moss,4,64,41,229548,Hyderabad
5187,Mary Donaldson,4,56,33,189115,Bangalore
5188,Paul Brown,1,55,30,191255,Bangalore
5189,Gregory Quinn,3,59,37,212223,Mumbai
5190,Sabrina Miller,6,26,1,49239,Delhi
5191,Michelle Smith,1,39,15,114052,Bangalore
5192,Anita Chapman,2,37,15,106337,Delhi
5193,Heather Becker,6,29,4,59149,Bangalore
5194,Andrea Baker,3,46,24,140918,Mumbai
5195,Joanne Harmon,2,53,29,178947,Delhi
5196,Mr. Phillip Edwards,5,47,21,135833,Chennai
5197,Mrs. Laurie Williams MD,2,43,20,125081,Chennai
5198,Joel Mclean,5,52,27,175915,Delhi
5199,Valerie Ford,6,64,40,214742,Bangalore
5200,Jodi Thomas,5,31,7,84052,Hyderabad
5201,Jennifer Johnson,6,33,11,99819,Delhi
5202,Eugene Fritz,6,49,27,160122,Hyderabad
5203,Jennifer Smith,6,27,4,69281,Hyderabad
5204,Mary Thompson,6,41,19,117193,Mumbai
5205,Catherine Davis,6,26,1,51252,Chennai
5206,Chris Rogers,2,44,19,128034,Mumbai
5207,James Torres,6,30,5,47648,Bangalore
5208,Kirsten Perez,2,50,24,147551,Delhi
5209,Dr. Jeffrey Valentine,6,37,12,93603,Bangalore
5210,Wayne Brown,5,43,21,139932,Mumbai
5211,Andrea Morris,6,29,7,64083,Bangalore
5212,Dylan Young,3,41,16,111614,Mumbai
5213,Regina Butler,6,35,11,93427,Chennai
5214,Eric Moore,6,60,36,210504,Hyderabad
5215,Melinda Patterson,5,58,34,196466,Hyderabad
5216,Carl Campbell,4,55,32,184177,Hyderabad
5217,Renee Shields,5,32,6,75514,Chennai
5218,Wesley Brown,3,61,36,205332,Mumbai
5219,Jason Clark,4,54,31,172384,Bangalore
5220,David Wiggins,1,52,28,165844,Bangalore
5221,Thomas Kaufman,1,55,30,183974,Bangalore
5222,Kristen Ray,3,28,5,58505,Mumbai
5223,Cory Martinez,5,44,22,134377,Chennai
5224,Mark Maddox,2,28,4,46161,Mumbai
5225,Kevin Young,3,46,23,143148,Delhi
5226,Katherine Harrison,4,24,2,46223,Bangalore
5227,Jorge Davis,4,59,35,193840,Hyderabad
5228,Loretta Miller,6,41,15,108785,Mumbai
5229,Lance Macdonald DVM,1,55,31,174348,Bangalore
5230,Jerry Waters,4,51,25,156269,Bangalore
5231,Desiree Thomas,3,38,12,110003,Mumbai
5232,Amy Wright,4,31,5,64673,Bangalore
5233,Erin Summers,3,56,31,171647,Mumbai
5234,Mr. Don Flores,2,41,16,116449,Delhi
5235,Miss Kimberly Holloway,6,39,13,111394,Mumbai
5236,Tina Harper,1,48,26,146127,Bangalore
5237,Nicholas Moss,4,57,31,177136,Hyderabad
5238,Robert Campbell,3,44,21,136966,Mumbai
5239,Jenny Cardenas,5,53,27,166003,Chennai
5240,Dean Thomas,1,31,6,76489,Bangalore
5241,Matthew Farmer,2,32,7,70054,Mumbai
5242,John Browning,3,59,36,212003,Pune
5243,Mario Peters,6,27,4,67224,Hyderabad
5244,Olivia Rodriguez,6,62,38,209059,Mumbai
5245,Donald Mccarthy,2,55,33,196081,Delhi
5246,Christopher Anderson,2,57,35,196293,Delhi
5247,Becky Parrish,6,58,36,186478,Mumbai
5248,Jackie Stewart,4,38,13,103511,Hyderabad
5249,Krista Fuller,4,61,39,223095,Hyderabad
5250,Jennifer Nguyen,3,61,37,198906,Mumbai
5251,Amanda Campbell,5,33,9,76068,Mumbai
5252,Laura Ware,3,42,20,124015,Mumbai
5253,Mitchell Anderson,5,61,38,221279,Mumbai
5254,Barry Hernandez,2,40,16,100206,Delhi
5255,Teresa Young,1,24,1,41754,Bangalore
5256,Valerie Morgan,3,39,14,85682,Mumbai
5257,Paul Vasquez,3,40,16,115636,Mumbai
5258,Kelly May,5,27,4,56001,Bangalore
5259,Christopher Carson,2,37,15,101412,Mumbai
5260,Joan Wilson,2,29,4,68826,Delhi
5261,Debbie Allen,5,39,13,79914,Mumbai
5262,Kristin Williams,2,64,38,218254,Delhi
5263,Courtney Williams,6,60,38,223180,Hyderabad
5264,David Hernandez,4,33,8,77230,Hyderabad
5265,Kathryn Morris,6,31,6,77728,Chennai
5266,Meagan Smith,1,28,3,49095,Bangalore
5267,Katherine Caldwell,3,22,0,33662,Mumbai
5268,Krista Williams,1,57,31,195366,Delhi
5269,Christine Aguilar,3,42,19,132656,Delhi
5270,Michael Perkins,4,58,33,212894,Bangalore
5271,Steven Martin,2,45,22,140422,Mumbai
5272,Joshua Herman,6,46,21,138901,Delhi
5273,Diana Hawkins,5,28,4,52508,Delhi
5274,Caitlin Harris,6,63,39,219067,Bangalore
5275,Felicia Murphy,4,38,14,111824,Hyderabad
5276,Bryan Mitchell,1,50,25,156097,Hyderabad
5277,Larry Curtis,5,51,28,161341,Mumbai
5278,Jennifer Lopez,2,28,2,46191,Delhi
5279,Robert Newton,4,54,32,184677,Hyderabad
5280,Christina Hudson,5,28,2,43259,Chennai
5281,Sandra Craig,4,45,20,128936,Hyderabad
5282,Sabrina Ward,4,32,8,67001,Bangalore
5283,Mark Knight,2,30,6,62219,Bangalore
5284,Darlene Dixon,3,33,10,92529,Mumbai
5285,Daniel White,5,56,31,184687,Bangalore
5286,Jonathan Cortez,2,25,0,58290,Mumbai
5287,Judith Myers,4,57,32,182889,Chennai
5288,Tammie Castillo,2,49,24,155283,Mumbai
5289,Rebecca Estrada,3,34,10,86177,Mumbai
5290,Angela Rodriguez,6,44,18,129603,Delhi
5291,Andre Williams,5,40,18,114751,Chennai
5292,Donald Smith,3,63,39,217752,Delhi
5293,Nicholas Ali,1,58,32,193458,Bangalore
5294,Jacob Brewer,5,60,37,206062,Chennai
5295,Natalie Watson,3,45,21,121912,Mumbai
5296,Matthew Evans,4,37,14,112483,Hyderabad
5297,Bryan Thomas,5,54,30,185504,Mumbai
5298,Timothy Lucero,5,33,8,72862,Chennai
5299,Barbara Fields,2,55,29,177846,Delhi
5300,Rebecca Beard,4,28,5,67754,Hyderabad
5301,Carrie Rodriguez,1,32,8,85753,Bangalore
5302,Jordan Tanner,6,52,29,173334,Bangalore
5303,Denise Johnson,3,50,26,154917,Pune
5304,Amy Holt,2,34,10,96114,Bangalore
5305,James Bennett,3,52,30,176757,Delhi
5306,Jeffrey Owens,1,23,1,38522,Bangalore
5307,Adam Merritt,1,60,38,215705,Bangalore
5308,Tina Walter,5,36,13,106537,Delhi
5309,Michelle Harris,1,32,7,71189,Bangalore
5310,Michael Richmond,3,55,31,190987,Mumbai
5311,Michael Patrick,4,60,34,197931,Bangalore
5312,Amanda Hart DVM,4,25,3,53972,Bangalore
5313,Michele Conner,5,32,9,70915,Chennai
5314,Natalie Mitchell,6,50,27,171656,Chennai
5315,Jacob Hoover,3,23,0,30791,Mumbai
5316,Jacqueline Winters,3,37,11,95174,Mumbai
5317,Kimberly Flores,1,60,34,187707,Hyderabad
5318,Jennifer Carpenter,3,34,12,91598,Mumbai
5319,William Saunders,2,58,32,191704,Mumbai
5320,Michael Preston,6,38,16,104749,Hyderabad
5321,Jennifer Ali,1,42,16,114121,Bangalore
5322,David Taylor,2,40,14,107696,Delhi
5323,Maria Hayes,5,28,2,53706,Bangalore
5324,Melanie Preston,4,59,37,209701,Bangalore
5325,Thomas Mcgrath,5,29,5,71559,Hyderabad
5326,Glenn Chen,4,34,12,100666,Bangalore
5327,Sarah Berry,5,58,34,196955,Bangalore
5328,Rebecca Summers,3,23,0,30000,Mumbai
5329,Rodney Gilmore,2,62,39,215603,Delhi
5330,Kimberly Stone DDS,4,32,10,64166,Hyderabad
5331,Joshua Dunlap,1,45,21,134634,Bangalore
5332,Melinda French,2,27,3,62714,Bangalore
5333,Gabriel Copeland MD,1,47,23,151828,Bangalore
5334,Kelly Weiss,2,28,5,60368,Chennai
5335,Gregory Russell,2,60,38,207780,Delhi
5336,Ashley Bowman,5,40,15,110078,Bangalore
5337,Ruben Woodard,4,27,3,68549,Bangalore
5338,Aaron Leon,4,64,40,237301,Bangalore
5339,Ashley Thomas,2,50,25,154897,Chennai
5340,Travis Allen,3,64,42,220544,Mumbai
5341,Roger Weaver,3,60,36,224264,Pune
5342,Robert Johnson,1,23,1,33869,Bangalore
5343,Bryan Lopez,1,40,16,116840,Bangalore
5344,Andrea King,5,25,0,30000,Chennai
5345,Jennifer Howard,2,27,3,48915,Mumbai
5346,Michael Evans,1,58,32,177697,Bangalore
5347,Daniel Patterson,1,49,27,152604,Bangalore
5348,Karen Mendez,6,51,27,156902,Mumbai
5349,John Johnson,2,28,5,63516,Mumbai
5350,Andre Haynes,5,30,7,68331,Mumbai
5351,Janet Ryan,1,46,21,158998,Bangalore
5352,Michael Oliver,5,54,31,190970,Delhi
5353,Wesley Henry,4,22,0,44243,Hyderabad
5354,Andrew Freeman,5,27,4,59029,Bangalore
5355,Karen Stephens,3,39,16,113608,Delhi
5356,Nathaniel Baldwin,3,31,8,83312,Delhi
5357,Jordan Curry,5,49,25,135850,Hyderabad
5358,William Johnson,3,32,7,66522,Mumbai
5359,Richard Bond,4,54,32,174516,Bangalore
5360,Jason Smith,2,22,0,30000,Delhi
5361,Scott Norman,3,34,8,71250,Mumbai
5362,Jill Shaw,3,58,34,188017,Delhi
5363,Michael Price,5,41,17,126853,Chennai
5364,Martha Williams,4,22,0,35733,Bangalore
5365,Melissa Henry,2,24,1,30000,Delhi
5366,Elaine Martin,5,39,13,103412,Hyderabad
5367,Gary Rodriguez,5,62,38,207902,Chennai
5368,Ryan Gonzalez,6,35,13,96598,Chennai
5369,Mr. Reginald Roman,4,52,27,168649,Chennai
5370,Patricia Williams,2,48,24,144196,Mumbai
5371,Gerald Vega,4,38,16,111938,Chennai
5372,Crystal Wallace,2,50,28,169816,Bangalore
5373,Susan Garcia,4,57,32,187685,Hyderabad
5374,Patrick Potts,5,58,36,198443,Chennai
5375,Jessica Richardson,5,47,21,138525,Mumbai
5376,Alicia Warren,1,38,16,109084,Bangalore
5377,Madison Rodriguez,3,43,17,122232,Mumbai
5378,Douglas Grant,6,46,24,145689,Bangalore
5379,Austin Baker,4,23,0,30000,Hyderabad
5380,Heather Morales,6,43,21,132347,Bangalore
5381,Susan Hutchinson,1,26,0,42413,Bangalore
5382,Christopher Hudson,3,25,3,50581,Mumbai
5383,Jill Barajas,4,57,35,198612,Hyderabad
5384,Dennis Jones,2,27,5,54607,Mumbai
5385,Charlene Gutierrez,3,42,16,110693,Mumbai
5386,Crystal Hernandez,5,34,12,87923,Chennai
5387,Michael Smith,1,58,33,202309,Bangalore
5388,Richard Rodriguez,3,46,21,129717,Pune
5389,Lauren Smith,3,47,21,139227,Mumbai
5390,Breanna Mccall,5,60,37,200036,Hyderabad
5391,Rebecca Lopez,4,41,16,119917,Hyderabad
5392,John Garcia,2,54,30,174110,Delhi
5393,Mark Weaver,5,35,10,78995,Bangalore
5394,Brianna Martinez,2,57,33,194223,Delhi
5395,Shannon Jones,4,38,12,76514,Chennai
5396,Victoria Knight,3,42,19,115104,Mumbai
5397,Paul Franco,2,37,13,101387,Bangalore
5398,Darin Baker,1,37,13,106616,Delhi
5399,Jeffrey Harrell,1,41,16,117407,Bangalore
5400,Alyssa Powers,5,50,26,160715,Mumbai
5401,Jeanette Obrien,4,49,23,167183,Bangalore
5402,Nicole Anderson,5,29,3,57831,Hyderabad
5403,Rachel Oneal,5,45,19,120743,Hyderabad
5404,Nicole Moore,6,24,0,45597,Hyderabad
5405,Donna Mejia,5,46,23,139171,Delhi
5406,Andre Jones,6,40,15,103434,Bangalore
5407,Steven Thomas,1,54,28,160352,Bangalore
5408,Jaclyn Long,1,23,0,32908,Delhi
5409,Robert Stark,5,36,10,76964,Bangalore
5410,Joseph Murphy,1,43,21,138159,Bangalore
5411,Travis Dixon,4,31,9,76296,Hyderabad
5412,Seth Barker,6,39,15,97012,Delhi
5413,Tammy Jacobs,6,43,20,129551,Chennai
5414,Laura Harrison,5,48,26,165150,Delhi
5415,John Peterson,1,34,8,90378,Delhi
5416,Lynn King,2,54,29,160583,Delhi
5417,Devon Roberts,6,26,1,37073,Chennai
5418,Emily Bullock,5,47,23,135185,Delhi
5419,Kylie Bailey,5,34,9,83728,Mumbai
5420,Roger Holmes,4,48,26,145928,Hyderabad
5421,Dennis Coleman,3,35,10,94073,Mumbai
5422,Patricia Zamora,3,45,23,152729,Mumbai
5423,Randy Phillips,6,24,2,50944,Hyderabad
5424,Heather Daniels,4,51,28,162061,Hyderabad
5425,Robert Perkins,4,56,32,182565,Hyderabad
5426,Nathaniel Walter,4,35,9,78446,Bangalore
5427,Christine Tyler,6,33,11,95540,Chennai
5428,Catherine Holland,3,49,25,141315,Mumbai
5429,David Washington III,4,50,24,155688,Chennai
5430,Kimberly Thomas,1,64,39,214432,Bangalore
5431,Dawn Levy,5,38,14,99844,Chennai
5432,Victoria Smith,5,61,37,217189,Delhi
5433,Timothy Reilly,2,42,18,109876,Delhi
5434,William Silva,2,44,19,125678,Bangalore
5435,Keith Gonzalez,6,41,16,112769,Delhi
5436,Jeffrey Holden,6,32,8,74700,Hyderabad
5437,Karen Hughes,5,55,32,185774,Bangalore
5438,Christopher Ward,1,31,9,81753,Bangalore
5439,Amy Boone,3,31,6,63184,Mumbai
5440,Joshua Adams,3,64,41,231822,Pune
5441,Tammy Mcdaniel,6,27,2,50638,Delhi
5442,Steven Knight,1,57,33,194788,Bangalore
5443,George Weber,6,45,22,143822,Hyderabad
5444,Jeffrey Hall,3,33,7,74956,Mumbai
5445,Laura Adams,6,64,42,231682,Mumbai
5446,Sara Hernandez,4,44,22,128248,Chennai
5447,Emily Robinson,6,48,23,157557,Chennai
5448,Samantha Harris,5,58,36,217757,Delhi
5449,Tiffany Davis,6,27,1,41624,Mumbai
5450,Veronica Nelson,5,22,0,38651,Chennai
5451,Mr. Ryan Walker,1,27,4,50619,Bangalore
5452,Christopher Thompson,3,43,19,120938,Mumbai
5453,Brian Allen,2,62,39,219942,Delhi
5454,Kevin Greene,2,45,20,155059,Delhi
5455,Daniel Garcia,3,46,20,146562,Mumbai
5456,Micheal Ramos,2,36,12,105364,Delhi
5457,Janice Gilbert,6,47,22,146150,Chennai
5458,Joshua Nelson,1,29,4,50059,Bangalore
5459,Katherine Clarke,1,45,20,140894,Bangalore
5460,Erica Porter,3,59,37,186162,Delhi
5461,Sara Obrien,2,27,2,51126,Bangalore
5462,Michael Burke,6,56,34,203583,Delhi
5463,Jamie French,1,63,40,225411,Bangalore
5464,Ernest Sullivan,1,22,0,48274,Bangalore
5465,Earl Hall,4,57,32,177592,Hyderabad
5466,Julie Johnson,4,33,7,85505,Bangalore
5467,Dana Wolfe,1,59,33,193638,Bangalore
5468,Robert Price,3,32,9,90106,Pune
5469,James Henry,5,33,8,84361,Hyderabad
5470,Susan Davis,5,63,41,239812,Chennai
5471,Darryl Richardson,6,60,34,207403,Bangalore
5472,Karen Jackson DVM,1,28,4,61735,Bangalore
5473,Linda Patrick,1,32,7,82429,Bangalore
5474,Veronica Diaz,1,57,32,189443,Mumbai
5475,Ann Moon,3,52,28,173818,Mumbai
5476,Michael Williams,4,54,28,171371,Chennai
5477,Timothy Chavez,1,34,10,78913,Bangalore
5478,Scott Ramirez,1,39,16,115615,Bangalore
5479,Crystal Collins,2,62,40,224573,Bangalore
5480,Crystal Davis,3,45,23,153155,Mumbai
5481,Matthew Mueller,6,30,4,57061,Delhi
5482,Teresa Thompson,1,52,28,162914,Bangalore
5483,Teresa Jacobson,2,62,37,222444,Delhi
5484,Robert Gonzalez,5,31,6,67306,Delhi
5485,Andrea Garcia,6,23,0,30000,Mumbai
5486,Cassandra Martinez,1,59,36,216512,Bangalore
5487,Philip Cummings,1,36,13,104714,Bangalore
5488,Timothy Sanchez,2,24,0,52190,Delhi
5489,Scott Miranda,3,64,38,215672,Mumbai
5490,Alicia Wagner,1,52,29,168653,Bangalore
5491,Chad Williams,5,27,4,46307,Bangalore
5492,Carlos Hensley,1,24,2,39864,Bangalore
5493,Laura Ramirez,5,32,10,78909,Chennai
5494,Christopher Rodriguez,6,36,10,92264,Bangalore
5495,Mark Webster,6,49,26,150965,Mumbai
5496,James Smith,4,31,8,68493,Chennai
5497,Robert Byrd,4,59,35,215473,Bangalore
5498,Joshua Powell,5,28,2,30000,Chennai
5499,Tonya Harding,3,36,10,90642,Mumbai
5500,Larry Higgins,1,39,15,97576,Hyderabad
5501,Nicole Mills,1,39,15,101457,Bangalore
5502,Jonathan Porter,4,62,40,234386,Hyderabad
5503,Christine Greene,5,45,19,129672,Mumbai
5504,Edwin Munoz,1,23,0,57456,Bangalore
5505,James Brooks,1,61,37,216314,Bangalore
5506,Craig Smith,3,41,16,107162,Mumbai
5507,Mark Thomas,2,55,30,184061,Mumbai
5508,Rachel Curry,4,64,42,241439,Bangalore
5509,Elizabeth Sanchez,4,47,22,146175,Bangalore
5510,Darren Gonzales,2,28,3,50977,Bangalore
5511,Mr. John Khan,1,59,34,184871,Bangalore
5512,Jason Williams,3,51,28,165220,Mumbai
5513,Stephanie Livingston,3,63,41,241040,Pune
5514,Anthony Marshall,4,26,2,40426,Bangalore
5515,Matthew Hamilton,3,32,7,68205,Mumbai
5516,Heather Hunt,6,22,0,42946,Chennai
5517,Timothy Melton,2,55,30,184557,Delhi
5518,Harold Lee,1,22,0,30000,Bangalore
5519,Carol Gay,6,40,18,118731,Bangalore
5520,Michael Nelson,2,23,0,47455,Mumbai
5521,Daniel Meyer,5,42,19,125711,Delhi
5522,Jamie Lindsey,4,41,15,121749,Hyderabad
5523,Marc Mitchell,3,44,18,136302,Delhi
5524,Jose Martinez,5,42,19,118078,Hyderabad
5525,John Gallagher,3,45,20,130239,Delhi
5526,Richard Chandler,6,25,0,43860,Bangalore
5527,Andrea Donaldson,1,33,11,74398,Bangalore
5528,Jamie Guerrero,1,43,21,131915,Bangalore
5529,Nathan Adams,1,41,17,121669,Bangalore
5530,Thomas Davis,3,39,17,109921,Pune
5531,James Williams,5,22,0,39704,Bangalore
5532,Troy Lee,1,51,27,159498,Bangalore
5533,Jennifer Mckenzie,5,54,32,180509,Chennai
5534,Joshua Scott,3,45,22,145553,Pune
5535,April Jones,6,35,9,93044,Delhi
5536,Deborah Webb,5,57,35,193814,Chennai
5537,John Zavala,6,26,4,44109,Hyderabad
5538,Katherine Miller,3,32,9,78201,Mumbai
5539,Steven Jensen,3,45,20,136335,Mumbai
5540,Sarah Sosa,4,52,29,166734,Chennai
5541,Justin Small,3,34,12,104685,Mumbai
5542,Erin Ortega,3,37,12,93825,Pune
5543,Mary Conley,2,45,21,130265,Delhi
5544,Melanie Drake,1,34,12,106853,Bangalore
5545,Danielle Briggs,4,45,22,149732,Hyderabad
5546,Dillon Case,4,47,23,139680,Hyderabad
5547,William Esparza,4,23,0,44737,Bangalore
5548,Kevin Solis,2,37,13,93253,Mumbai
5549,Roger Peters,6,59,36,211540,Bangalore
5550,Colleen Blanchard,3,22,0,49218,Mumbai
5551,Christian Garcia,1,32,9,68829,Delhi
5552,Heidi Newton,5,56,34,190497,Chennai
5553,Gary Miller,6,64,39,217773,Delhi
5554,John Hebert,3,50,24,154724,Mumbai
5555,Erik Small,2,58,33,197486,Mumbai
5556,Robert Moore,3,38,13,98987,Mumbai
5557,Andre Pace,3,60,35,189645,Delhi
5558,David Koch,2,63,40,214351,Mumbai
5559,Tyler Chapman MD,4,49,26,151331,Hyderabad
5560,Donna Bishop,4,50,24,157079,Hyderabad
5561,Christopher Murphy,1,64,41,217739,Bangalore
5562,Bradley Miller,1,24,1,33590,Bangalore
5563,Alejandra Fernandez,4,31,8,64730,Chennai
5564,Brandon Cordova PhD,6,63,40,226930,Bangalore
5565,Wendy Smith,5,35,13,105153,Delhi
5566,Casey Terrell,3,33,7,73933,Mumbai
5567,Michael Serrano,5,63,40,240148,Hyderabad
5568,Kenneth Williams,3,51,25,158531,Mumbai
5569,Erin Williams,4,53,29,172946,Chennai
5570,Virginia Mendez,1,53,31,174426,Bangalore
5571,Cheryl Jackson,6,63,40,225823,Hyderabad
5572,Wyatt Rodriguez,1,53,31,174085,Bangalore
5573,Lisa Fox,5,47,25,144668,Hyderabad
5574,Diane Brown,1,22,0,30000,Bangalore
5575,Debbie Schneider,4,63,37,211906,Bangalore
5576,Anne Obrien,6,23,1,35699,Bangalore
5577,Amanda Phelps,5,38,13,120937,Delhi
5578,Melissa Patrick,6,51,27,165975,Hyderabad
5579,Jordan Carter,3,60,35,204643,Delhi
5580,Jennifer Roman,1,28,4,51784,Delhi
5581,William Parker,6,48,23,171223,Bangalore
5582,David Hernandez,2,30,5,54708,Delhi
5583,Bobby Matthews,1,43,21,129910,Bangalore
5584,Brian Cole,3,55,33,198093,Pune
5585,Benjamin Townsend,6,22,0,36618,Mumbai
5586,Lauren Higgins,5,30,4,48415,Delhi
5587,Bryan Newman,3,41,19,124518,Mumbai
5588,Kristen Matthews,2,40,18,125037,Delhi
5589,Christine Kennedy,6,57,34,200096,Delhi
5590,Christopher Lee,4,61,39,223589,Chennai
5591,Andre Farrell,1,25,0,56085,Bangalore
5592,Cody Jimenez,5,30,7,71272,Hyderabad
5593,Jennifer Fletcher,4,62,37,218865,Hyderabad
5594,Casey Murphy,6,43,18,103806,Chennai
5595,Jennifer Edwards,6,39,16,126324,Chennai
5596,Lacey Graves,3,33,10,83719,Delhi
5597,Richard Best,6,63,40,217255,Delhi
5598,John Mcneil,5,64,40,223838,Chennai
5599,Stephen Allen,4,60,34,204900,Chennai
5600,Tina Solomon,5,30,4,66877,Chennai
5601,Jennifer Townsend,2,27,2,47238,Delhi
5602,Michelle Mcbride,2,40,15,113911,Delhi
5603,Aaron Webb,1,28,3,50594,Delhi
5604,Kathryn Clark,1,37,15,109433,Mumbai
5605,Matthew Doyle,2,26,1,44950,Delhi
5606,Kiara Preston,6,37,14,104406,Mumbai
5607,Lisa Salazar MD,5,22,0,32512,Bangalore
5608,Rebecca Gibson,2,58,35,203929,Mumbai
5609,Kimberly Ryan,1,60,36,199987,Bangalore
5610,Amanda Cook,2,40,18,121156,Delhi
5611,Mark Conner,6,58,36,199124,Bangalore
5612,Shawn Hickman,2,38,12,88250,Delhi
5613,Lisa Hall,5,47,23,139855,Bangalore
5614,Kevin Cole,4,43,20,128535,Bangalore
5615,Matthew Williams,6,29,5,56672,Chennai
5616,Tanner King,1,54,32,188570,Bangalore
5617,Joseph Williams,5,23,0,36837,Delhi
5618,Joann Sanders,2,51,27,172416,Bangalore
5619,Tyler Lang,2,41,19,123624,Mumbai
5620,Robert Payne,4,39,16,112845,Hyderabad
5621,Jonathan Cisneros,1,64,41,243827,Bangalore
5622,Margaret Torres,1,31,9,73789,Bangalore
5623,Amber Zhang,3,45,22,137318,Pune
5624,Matthew Roberts,1,25,3,58727,Hyderabad
5625,David Hays,4,58,33,186045,Hyderabad
5626,Erin Gardner,3,25,0,49122,Pune
5627,Michael Miller,3,34,11,86004,Mumbai
5628,Theresa Smith,2,46,23,137633,Delhi
5629,Paul Scott,2,34,12,98641,Mumbai
5630,Megan Perry,1,39,16,109390,Mumbai
5631,Christina Martin,3,45,19,143694,Mumbai
5632,Timothy Collins,2,23,0,36849,Chennai
5633,Kimberly Jones,4,54,31,182491,Hyderabad
5634,Dr. Sarah Smith,2,40,17,111411,Delhi
5635,Richard Bauer,6,30,6,64425,Chennai
5636,Traci Wilson,6,49,26,156218,Mumbai
5637,Bryan Miranda,2,56,30,191451,Mumbai
5638,Julie Martinez,3,60,35,205416,Mumbai
5639,Diana Miller,3,31,7,75944,Mumbai
5640,Heather Hughes,5,22,0,35787,Delhi
5641,Tony Swanson,6,63,41,224412,Hyderabad
5642,Lisa Montes,4,42,17,121467,Bangalore
5643,Wendy Martin,3,30,8,85325,Mumbai
5644,Joseph Norris,1,36,10,78412,Bangalore
5645,William Todd,6,56,33,194655,Delhi
5646,Gerald Price,4,26,1,55272,Hyderabad
5647,Ashley Hunt,4,62,38,209481,Bangalore
5648,Christy Lee,3,43,20,137576,Mumbai
5649,Patricia Adkins,4,62,40,230385,Bangalore
5650,Willie Perez,3,44,22,128045,Mumbai
5651,Susan Snyder,2,28,4,65083,Mumbai
5652,Jasmine Day,6,44,18,119647,Mumbai
5653,Andrew Chavez,5,46,22,143670,Delhi
5654,Henry Huerta,2,48,23,154893,Chennai
5655,Mariah Perry,6,62,38,225600,Bangalore
5656,Tracy Atkins,3,27,5,46213,Delhi
5657,Ryan Wheeler,6,55,29,190408,Hyderabad
5658,Audrey Taylor,3,30,4,69943,Mumbai
5659,Zachary Swanson MD,2,54,30,186815,Bangalore
5660,Amanda Conley,1,27,2,50891,Bangalore
5661,Eric Short,1,58,36,200714,Bangalore
5662,Scott Brown,6,52,29,163834,Hyderabad
5663,Victor Taylor,1,55,29,163109,Bangalore
5664,James Hernandez,3,62,38,221156,Delhi
5665,Jason Jones,4,50,25,164511,Hyderabad
5666,Angela Parker,3,35,10,84923,Mumbai
5667,Alexander Zavala,4,57,35,195812,Bangalore
5668,Michael Kane,2,57,31,186059,Delhi
5669,Lindsey York,5,36,14,95676,Hyderabad
5670,Brandon Baker,4,29,6,64572,Hyderabad
5671,Stephen White,1,47,24,143417,Bangalore
5672,Robert Hall,3,57,34,200896,Mumbai
5673,Ryan Pierce,2,42,17,128450,Delhi
5674,Shannon Cain,1,49,23,151968,Bangalore
5675,Laura Vaughn,2,25,3,48456,Delhi
5676,Juan Evans,5,37,15,113413,Chennai
5677,Nicole Williams,3,43,20,130351,Mumbai
5678,Jennifer Barrett,6,33,7,80358,Bangalore
5679,Anthony Jones,3,37,11,86410,Delhi
5680,Leah Rodriguez,5,61,37,207246,Hyderabad
5681,John Ward,3,59,33,186989,Mumbai
5682,Deborah Garza,6,63,37,209976,Hyderabad
5683,Rebecca Miller,4,58,36,212051,Hyderabad
5684,Matthew Carroll,2,50,24,145626,Delhi
5685,Lynn Smith,6,39,13,82463,Chennai
5686,Michael Jackson,1,31,9,73983,Bangalore
5687,Sharon Hicks,5,63,37,204310,Mumbai
5688,Abigail Mills MD,4,60,38,209564,Bangalore
5689,Paula Lopez,1,39,15,124754,Bangalore
5690,Amy Clark,1,22,0,30000,Bangalore
5691,Cheryl Rose,5,60,38,218668,Mumbai
5692,Jared Garza,4,42,20,128358,Bangalore
5693,Donna Wright,1,22,0,37979,Bangalore
5694,Belinda Fisher,1,36,14,96725,Delhi
5695,Kathleen Levine,4,25,2,54890,Bangalore
5696,Corey King,3,41,18,124214,Mumbai
5697,Cody Davidson,1,31,7,73937,Bangalore
5698,Michael Anderson,2,44,22,139191,Delhi
5699,Zachary Mcgee,4,62,36,219047,Bangalore
5700,Melinda Anderson,1,55,29,180581,Bangalore
5701,Tyler Andrews,5,54,29,177867,Bangalore
5702,Michelle Greer,6,55,31,188321,Bangalore
5703,Brian Clark,2,60,34,185520,Delhi
5704,Nathaniel Floyd,6,31,6,68302,Chennai
5705,Erika Jenkins,6,41,15,109787,Mumbai
5706,Melanie Ramos,1,22,0,44348,Bangalore
5707,Mark Clark,2,34,11,82291,Delhi
5708,Sergio Hodge,2,22,0,36608,Mumbai
5709,Katherine Avery,3,26,0,55190,Mumbai
5710,David Hamilton,6,37,13,98294,Chennai
5711,Richard Bass,2,36,14,90157,Delhi
5712,Kelly Harris,3,49,25,172291,Pune
5713,Dustin Campbell,4,52,28,163275,Hyderabad
5714,Randy Kennedy,3,44,22,130081,Mumbai
5715,Ana Gibson,5,64,41,220897,Chennai
5716,Danny Harris,1,38,15,112521,Bangalore
5717,Sara Stuart,4,55,33,200482,Hyderabad
5718,John Kim,4,34,9,94983,Hyderabad
5719,Richard Brewer,5,35,11,89222,Mumbai
5720,William Arnold,3,32,6,60105,Delhi
5721,Brianna Adams,1,49,26,153840,Bangalore
5722,David Garcia,3,63,37,213968,Delhi
5723,Kelli Collins,2,53,31,180530,Mumbai
5724,Arthur Krueger,3,56,30,191266,Mumbai
5725,Steven King,4,52,26,151459,Hyderabad
5726,Tyler Velazquez,1,38,14,94276,Bangalore
5727,Laura Middleton,3,30,8,70121,Mumbai
5728,Lori Madden,1,31,5,66253,Bangalore
5729,Tyler Murphy,1,29,6,60858,Bangalore
5730,Kristen Bradley,2,42,20,124807,Delhi
5731,Corey Rodriguez,2,34,11,97289,Delhi
5732,Phillip King,4,26,1,47075,Bangalore
5733,Laurie Fuller,5,27,1,36622,Bangalore
5734,Toni Cunningham,1,51,29,167222,Hyderabad
5735,James Weber,5,52,29,176634,Hyderabad
5736,Erika Hodge,4,38,12,86111,Bangalore
5737,Peter Patel,1,32,8,79085,Bangalore
5738,Jeffrey Hart DDS,1,41,18,118049,Bangalore
5739,Steven Hall,6,30,7,72002,Bangalore
5740,Christine Gutierrez,5,23,0,37158,Bangalore
5741,Angel Becker DVM,3,58,34,188261,Mumbai
5742,Chad Rojas,2,22,0,30000,Mumbai
5743,Brent Scott,3,25,1,53679,Mumbai
5744,Jennifer Esparza,5,57,34,214970,Delhi
5745,Stacy Orozco,2,46,21,123322,Delhi
5746,Thomas Carr,3,24,0,45744,Mumbai
5747,David George,6,30,6,67964,Chennai
5748,Teresa Allen,2,43,20,146858,Delhi
5749,Donald Jackson,1,44,22,133931,Bangalore
5750,Monica Howe,3,33,9,86886,Delhi
5751,Willie Flynn PhD,2,31,7,67878,Delhi
5752,Jonathan Perez,6,55,29,186351,Bangalore
5753,April Horton,2,64,40,243890,Delhi
5754,Nicole Hawkins,2,31,7,72004,Mumbai
5755,Patrick Hooper,6,51,25,148188,Hyderabad
5756,Mary Lee,3,43,17,131010,Delhi
5757,Cynthia Williams,4,27,2,52523,Chennai
5758,Ronald Gonzalez,3,23,0,39224,Pune
5759,Antonio Cole,5,51,28,180465,Hyderabad
5760,Amanda Swanson,6,23,0,30000,Delhi
5761,Holly Sherman,3,53,30,171470,Pune
5762,Sandy Reynolds,2,63,39,225454,Delhi
5763,Sandra Moore,6,37,12,89092,Bangalore
5764,Christopher Johnson,1,33,8,73671,Bangalore
5765,Ryan Fisher,3,22,0,45198,Mumbai
5766,Christopher Jones,6,29,7,71363,Chennai
5767,Jeffrey Lyons,3,34,11,78469,Mumbai
5768,Miguel Reeves,6,36,14,104064,Chennai
5769,Kiara Santana,2,29,4,67312,Chennai
5770,Tonya Richards,1,31,9,78672,Bangalore
5771,Jesse Poole,1,26,2,53774,Bangalore
5772,Mary Lewis,5,40,14,101463,Bangalore
5773,Christopher Copeland,6,59,37,210979,Chennai
5774,Ethan Obrien,3,32,6,55385,Mumbai
5775,Rebecca Houston,1,64,40,230437,Bangalore
5776,Edward Barton,1,41,15,113181,Bangalore
5777,Brandon Perkins,4,41,17,106977,Hyderabad
5778,Beth Brown,4,42,16,127167,Chennai
5779,Kim Vincent,1,39,13,105469,Bangalore
5780,Jennifer Banks,6,31,8,68258,Mumbai
5781,Ruth Brown,5,55,33,195349,Delhi
5782,Shawn Lindsey,1,47,21,130624,Bangalore
5783,Anthony Garrison,2,51,26,154030,Mumbai
5784,Angela Ryan,3,30,7,61266,Mumbai
5785,Joseph Davis,5,52,30,167935,Mumbai
5786,Joshua Clayton,2,63,40,227700,Delhi
5787,John Massey,5,25,3,49856,Mumbai
5788,Richard Hale,2,27,3,57485,Delhi
5789,Charles Ramos,3,35,9,59542,Mumbai
5790,Mark Miller,3,25,0,35467,Pune
5791,Julia Maldonado,4,47,24,145980,Bangalore
5792,Gail Johnson MD,6,60,37,210521,Chennai
5793,Maurice Johnson,2,38,15,106914,Delhi
5794,Amanda Morris,4,40,17,117924,Bangalore
5795,Rhonda Willis,2,27,1,45210,Delhi
5796,Connor Benton,4,50,28,162929,Hyderabad
5797,Richard Ryan,3,32,6,64803,Delhi
5798,Richard Goodman,5,37,13,98077,Bangalore
5799,Michelle Mcneil,4,51,25,161337,Hyderabad
5800,Michael Norton,2,46,20,134480,Delhi
5801,Donna Carter,2,61,37,205018,Delhi
5802,Joshua Hernandez,6,32,6,61294,Bangalore
5803,Kimberly Mitchell,3,28,6,67279,Mumbai
5804,Patricia Hernandez,2,47,22,148059,Delhi
5805,Donna Howell,1,43,19,135268,Bangalore
5806,James Williams,5,46,23,140372,Mumbai
5807,Alexander Greene,4,40,18,104578,Bangalore
5808,Dean Sanchez,6,52,27,168553,Chennai
5809,Glenn Ward,5,47,25,146774,Hyderabad
5810,Kendra Sullivan,3,63,41,226873,Mumbai
5811,Cynthia Hernandez,6,62,39,220685,Hyderabad
5812,Darren Morris,4,57,32,193429,Hyderabad
5813,Holly Underwood,4,44,22,145545,Bangalore
5814,Jaime Williams,1,34,11,97257,Hyderabad
5815,Lori Brown,3,46,22,151354,Delhi
5816,Jason Chase,6,23,0,37032,Bangalore
5817,Lisa Buchanan,6,23,0,30000,Chennai
5818,Marcus Fields,2,37,14,97123,Mumbai
5819,Tammy Lopez,1,30,7,80365,Bangalore
5820,Derek Williams,1,49,26,159590,Bangalore
5821,James Davenport,6,34,12,108826,Mumbai
5822,Justin Moreno,6,56,31,181268,Bangalore
5823,Mario Green,5,62,39,238002,Hyderabad
5824,Cassandra Fry,5,34,11,87887,Bangalore
5825,Dr. Jose Gray DDS,5,52,26,158641,Hyderabad
5826,Amy Adams,1,42,16,109306,Bangalore
5827,Austin Horton,2,53,29,178978,Delhi
5828,Elizabeth Jackson,4,55,31,171795,Hyderabad
5829,Maureen Cross,5,29,3,49501,Delhi
5830,Christopher Sanchez,2,62,37,212079,Delhi
5831,Mitchell Richardson,3,23,0,30000,Mumbai
5832,Kelsey Lewis,5,59,34,197620,Mumbai
5833,Richard Miller,4,53,27,180463,Hyderabad
5834,Samantha Carter,3,61,37,214755,Pune
5835,Mrs. Heather Christensen,3,49,26,153135,Mumbai
5836,Sharon Williams,4,58,32,186376,Chennai
5837,Daryl Lowe,5,62,38,218697,Chennai
5838,Michael Carter,1,22,0,30914,Bangalore
5839,Susan Johnson,4,62,37,216248,Hyderabad
5840,James Jenkins,4,31,7,65988,Hyderabad
5841,Dylan Johnston,4,25,0,30405,Bangalore
5842,Kathy Hull,3,56,32,197246,Delhi
5843,Monica Richardson,2,31,7,75972,Delhi
5844,Kathryn White,1,32,7,56392,Bangalore
5845,Mrs. Valerie Owens,5,35,13,93405,Chennai
5846,Amy Watts,5,59,36,213743,Hyderabad
5847,Michael Brown,2,33,7,71370,Delhi
5848,Cynthia Hendricks,4,38,15,102055,Hyderabad
5849,Phillip Kelly,1,37,11,89479,Bangalore
5850,Deanna Edwards,5,56,30,181687,Bangalore
5851,Jennifer Walker,6,23,0,34762,Hyderabad
5852,Brian Davis,5,32,8,74338,Mumbai
5853,Kelsey Griffith,4,62,37,211300,Bangalore
5854,Kimberly Obrien,6,24,2,36611,Delhi
5855,Kevin Mccoy,2,50,28,158398,Delhi
5856,Daniel Sullivan,1,39,17,106180,Bangalore
5857,Darius Khan,2,41,18,121531,Delhi
5858,Miranda Huber,2,35,12,97262,Mumbai
5859,Lisa Wagner,1,55,31,175569,Mumbai
5860,Erin Price,1,52,30,163999,Bangalore
5861,Jonathan Russell,5,61,37,204329,Delhi
5862,Sharon Snow,5,63,41,238919,Chennai
5863,Cody Hoover,1,39,16,108895,Bangalore
5864,Alyssa Rodriguez PhD,6,51,26,159087,Chennai
5865,Carl Harper,3,46,21,130918,Mumbai
5866,Dana Bennett,5,40,15,113673,Mumbai
5867,Michael Baker,3,29,4,56413,Mumbai
5868,William Wilson,6,49,23,142086,Chennai
5869,Jennifer Smith,1,29,7,59652,Bangalore
5870,Cindy Richardson,6,52,27,168522,Hyderabad
5871,Brandi Brown,5,24,0,39511,Chennai
5872,Benjamin Martinez,2,24,0,30000,Delhi
5873,Patricia Mitchell,1,43,17,129519,Bangalore
5874,Courtney Sanders,4,38,14,98064,Bangalore
5875,Ryan Willis,3,57,33,174701,Delhi
5876,Jennifer Jackson,6,38,12,108429,Hyderabad
5877,Teresa Obrien,1,35,10,84779,Bangalore
5878,Angel Hayes,6,30,8,76075,Mumbai
5879,Jason Davis,1,51,28,181178,Bangalore
5880,Melissa Mathews,5,42,18,113979,Mumbai
5881,Joseph Russell,5,33,8,80034,Hyderabad
5882,Sandra Mccoy,5,58,33,203102,Mumbai
5883,Gail Vasquez,6,53,30,169723,Mumbai
5884,Jeffrey Gibbs,4,32,9,90185,Hyderabad
5885,Michael Wilson,5,41,16,102526,Hyderabad
5886,Richard Smith,1,56,33,190537,Bangalore
5887,Corey Mooney,5,32,7,62897,Mumbai
5888,Christina Myers,2,29,6,69966,Delhi
5889,Anita Pitts,5,25,2,37876,Chennai
5890,Christian Bryant,6,48,23,141761,Chennai
5891,Patrick Garcia,4,61,35,197268,Chennai
5892,Daniel Merritt,2,59,34,188784,Delhi
5893,Robert Hicks,6,51,29,165164,Bangalore
5894,Kenneth Washington,6,48,25,153337,Hyderabad
5895,Jessica Hoffman,6,42,18,121198,Chennai
5896,Lisa Riggs,1,41,18,119068,Bangalore
5897,Donna Mccarty,6,25,3,43767,Hyderabad
5898,Eric Spencer,1,32,8,72151,Bangalore
5899,Victoria Deleon,6,34,10,71715,Bangalore
5900,David Roy,3,30,5,56508,Delhi
5901,Nancy Rice,2,25,0,36825,Mumbai
5902,Daniel Brewer,3,33,8,78554,Mumbai
5903,Becky Garcia,6,30,6,66978,Mumbai
5904,Michael Smith,2,34,10,74576,Mumbai
5905,Katie Kaiser,2,47,21,141922,Mumbai
5906,Amy Roberts,4,59,36,206378,Hyderabad
5907,Taylor Espinoza,3,63,37,225221,Mumbai
5908,David Aguirre,4,34,9,68944,Hyderabad
5909,Kyle Armstrong,2,60,37,209008,Mumbai
5910,Jennifer Weber,1,49,24,159650,Bangalore
5911,Sheila Douglas,2,40,14,103228,Delhi
5912,Maria Malone,4,45,22,132292,Chennai
5913,Megan Juarez,3,40,14,99071,Mumbai
5914,Ann Boyd,6,34,12,97678,Bangalore
5915,Richard Riley,6,34,10,72015,Mumbai
5916,Laura Thomas,3,49,26,155734,Mumbai
5917,Elizabeth Barton,6,23,0,30000,Delhi
5918,Laura Sparks,6,31,9,70892,Bangalore
5919,Tiffany Zamora,4,43,20,133732,Chennai
5920,Ryan Roman,3,34,10,81237,Mumbai
5921,Richard Parsons,5,30,6,67464,Chennai
5922,Justin Yu,1,54,31,171963,Mumbai
5923,Marcus Johnson,1,35,11,95739,Bangalore
5924,Brittney Bowman,6,41,17,119001,Bangalore
5925,Jason Snow,1,36,13,107204,Bangalore
5926,Carrie Lewis,3,53,29,170444,Pune
5927,Wendy Perez,3,54,30,181996,Mumbai
5928,Erika Bates,2,38,13,105967,Delhi
5929,Marie Roach,2,45,20,136039,Chennai
5930,Mary Hoffman,1,51,29,184882,Bangalore
5931,Robert Mitchell,5,34,9,67594,Bangalore
5932,Gregory Russell,2,37,12,96397,Bangalore
5933,Vicki Barrera,2,23,1,36453,Delhi
5934,Jessica Johnson,3,38,14,99378,Pune
5935,Rachel Sullivan,5,53,29,185648,Chennai
5936,Kimberly Thomas,6,64,39,216938,Bangalore
5937,Anna Pierce,1,29,7,74722,Bangalore
5938,Haley Mccoy,2,24,0,30000,Delhi
5939,Claire Hoffman,5,33,7,80856,Hyderabad
5940,Annette Rivas,5,41,18,120620,Chennai
5941,Pamela Aguirre,1,37,14,99737,Bangalore
5942,George Bradshaw,5,35,12,80305,Chennai
5943,Ryan Waters,5,37,12,92754,Delhi
5944,Chase Matthews,5,64,41,223405,Hyderabad
5945,Sarah Nelson,2,54,31,195881,Delhi
5946,Sarah Wall,1,51,25,157713,Bangalore
5947,Paul Smith,5,33,9,74928,Hyderabad
5948,Kayla Burke,5,36,10,81689,Bangalore
5949,Jean Murillo,2,39,14,93520,Chennai
5950,William Hughes,1,49,26,170578,Bangalore
5951,Brad Lee,3,44,20,141450,Pune
5952,Samantha Morrow,2,35,12,92064,Mumbai
5953,Tony Brooks,1,51,28,185234,Bangalore
5954,Matthew Miller,5,54,29,174795,Chennai
5955,Angel Rojas,1,36,13,106071,Bangalore
5956,Jason Thompson,1,28,6,67729,Bangalore
5957,Christina Aguilar,6,36,12,89204,Bangalore
5958,Jason Thomas,1,63,39,222158,Bangalore
5959,Connie Ramirez,3,59,37,211881,Pune
5960,Jon Ramos,1,32,7,61065,Bangalore
5961,Christopher Klein,3,50,27,165403,Mumbai
5962,Charles Powell,5,52,29,181627,Delhi
5963,Megan Carlson,3,46,22,135267,Pune
5964,Justin Davis,5,45,20,130916,Hyderabad
5965,Molly Mckenzie,5,40,15,100223,Delhi
5966,Tammy Hendrix,3,23,0,32337,Pune
5967,Tara Jones,2,43,20,126958,Bangalore
5968,Alison Zuniga,4,41,16,126425,Chennai
5969,Deborah Waller,1,54,32,182862,Bangalore
5970,Jesse Davis,6,29,3,49657,Hyderabad
5971,Timothy Howard,4,46,21,136548,Bangalore
5972,Christina Moon,1,30,4,44938,Bangalore
5973,John Ho,1,55,32,167730,Bangalore
5974,Daniel Ferrell,5,44,19,116843,Mumbai
5975,Megan Miller,1,26,2,49392,Bangalore
5976,James Robinson,6,46,23,144278,Delhi
5977,Roger Petty,1,29,7,74852,Bangalore
5978,John Payne,3,37,15,93337,Mumbai
5979,Jamie Lee,4,36,10,85167,Hyderabad
5980,Steven Gardner,3,22,0,30000,Pune
5981,Kevin Barber,6,43,19,128838,Bangalore
5982,Kenneth Williams,1,24,0,30000,Bangalore
5983,Elizabeth Williams,6,59,37,206953,Mumbai
5984,Jessica Mitchell,5,35,10,87251,Hyderabad
5985,Jesse Fleming,3,57,35,196370,Delhi
5986,Jennifer Ferguson,3,39,17,96804,Delhi
5987,Susan Figueroa,2,62,38,229298,Delhi
5988,Mr. Thomas Jones PhD,1,39,13,96920,Bangalore
5989,Sherry Shannon,5,24,0,30000,Bangalore
5990,Samantha Garcia,3,31,7,76389,Mumbai
5991,Joseph Beltran,3,60,36,212988,Delhi
5992,Joshua Navarro,5,22,0,32582,Bangalore
5993,Nicholas Obrien II,6,48,23,158989,Chennai
5994,Ronald Baxter,6,48,26,151274,Chennai
5995,Sherri Charles,1,32,9,79905,Bangalore
5996,Michael Flores,2,26,2,50886,Mumbai
5997,Darryl Christensen,3,28,4,68311,Pune
5998,Allison Floyd,2,40,17,100553,Delhi
5999,Michelle Patterson,6,50,26,177934,Hyderabad
6000,Wendy Chavez,6,36,12,103190,Hyderabad
